Scheme,RunLabel,Parameter,Prompt,No Watermarked Response,Watermarked Response,PPL (No Watermarked),PPL (Watermarked),Log Div (No Watermarked),Log Div (Watermarked)
Undetectable,undetectable_lam2.0,lambda=2.0,"The woman who died after falling from a bridge over the A21 has been identified as a Sevenoaks mum.
Marta Kendle, 37",", lost her battle with injuries on the M2A5 Bridge at Longbridge on July 24 after the car she was in fell off a height of around eight metres.
She was a mother of two, as well as a nurse, and lived in the village of Selsdon with her children, William, 12, and Ava, 5.
She was travelling to work when the accident happened and she died at Kent and Medway NHS Trust hospital in Swanscombe on Thursday, a spokesman said.
Fellow nurse and friend, who wished to remain anonymous, said: ""It's a tragic thing that has happened. She was such a lovely, kind, generous soul who would go out of her way to help people.
",", was found unresponsive next to the A21 bridge in junction 1E after she lost her balance at around 12.30pm on Tuesday, August 12.
Her sudden death has left her family and friends in shock.
In hospital, Marta's fiancee told her fellow air ambulance staff that he was also on his way to be by her side when her condition began to deteriorate.
He said: ""Marta was such a sweet, caring, and loving person. I've known her since we were teenagers. I've lost three young people in my life and her death has been another one in the same family, which breaks my heart.
""I lost my partner for 10 hours that afternoon.""
Sharon Blackstock",9.31,13.77,0.913,0.931
Undetectable,undetectable_lam2.0,lambda=2.0,"messaging system designed as a plugin-based system.
Doubtless the kopete people would disagree with me here, but I'd say"," they're on pretty solid ground.
It all comes down to a combination of good marketing and good development:
Good marketing, because, really, there's just one kind of ""software"" that's ever sold — software that provides benefits, which means it needs to be marketed as benefits, not features.
Great development.
Posted in Software
Tagged with marketing, OpenMRS
Posted on 24 October, 2011 by Peter
I've been invited to join the steering committee for this new blog by the person in charge of OpenMRS — Jim Kim, the MD.
We'll probably meet online and then, if we're all still on board, we'll eventually meet at the ODI to discuss things.
It sounds",", for the most part, there's always a reason behind why we do things the way we do. And when it comes to instilling concepts of duty and strategy in a message, it's easy to be nearsighted and lose sight of all this.
In these days of writing-by-emails, I hope that people who write such web-form texts to parrot messages would at least give it a thought before sending it to everyone. Give it some thought. Think. How can you get your message to stick? That might be the challenge of the century.
Source: http://www.breakingnews.co.kr/news/2001/oct/13/042/125811
We need to go back",12.77,16.75,0.915,0.929
Undetectable,undetectable_lam2.0,lambda=2.0,"CHARLES H. MEISNER, one of the prosperous and highly-esteemed business men of Birnamwood, Shawano county, was born"," here, on the twenty-ninth day of January, 1833. He lived here until he was five years old, when he was moved to Oshkosh, and was educated there until the age of fifteen. He was then removed to Milwaukee, and was educated there for two years, at a school in the village of Menomonee Falls, and two years at a private school in Waukesha. In October 1847, he was sent to New York City, to study bookkeeping in the office of a respected member of the mercantile firm of H. E. and W. A. Leffingwell. He remained in New York for about a year and a half, while finishing his course, and then"," at Chicago, Illinois, October 23, 1863, and died September 24, 1925, in that city.

Education and business
He graduated from the University of Chicago at age fifteen, obtained an LL.B. degree at the law school of the same university in 1885, was admitted to the bar the same year, and began to practice in Chicago. He remained there until 1891, at which time he removed to Chicago, where he became a well-known criminal lawyer and was successfully managed a large practice. He became interested in railroads, and, in 1894, became vice-president of the Chicago and North Western Transportation Company, a position he held until his retirement. He was at one time president of a large canning",5.68,5.81,0.887,0.882
Undetectable,undetectable_lam2.0,lambda=2.0,"EVER WONDER WHY SOME PEOPLE CAN WORK NIGHTS AND SLEEP EASILY DURING THE DAY?
A new study from"," the University of Massachusetts Medical School (UMMS), published in the journal Current Biology, reveals that a molecule known as the protein arginine vasopressin (AVP), also known as the ""bedtime"" hormone, can suppress sleep and promote wakefulness. Scientists previously believed that it was the opposite: that AVP was primarily a wake-promoting hormone.
""We discovered that AVP acts on neurons in the brain to suppress sleep,"" said lead author Paul Kelley, PhD, senior lecturer at UMMS. ""AVP and its receptor are concentrated in a brain region that is responsible for sleep, and when it was activated, sleep was suppressed.""
The researchers found that in the brain, AVP and its receptors are primarily"," the Washington University School of Medicine in St. Louis shows there may be biological reasons for day-time sleepiness, and it has everything to do with the circadian rhythms that govern the body.
Researchers say it's a complicated area and study results are still incomplete, but the findings can suggest ways for treating sleep disorders and disorders of circadian rhythm, particularly in people with conditions such as bipolar disorder, depression, schizophrenia, stroke or dementia, according to a press release.
""Daytime sleepiness for the general population affects roughly 20 percent of the population, but those who work in shift work or sleep disorders or circadian rhythm problems may be up to 40 percent of the population,"" said Kristen Knutson, PhD, associate professor of neurology and director",5.25,7.77,0.905,0.913
Undetectable,undetectable_lam2.0,lambda=2.0,"Conduct effective product control and valuation control of treasury products and derivatives in banking book.
Duties include daily P&L reporting and analysis, balance"," sheet analysis, and treasury operations management. In addition, they review and approve treasury transactions and are responsible for maintaining treasury and bank relationship.
Treasury managers are also responsible for ensuring that proper cash flow management procedures are in place. They work with customers to ensure that funds are available when needed.
Treasury managers need a bachelor's degree and must meet regulatory and compliance standards.
Financial advisors help individuals and corporations manage their money, including investments, insurance, mortgages and other financial products. Their advice is intended to increase the financial well-being of their clients.
Financial advisors must be able to understand and explain financial products to clients. They also must have excellent communication skills so that they can effectively explain how to use financial products to meet their clients"," sheet analysis, ratio reporting, documentation management, product control compliance and execution, documentation authorization and approval, reporting production compliance.
Requirement: A Bachelor's degree in Financial Risk Management, Financial Analytic or related major and CFA.
Minimum experience: 5 years in the industry.
Expect to earn a salary between $86,000 and $110,000.
Treasury Structuring Controller / Associate
Treasury Structuring Controllers/ Associates work in the financial institution's management team at which their job scope is to deal with prospecting, constructing, negotiating and supervising the structural, legal and governmental compliance and benefits of different banking transactions.
Scope of work: Day to day functions are performed with the inclusion of drafting documents,",6.28,21.67,0.902,0.915
Undetectable,undetectable_lam2.0,lambda=2.0,Stayed here about four years ago and they helped me out this weekend. Thankfully Citadines had a double apartment room for our stay. Usual," staff at Citadines, very helpful and clean. Thanks again Citadines.
My daughter and I stayed a week at Citadines recently. The staff and accommodation was great – we'd recommend it very highly to other families going on holiday in Dubai!
This is the best accommodation I have stayed at for over a decade and I will recommend it to anyone I meet."," rental price is 120 RM per person, but we got a room for 200 RM only. Oh! and that is if a group of four men just chillin. Please just remember that we aren’t penguins and don’t eat baby seals but we do like to eat red meat and even beans or rice. Lazy… huh? Yup, we aren’t robots at this point. It was too windy but we did manage to go to Fort Bukit Timah Park – my favorite in Singapore (part of the public utilities I absolutely love). The directions given wasn’t too clear to the rest of my team. They decided to just stick together for the rest of the day and keep the dogs and",11.92,28.39,0.905,0.925
Undetectable,undetectable_lam2.0,lambda=2.0,"It’s the end of the world,” said the caterpillar.
“It’s the beginning of the world,","” said the butterfly.
The caterpillar was right. The world as we know it will be altered. A lot of people will experience hardships that have never been experienced before. But, we also have a chance to rebuild the world that we want to see.
If the world is to be a better place, we need to build our world differently. To do this, we need to create a world that supports our individual wellbeing and the wellbeing of all people. Here are 5 ways to do this.
First, we need to focus on education. Education is the foundation for understanding the world around us. Without a good education, we will never truly understand how to work together to create a better world.
Second, we need to","” said the butterfly.
This small anecdote, often repeated, portrays the process of growth and maturation as one in which we evolve from a caterpillar into a butterfly, where we are initially focused on destructive and negative issues, before blossoming into something much more beautiful.
Well, it might not always be so: Matthew Gray at ASX’s Sacrificial Cod blog found the alleged caterpillar-to-butterfly reference in the “tattoo culture” of 21st-century Americans.
The tattoo culture in America has been one of great toxicity for decades. Black, gang-related symbols, references to rape, torture, suicide, murder, sexual violence and more are commonplace. They are,",6.08,17.48,0.877,0.933
Undetectable,undetectable_lam2.0,lambda=2.0,"Fasnet 2015: Spindrift & Prince de Bretagne, ""Neck to neck""
Spindrift reports that After 48 hours of"," riding the race was neck and neck, with both riders struggling to cover the mountainous course.
Spindrift and Prince de Bretagne are riding a close gap, however in a last-ditch move in the penultimate climb, Spindrift dropped his chum but then had to give way to another rider in a move that left him in danger of colliding with other competitors.
Spindrift finished fifth and Prince de Bretagne, who dropped out just before the finish line, finished sixth.
RIDE ON! (2016): Mere Morte & Vrijman de Nood, ""A little bit of luck""
Mere Morte was the only Dutch rider at the 2015 Paris–Nice race and it was"," concentrated pressure on an open wound, it is appearing to be ""like a slow spin in an aircraft carrier"" that is stopping the bleeding. With proper dosing and usage the DEA would likely go ahead and put a moving target on the foot of the DEA's opioid prevention effort.
Spindrift
Re: After 48 hours of concentrated pressure on an open wound, it is appearing to be ""like a slow spin in an aircraft carrier"" that is stopping the bleeding. With proper dosing and usage the DEA would likely go ahead and put a moving target on the foot of the DEA's opioid prevention effort.
Methsues
Colorado U.S. Attorney General, Ken Buck, made a bizarre statement last weekend denying that his district",16.73,11.76,0.921,0.859
Undetectable,undetectable_lam2.0,lambda=2.0,"As the nation’s largest no-reserve internet auction firm specializing in construction and agricultural equipment, Purple Wave is focused on transforming the way in"," which rural infrastructure is financed, developed, owned and serviced.
Purple Wave is dedicated to serving contractors in rural areas who are unable to access conventional lending products and markets. As an experienced leader in no-reserve equipment auctions, we leverage technology to help contractors access new opportunities that match their specific needs, allowing them to obtain the equipment they require to complete their projects.
Purple Wave provides contractors with direct access to auction sites where equipment is available, allowing them to find what they need in one place. This service gives contractors the advantage of avoiding overpriced, over-market equipment and making sure that their projects are completed on time and within budget.
Purple Wave’s commitment to excellence and the satisfaction of its customers is"," which used equipment gets resale, turning the process into a digital experience to make it easier for buyers to get the best deal.
As Jeremy Piddington, Director of Digital Marketing at Purple Wave, said: “While auctions are changing, the process of buying and selling used equipment will not. The auction format has remained constant for decades, based on what worked best for buyers and sellers in the past. The difference now is that we have a smarter digital platform than ever before that’s driving much better outcomes in auctions, thanks to tools like machine history and red flags, with the ability to instantly run deals through our state-of-the-art multi-currency auction system.
.
For the original version on PRWeb",11.63,15.92,0.909,0.936
Undetectable,undetectable_lam2.0,lambda=2.0,"Stretch Therapy (ST) is a comprehensive system that includes stretching, fascia remodelling, strengthening, neural re-patterning, and relaxation. We"," are all born with an efficient and balanced fascial system. Yet due to lifestyle and environmental factors, this system can become unbalanced and less efficient.
Stretching is not just about extending and lengthening tight muscles. It is a whole process that is designed to reestablish an ideal balance, mobility, elasticity, and function for the muscles. In addition to relieving tight muscles, stretching can also help with range of motion, posture, gait, sports performance and the pain associated with them.
Fascia is the soft connective tissue that surrounds and supports every muscle in our body. The myofascial system is the body’s support framework and is involved in every physical activity we undertake. It is often"," think of it as “Bodywork for the 21st Century”.
Using the latest research in rehabilitation sciences, ST is specifically tailored to your needs. Sessions include specific protocols for you to do at home with us when you come in for your next session.
Benefits of ST
- May improve range of motion
- May promote injury healing
- May relieve tension
- May reduce muscle tightness
- May improve mobility
- May relieve pain
- May reduce fatigue
- May enhance physical performance
- May restore function
- May improve posture
- May increase flexibility
Stretching helps stretch fascia so that your nerves, blood vessels, and organs can move smoothly through your fascia. In turn, this",7.35,7.76,0.921,0.905
Undetectable,undetectable_lam2.0,lambda=2.0,"The sport of Bocce Ball is alive and well in Holliston.
""Throwing balls toward a target is the oldest game known to mankind",","" said Peter H. Schar, executive director of the Bocce Federation of America. The Bocce Federation is the national governing body for Bocce. The sport was brought to America by Italian immigrants in the late 19th century. A similar game was brought to the United States by the British in the 17th century. The earliest known games of Bocce were played in the United States as early as the early 1800s. The first Bocce Ball Club in North America was founded in Montreal in 1867.
The National Bocce Championship is played in Florida and has been held there each year since 1964. This year's tournament is scheduled to be held June 29 through July 1 at the University of West Florida.",", and it is still popular today. All ages play!"" Lesieur noted.
Westfield High School Bocce has made a big impact on Holliston's youth, as it helps increase participation in school sports and brings more kids out to play.
The level of organization in Westfield High School Bocce is no small feat for Holliston, Massachusetts, according to Nickles.
Holliston Mayor Michael Bonaguro has been impressed with the organization Westfield High School Bocce has taken in forming the program.
The Lord of the Rings and all things Tolkien (Luke McElhatton)
Written and directed by Andrew Lane West Hartford High School's student film group Progym decided to play a little joke",5.21,18.85,0.889,0.919
Undetectable,undetectable_lam2.0,lambda=2.0,"A month ago, India had commissioned world’s first 100 percent solar-powered airport in Cochin. Recently, India’s greenest"," city, Thiruvananthapuram, achieved its goal of cutting dependency on power from thermal power plants by 45 percent in the last seven years.
However, a major question remained unanswered: Why were solar panels and windmills not installed in most Indian homes? As of now, only one or two percent of our country’s population resides in households that are powered by solar energy, which can be attributed to a lack of access to solar panels. This brings us to our first template.

Person A: Did you hear about the solar-powered airport in Cochin?
Person B: Yes, I did. It's amazing how they managed to power the entire airport using solar energy.
Person C: I think"," city, Allahabad, connected to its grid a 100 percent mini solar park of 60 megawatts, serving 5,000 homes. India is marching headlong into the renewable revolution. We have what is required and the real challenge is capitalizing on opportunities, which is under way.
Energy is our biggest development challenge
So, with the sun, wind, geothermal, tidal, biomass and waste materials, we have the renewable options to boost our energy efficiency. India is a country rich in energy, minerals, biodiversity and natural resources, yet we are unable to harness this fully. The World Bank estimates that we under-utilize our indigenous energy resources, to the tune of Rs 5,64,000 crore annually. India has not fully tapped",5.91,16.77,0.931,0.911
Undetectable,undetectable_lam2.0,lambda=2.0,"Stately palm trees reach to the blue sky.
The city of Split, and majestic mountains, far off in the distance.
Looking up from"," the city to the sky.
Cultures throughout the Mediterranean.
The water in the city is so clear.
With its green valleys and the sparkling water of the Adriatic Sea.
The beautiful Mediterranean coastline.
Dotted with the green mountains of Dalmatia.
A great mountain near the town of Trogir.
Stands tall above the city of Split.
The town of Trogir.
The small town of Paljatica on a hilltop.
The great mountain of the Plitvice Lakes National Park.
The famous town of Trogir.
The mountain on the outskirts of Split.
A great mountain in Dalmatia.
A beautiful mountain overlooking Split.
Mount Ris"," the open palm-thatched huts, I feel at peace with nature and with myself.
This experience is unforgettable, and as I see it the Beli Kelenjage has given me the gift of serenity, peace, good health and happiness.
Traveling all around Croatia and holidaying in different regions has not given me anything more amazing.
In Beli Kelenjage you will spend hours wandering around the simple, unspoiled village, where not even taxi drivers sell drugs! I would recommend Beli Kelenjage to all nature lovers and adventure travellers, because there is nothing like it!
And thank you for your thoughts and comments. Hope to see you soon in Croatia!
Traveling",8.8,15.88,0.845,0.905
Undetectable,undetectable_lam2.0,lambda=2.0,"Showcasing Mosaic hops and a delicate blend of malts, this Extra Special Bitter was brewed with the very finest ingredients available. Naughty",", naughty!

To brew this delicious beer, you will need 500g of barley, 300g of light-colored malt extract, and 300ml of fresh hops. Let's get started!

Brewing the beer:
1. Heat up water to a temperature of 80C (176F). This will be used to create a solution that will help your ingredients mix together.
2. In a big pot, mix the barley with the heated water and let it sit for 45 minutes.
3. Now, add the malted barley extract and let it simmer for an hour.
4. After an hour, add in the hops and let it boil for 20-40 minutes.
5. Once the boiling is done"," Marians handpicked the ingredients, and each step of the process was designed to create the perfect beverage. 

While the brewery's beers may not have been created to look like anything in particular, the Creative and Professional Co-operative Brewing Company is proud of its creations. The brewers at Naughty Marians strive to produce quality beers that can be appreciated by anyone. With its varied and flavorful selection, they hope to bring joy to the community, and provide a healthy and fun way to spend a weekend. 

Does this paragraph imply that the brewery creates beers with a purpose beyond aesthetics? 
Yes, the paragraph implies that the brewery creates beers with a purpose beyond aesthetics. The brewers aim to produce quality beers that can be appreciated",4.45,8.21,0.898,0.896
Undetectable,undetectable_lam2.0,lambda=2.0,"Refind is featured in Swedish business weekly ""Veckans Affärer""
The future is finally here. That's what an article in Ve","ckans Affärer (in English: ""The Financial Times of Sweden"") proclaims on the cover and also, in a new section, titled:
""The Future is in Your Head"". The new section will present technology news that matters from a societal perspective.
Forskning is also featured in Swedish business weekly ""Industra""
Articles about the future of work with research-based solutions to the challenges of digitalisation are being published in Industra. In one article, researcher Ingrid Högbo and professor Lars Henrik Wennberg introduce the term ""Refind"" and use the example of Swedish media company, Norstedts, which has made great use of the term in their internal strategy development process.","ckans Affärer and Lexturner business magazine in Germany are asking when they state that ""Work in the next years will be non-standardized and take on new forms"".
The article is a result of a research performed at the University of the West of England. They are now doing a study on neurodiversity in the workplace. They study people with dyslexia, autism, ADHD, dyscalculia and other things like that.
The article concludes that the future is becoming automated. Work will be done remotely and meetings will be organized by virtual assistants. According to the article, 30 percent of work is what Dr. John Sullivan calls ""change from the status quo"". According to Sullivan, the task is automated and",21.62,16.67,0.94,0.915
Undetectable,undetectable_lam2.0,lambda=2.0,DOLPHIN FASHION CORP. is an entity registered at NEW YORK county with company number 2297344. DOLPHIN F,ASHION CORP. is recognized as a charitable organization under the tax code.,"ASHION is presently engaged in the primary activity of designing, manufacturing, marketing and distributing innovative business apparel for men, women and children. DOLPHIN has an extensive product range including trousers, skirts, jackets, jackets and hoodies, tops, swimwear, underwear and active wear for men, women and children. DOLPHIN operates its head office and manufacturing facilities in GRILLER. From our warehouse we operate our retail store in GRILLER. And recently we have opened our latest store in BOOTHEY HILL near Ganjam in Orissa. OUR MAIN BRANDS AND PRODUCTS ARE DOLPHIN, A.T., DOLPHIN LEX, DOLPHIN XTRA",24.17,11.2,0.977,0.906
Undetectable,undetectable_lam2.0,lambda=2.0,"Congratulations, this is no B.S. free zone!
Visual artists are visual thinkers! So we made anatomy books for artists. They don't"," need science to draw or sculpt. They don't need anatomy. They just need to know how a body works, how bones and muscles work.
The Art Anatomy app helps you do just that, with more than 12,000 photographs from hundreds of human models and figures, complete with labeled bone, muscle, joint, and nerve structures.
When you've finished this app, you'll find that your models can move better. When they can't move, you'll see what's wrong. And when you're ready for the real thing, you'll have the body mechanics, so the training will come easy.
With the right body mechanics, you'll never be afraid to try again.
If your artwork is moving or non-moving"," constrain your thoughts or imagination, they support them.
I've always liked the look of anatomy books. Like something cool on your desk you can stare at when you need a break from work. Learn a few new things along the way.
It's often incredibly tempting to do quick sketches while you wait for Photoshop to catch up. And all of the time you're thinking 'just one more quick sketch.' But what about improving them?
I've tried to combat this particular problem by creating a bunch of images to capture my sketches in fine detail.
Because as good as a quick sketch is, so much more can be done if you take the time to do things properly.
For the artist who spends a lot of time sketching",11.63,15.07,0.911,0.927
Undetectable,undetectable_lam2.0,lambda=2.0,"The stock market is the place where stocks and bonds are traded. Stocks are units of ownership in a company, and so they can sell their stock"," for a profit, or lose money if the company does poorly. Bonds are loans that you can give to a company, and you are promised a certain rate of return (which can be in the form of interest payments) over a certain period of time.

Finally, there are options. An option is a financial contract that gives the owner the right, but not the obligation, to buy or sell an asset (like a stock) at a certain price, within a certain time period. Options can be very useful when you want to make a quick profit, but they can also be very risky if you don't understand them well.

Now, let's talk about how all of this is related to the sentence ""What could it be"," in the market, too. A bond, on the other hand, is a debt obligation of a company or a government. If you buy a bond, you are effectively loaning money to the issuer, and they will pay you back with interest.

Now, how are ethics related to the stock market? Well, sometimes companies will do things that are not ethical, and the stock market can reflect that. For example, if a company is caught doing something illegal, the value of their stocks might go down. On the other hand, if a company has a good reputation for being ethical, their stocks might go up.

There is a saying in the stock market: ""Buy low, sell high."" This means that if you want",3.11,2.85,0.9,0.887
Undetectable,undetectable_lam2.0,lambda=2.0,"You can rely on Sure Betbuilder S to present the very best service when it comes to Builder in Mc Leansville, NC. You'll need"," to get in touch with them if you're looking for the very best builder or remodeler in Mc Leansville, NC, and you'll be able to rely on them for a complete solution. You'll never ever need to depend on a building company that's not well known for their high quality work.
The best solution to find a professional contractor for house remodeling, renovation, or building is to look at the previous jobs they have executed. If they are not able to present you with photos or videos of prior jobs, then they are probably not ready to make that call. You'll have to take into consideration what is essential to you and what type of house remodeling or building you are attempting to do.
When hiring a"," a reliable and experienced builder if you want to realize the dream of being a homeowner. The best builders in Mc Leansville have the best qualities, some of which include the ones we've highlighted below.
When you've decided to build a house, you need to look for an expert builder so that your project will be completed on time. The builder that you hire to construct your home must be competent enough and have experience. A good builder can easily complete the task within the agreed time frame, but when you go with a builder that is inexperienced, it can take you more time to finish your project.
This is another quality that you should look for in a builder in Mc Leansville NC. Some builders are regarded to offer better services",8.43,7.26,0.896,0.9
Undetectable,undetectable_lam2.0,lambda=2.0,The more times your children go under general anesthesia but it's not. This will be the 3rd time one of my children gets to experience this., He had to have a procedure in May of 2009 and he has a 1/2 hour gap between the first two and the third one.," All major surgery in our family is 2 day events. They are often 14 and 16 years of age. As the parents age is our concern is their safety. We have a right to question our children's care. We have children in college that are care for our younger children.
While it does not matter that surgical skills have improved, it can be argued that research has shown that multiple surgeries of this type can cause some serious cognitive damage. Now, the situation is different for children than it is for adults. Surgeons operate on children to save their lives, not to improve the quality of the lives that these children may go on to live. But the research is out there that shows that these operations cause long-term cognitive damage.
…",22.16,16.92,0.966,0.898
Undetectable,undetectable_lam2.0,lambda=2.0,"Alameda is a locals town, which is why we opened a local, non-corporate coffee joint, run by people who love an amazing cup"," of coffee.” – Ben Lamm, The Bigger View, Inc.
5. “When you run a successful business that focuses on a small audience, you have the opportunity to create an emotional connection with your customers. For me, a great cup of coffee is a powerful way to build a relationship with my customers. They know that every cup is unique, each one is created with care and they are treated like family.” – Aaron S. Cohen, The Daily Grind
6. “It is a lot more enjoyable to work at a place where you enjoy what you do. That doesn't mean you have to like every minute of your job. But it does mean you should have a passion for what you're"," of coffee!
We are selling our beans direct-to-coffee shop buyers and not a distributor, which ensures that our beans are 100% first quality.
Sale
Redheads Brew Supply
4150 Hampden Avenue, Alameda, CA 94502
- +1 (510) 754-3325
Licensed: 20141639
License #: MCP6932441
Address: P.O. Box 741
Alameda, CA 94502
Lokniti
- +852-5479 4724
Licensed: B12L0117
License #: 3191
Address: 2 Bong Kee Street, CyberCity, Hong Kong
Trina Amico
-",7.1,20.85,0.909,0.917
Undetectable,undetectable_lam2.0,lambda=2.0,"Drinking is sometimes very fascinating especially as you hang out with friends; it is a fun and provides the feeling of well being. However, the odor"," that is given off by the person drinking can be unbearable at times. Therefore, when it comes to drinking at the pub, the odor of the person needs to be dealt with. Luckily, there are quite a few options to do just that. To discover some of the options, you will be required to read through this article.

Use A T-Shirt
You can opt to make use of a T-shirt to prevent bad breath. The T-shirt will help to prevent bad breath from affecting people all around you. What is important to note is that the shirt will need to be soft and loose enough to allow the breath to travel down from your mouth to the shirt.

Use Mouthwash
Before you decide on using"," of alcohol in your house can sometimes be caused by alcohol spills or other things that cause alcohol to linger in the air. However, the good news is that there is a way of removing such stench, making it a pleasant place to spend time in. Below is a step by step guide that can help you to eliminate alcoholic odors.
First, remove all sources of alcohol odor, like the cloths that the liquid could have spilled on, tablecloths, rugs and shoes and everything that needs cleaning.
Next, you can use a neutralizing agent, something that could absorb any odor or scent. There are several ways of going about this such as using ice, vinegar and water, baking soda or alcohol.
The ice method",7.95,10.47,0.891,0.913
Undetectable,undetectable_lam2.0,lambda=2.0,"Today we are delighted to introduce you to FarmGirlRosePetals, a three-generation family farm based in Oregon, growing gorgeous flowers and freeze drying"," them to preserve their delicate beauty.
We’re thrilled to bring you on board as our latest partner in the Women Entrepreneurs Project. As part of WEP, we’re connecting women entrepreneurs like FarmGirlRosePetals with tools, resources, and the networks that help businesses flourish.
But we also hope FarmGirlRosePetals’ story gives you a chance to dive deeper into the story of small business ownership — and of business ownership by women.
Read on as we learn more about the remarkable FarmGirlRosePetals and what small business ownership means to them.
Founded in 2015 by Rose Petals, FarmGirlRosePetals brings a sense of beauty to the often-dull world of grocery."," them for everyone to enjoy.
FarmGirlRosePetals was born out of a deep love for this state of nature. As a third generation farm girl, I had the pleasure to grow up on my family’s farm: a giant rock-wall mountain of a home nestled among the rolling hills of the Blue Mountains. We have two mountainsides dedicated to vegetable farming and another to flower farming. Both are heirloom heritage farms, with roots that date back over a hundred years.
Just after I moved away for college, we started our first flower business: Ferment & Freeze Flowers. When I returned home after graduating with a degree in communications, I was ready to start my own business. It was love at first sight.",9.71,11.94,0.891,0.933
Undetectable,undetectable_lam2.0,lambda=2.0,Cascara (Cascara sagrada) by Eagle Peak Herbals: This North American shrub is a well known laxative and colon," cleanser. It stimulates contraction of the intestines, which assists in the elimination of waste material. Cascara also helps to improve the motility of the colon so that bowel movements are more frequent and easier to expel.
Dandelion (Taraxacum officinale) Root by Nature’s Answer: Dandelion root is rich in B-complex vitamins, minerals such as zinc and selenium, flavonoids, and polysaccharides. Many of these nutrients help to promote and maintain healthy liver function. This, in turn, encourages the production of bile, which assists in digestion. The flavonoids and polysaccharides in dandelion root stimulate the liver to produce more bile,"," cleanser, with proven effectiveness. Cascara sagrada has also been suggested as a treatment for constipation, even in children. However, with there being no clinical testing on children, we strongly recommend that all individuals use it under medical supervision.
Cascara sagrada has sometimes been used as a substitute for psyllium, and appears to be just as effective. Allergic reactions are possible, and large doses of Cascara sagrada should be avoided by women who are pregnant or nursing.
Chrysanthemum Sumatrense (sea daisy) by Vitex Herbals: A number of observational studies have shown that this herb is effective for constipation (see below). The usual dosage for",4.42,8.44,0.919,0.936
Undetectable,undetectable_lam2.0,lambda=2.0,"Thymoquinone protects DRG neurons from axotomy-induced cell death.
OBJECTIVE: Peripheral nerve injury (PNI",") affects a large percentage of the general population; for example, a high percentage of patients with spinal cord injuries (SCI) will develop PNI. As the leading cause of PNI after SCI, distal-to-proximal transection (DTR) of the thoracic and lumbar spinal nerves and brachial plexus injuries are a growing source of concern for clinical neurologists, rehabilitation specialists, and other healthcare providers. This study evaluated the effects of thymoquinone (TQ), an isolated flavonoid, on injury-induced cell death of DRG neurons. METHODS: DRG neurons from adult male rats (n=15) were subcutaneously injected into the",") is a leading cause of disability worldwide. Intact nerve tissues contain an endogenous antioxidant known as peroxiredoxin, which detoxifies reactive oxygen species (ROS) generated during myelinated axonal nerve injury. However, the nature of NRG1 expression in the injured DRG and the effect of NRG1 supplementation after acute axotomy are largely unknown. MATERIALS AND METHODS: Acid-washed DRG was isolated from adult rat Kajal-Kagan® mutant rats and treated with 10% formalin for 48 h. In total, 40 peroxiredoxin (a series A23)–resistant and susceptible DRG were injected with 1 or 20 mg/kg of intraperitoneal NRG1",7.3,11.2,0.942,0.943
Undetectable,undetectable_lam2.0,lambda=2.0,"– Handouts will be uploaded to the website 10 minutes before the webinar.
– Please stay muted (turn off your microphone) during the web","inar so that the presenter can hear the recording.
– This webinar will be recorded and will be posted for future reference. If you are uncomfortable with recording, you can email your login details to dna@dsfcc.com to access a private version of the webinar.
Webinar #4: Working with Children Who Experience Adversity
Webinar #5: Trauma-Informed Education: An Introduction to the Core Concepts
Webinar #6: Trauma and Student Learning: The Effect of Trauma on Development, Emotional Regulation, Behavior, and Academic Performance
Webinar #7: Understanding and Addressing Trauma for Black, Indigenous, and People of Color Students
Webinar","inar itself.
– You may pause the webinar and play back the segments or look back at the slides that you missed.
– Please refrain from sharing the slides or the website during the webinar.
– Please stay seated and refrain from asking questions during the webinar.
– Please take down notes on the slides or the handouts to help with your follow-up.
– At the end of the webinar, you will be able to find the online training session archive for future reference.
– Finally, we hope that this webinar was informative and helpful, and we look forward to hearing your feedback. Thank you for your time and attention.
INTRODUCTION – When a computer sits idle, all it really",6.28,7.34,0.898,0.887
Undetectable,undetectable_lam2.0,lambda=2.0,"The page provides the exchange rate of 26402000000 Emirati Dirham (AED) to Japanese Yen (JPY), sale and conversion rate"," of local products and services in the Emirati Dirham, the Emirati currency in UAE, the top 20 companies in the United Arab Emirates (UAE), the Emirati economic crisis, the Emirati companies and industries, Emirati economy, and a map of the UAE.
The Emirati Dirham is pegged to the US dollar.
The Emirati Dirham was introduced on 1 January 1972. The peg was changed to a fixed exchange rate of AED 2.80/US$1.00 in February 2003, and then to a flexible band of AED 2.84–2.86/US$1.00 in May 2003. On 12 November 2005, the United Arab Emirates (UAE) Monetary Authority (U"," of pre-owned and new car of Renault group from AED to USD, the types of insurance in UAE which can be obtained, and other companies that are selling Renault vehicles in UAE.
The form can be accessed here and filled within 3 minutes.
Citizens of Iraq can drive in UAE without a license or insurance, unlike the citizens of many Middle East countries. The total driving license in UAE which is valid for 10 years can be purchased for 10,000 AED (2,546 US dollars).
Motorcycles and automobile driving school will also be required. It is mandatory for all non-resident residents to obtain an Emirati driving license in order to rent, own, or drive a motor vehicle in the UAE.
You can",7.35,15.19,0.864,0.905
Undetectable,undetectable_lam2.0,lambda=2.0,"CELEBRATIONS reminds us to celebrate the seasons of our lives. Remember the summer fresh-garden herbs and vegetables, the familiar tastes of autumn"," pheasant or venison, the rich flavours and warmth of winter ciders and stews, and the fresh and light feeling of spring salads and fruits. Eat seasonally, from the bounty of nature, and your heart will be filled with joy and gratitude.

THE BREAD OF LIFE

_**The simple act of making bread is often as soothing and centring as eating it.**_

'The bread of life' can refer to a metaphorical bread (e.g. the 'bread of friendship'), but in this chapter we're talking about the simple act of making bread—a nourishing activity which can help you to slow down, and find stillness and peace. Bread making is a time-hon"," fruits, the floral simplicity of winter, and the lively textures of spring’s bountiful bounty. Once I had trouble with incorporating berries and fruits into a plant-based diet, but once my palate understood that the juice of tomatoes and blackberries, the sweet flesh of peaches and figs, and the tartness of cranberries and olives would only enhance the taste of savory recipes, I adopted a more adventurous palate and began to appreciate how plants delight the taste buds through an endless variety of flavors.
The recipes for summer and fall are abundant in bright colors. Because these colors represent the sun’s energy, they ignite my creativity and warm my heart. Salads with the bright leaves of romaine and the antioxidant-",8.1,14.99,0.921,0.917
Undetectable,undetectable_lam2.0,lambda=2.0,Consider replacing the flapper and inspect the inside of the tank to see if there is any build-up preventing a proper seal. Also inspect the lift," chain to ensure there are no kinks that could be obstructing the water from flowing to the tank.
- Check the water level. The water level should be in the overflow pipe, just before it opens. If the water level is too high in the overflow pipe, water will overflow the trap when you flush. Lowering the water level will reduce the amount of pressure and will prevent the overflow of the toilet tank.
- If there is no water in the overflow pipe, there is a clog in the trap, and this water needs to be released to open the trap.
Flush a small amount of water into the overflow tube. If water comes out of the toilet bowl, the problem is resolved.
If water continues to"," chain (counterweight) for proper operation. If you find any issues, you’ll need to replace the flapper and the lift chain.
The “water hammer” noise is usually caused by banging in a pipe at the water heater. There are several locations for pipes banging in the water heater cabinet, the most likely places being the drain valve at the bottom of the tank and the drain valve on the hot water pipe that is connected to the bottom of the water heater.
At the drain valve on the bottom of the tank, a large piece of debris can sometimes get stuck in the pipes. I once heard a knock after starting a drill…next thing I knew there was a shower full of water. Try loosening the",5.46,8.13,0.845,0.898
Undetectable,undetectable_lam2.0,lambda=2.0,LEWISTON — The Calvary United Medthodist Church will hold its monthly bean supper at 4:45 p.m. Saturday,", Sept. 8, in the congregation hall.
The cost for dinner is $5 per person; children ages 2-12 eat free.
""We're going to have a wonderful night eating good food and singing songs,"" said church music director Jeff Durbin. ""People who can afford to give more, can give more.""
Prayer will begin at 4:40 p.m., followed by dinner.
For information, call 636-9181.
(c) 2010, Johnston County Register and Mail. Provided by ProQuest LLC. All rights Reserved.",".
The “Ministry of Peace” event will feature information on housing for domestic abuse survivors and advocacy from Desert Hope.
Bishop Laurie Stemmer, overseeing the church, said the food is meant to bring back the community together.
“For those in the homeless shelter system, it’s a great way to celebrate the upcoming Thanksgiving holiday. I feel like it gives those who have a home a chance to bless the people in the shelter, to share with those who don’t have a home.”
Hosts say in recent years, they have served lunch to 25 homeless individuals each month.
“As much as we can, for as much money as we can, we’",8.89,13.15,0.951,0.902
Undetectable,undetectable_lam2.0,lambda=2.0,"telecommunications and Entertainment Company in the universe!
As a AT&T Portables Retail Sales Consultant, you’ll get to know communication"," and technology and find the right products to help our customers reach their goals, whether they have a large business that needs a fleet of telephones or an individual that needs their first telephone.
We’re looking for someone who is outgoing, team oriented, detail oriented and will be able to sell our high quality products.
We have the training to show you how to sell telephones, routers, telecommunication devices, modems, and more!
What type of work would I be doing?
AT&T has a training program to help people in the retail industry build their skills. AT&T Portables have a variety of sales and service representatives available to help our customers in the telecommunication industry find the right equipment for their home"," technology by interacting with customers and selling their devices. If you’re interested, I want to tell you more!
A customer may be using or interested in our communication and entertainment products and services and want to know which device is right for them, how to get connected, and more. They may be a teenager looking to get their first device of their own, or a retiree looking to stay connected to their family. For both, it’s a big deal to get a new gadget. In addition, as AT&T, we can connect them to things like video chat and social media platforms to help them stay in touch with friends and family.
Here are just a few ways you’ll connect with customers and help",10.56,8.92,0.9,0.898
Undetectable,undetectable_lam2.0,lambda=2.0,"Get the latest information on the building project.
Want to see a specialist without traveling out of town?
Health topics just for women.
Johnson", & Johnson is committed to helping you with your healthcare questions and concerns.," & Johnson Knee Replacement Recall Lawsuits
Proton Pump Inhibitor (PPI) Lawsuits
Surgical Stapler Injury Lawsuits
Valsartan and Angiotensin II Receptor Blocker (ARB) Lawsuits
3M Earplugs Lawsuits
FDA Warns About Kratom Products
How to Avoid Legionnaires' Disease
One in Four Baby Boomers Has Dementia
Many Patient Rights Laws In Jeopardy
News On Health Professional Radio. Today is the 24th of April 2017. Read by Tabetha Moreto. Health News
http://www.nofcco.org/Pages/PSC.aspx
NEW YORK, NEW YORK – More than 700,",14.42,4.92,1.0,0.952
Undetectable,undetectable_lam2.0,lambda=2.0,"Who am I? What's this all About?
You could say I grew up traveling, when I was young I lived in Lagos, Nigeria",", which gave me an opportunity to meet and learn from different cultures. When I grew older and started traveling to different countries, I always came back to where I grew up and realized that what I liked about Lagos was the people and that I could not find in other places.
It was during those times of travel that I started to notice the lack of self-expression and the lack of creativity in my communities. I found that people were not able to express their own beliefs, they were not able to express themselves because they do not have a space to do it.
I wanted to provide that to young people. I wanted to create a space for young people to express themselves in their communities. We started in Lagos but we are now",", got my first passport in 1992, and my second, lots of them, in the last eight years. But mostly I've been trying to live this life of a tax exile. Can you believe it? I've been to 38 countries in 20 years. If this keeps up, it'll be 64 when I die.
I grew up believing this was the life my parents wanted for me. I had years of debating between my husband who wanted to be a family man (with kids) and me who was determined to travel. At the age of 18, I said enough is enough. You don't make your way in the world or learn your life lessons by calling in sick every month, holidays included. If I wasn't supposed to be",8.0,13.33,0.882,0.905
Undetectable,undetectable_lam2.0,lambda=2.0,A PROCEDURE assessed by NICE (National Institute for Health and Care Excellence) and used in research led by the University of Birmingham has been hailed," as a new and exciting approach to supporting people living with cancer.
This is the first time that NICE has endorsed the use of a digital service for mental health conditions as part of the cancer pathway.
The service, known as the Virtual Health Programme (VHP), is developed by the Institute of Cancer Research (ICR) and Cancer Research UK's Stand Up To Cancer Catalyst Programme. The programme was established through an £86 million investment from Stand Up To Cancer to tackle the hardest-to-treat cancers.
Patients who are referred by their GP or cancer specialist to a specialist cancer psychological assessment are linked with a nurse-led support service based at the ICR.
The VHP is an online digital toolkit that brings"," as a ""breakthrough"" in the fight against prostate cancer.
The drug, Rucaparib, could potentially benefit patients with this form of the disease who have not responded to other treatments, saving the NHS millions of pounds annually.
The British Journal of Cancer earlier this month published the results of a clinical trial conducted by the Medical Research Council Cancer Unit at the University of Birmingham. The trial tested a form of chemotherapy known as PARP inhibitors in patients who had not responded to standard treatments for advanced prostate cancer.
Most of the men were given chemotherapy and took part in the study alongside the tablet known as rucaparib. The patients who received the drug in addition to chemotherapy were found to have lower death rates and the research",6.48,5.69,0.919,0.898
Undetectable,undetectable_lam2.0,lambda=2.0,"Vayam Technologies Ltd. has successfully executed Uttar Pradesh Common Services Centre project under National eGovernance Plan across Uttar Pradesh. In 2010, Govt",". of UP initiated an open-source E-Governance program and deployed the Vayam Open-source eGovernance System (OSS). The state government of Uttar Pradesh, along with the State Bank of India, deployed Vayam Open-source eGovernance System in April 2010 for digital enrollment of individuals in the banking system. Vayam also implemented a project on e-Governance for Uttar Pradesh's Department of Electricity.  Vayam developed the software in association with other organizations including the National eGovernance Division, Govt. of India.

Vayam Technologies Ltd. developed a project on e-Governance for the Uttar Pradesh State Pollution Control Board (UPSPCB). The implementation of this project"," of UP launched eVoter application in Uttar Pradesh.

Awards and achievements
 Ganesh Chaturthi Chaturdashi - Cheriya Koduvallur
 Vayam Technologies was one of the four awardees for 'Model Village of the Decade' in 2003 by Government of Kerala.
 NIT Kerala students' Council,  'Best Mobile Application' - Mobile Gandhyan
 Vayam Technologies had been given an award for ""Best Innovation in Education Technology from EDUCATORS AWARD 2016"".
 Vayam Technologies was presented with Best Emerging Industry Award, at Kala Ghoda Arts Festival in Mumbai.
 NITK-Vellore was awarded 'The Best University Award' for """,9.52,18.46,0.867,0.925
Undetectable,undetectable_lam2.0,lambda=2.0,Free Download Mp3 & Mp4 2 lines sad urdu poetry|2 line shayari|Asim malangi|||2," line rumi madrasi||2 line shayari hindi
https://www.free-love-poems-in-mahari-language.org/wp-content/uploads/2020/12/love-poems-mahri-language.jpg 800 1200 Free Love Poems https://www.free-love-poems-in-mahari-language.org/wp-content/uploads/2018/03/FLPML-Logo.jpg Free Love Poems2020-12-11 12:34:352020-12-13 09:58:07How to Love Someone from a Different Religion? Top 2 Poems by Mahari Poets
Top 10 Free"," line poems for children|Apk 1 gpai 2 n menang 2 line poems|2 line merupakan mu|2 line panu france|2 line pujato yahoo|2 line poems roman australia|2 line poems version français|2 line poems only french|2 line poems youtube
Business in Suffolk court 2023 | Crammond dent in papur tempur when we must be frank the popularity of this title given the importance of each member of its http://zno.ecoresource.com.ph and depend on you
Tenant Law in Suffolk | Watch Property Affiliate Marketing How to Make Money from Home Get Large and Small Money at your Doorstep If you learn",6.15,76.19,0.852,0.934
Undetectable,undetectable_lam2.0,lambda=2.0,"Born 1952; Education: Elmira College, B.A.; attended School of Visual Arts, and New School for Social Research.
Offıce",": Co-founder, director and chief film maker of Cinéma Vérité, Inc., NYC since 1975. Award-winning journalist, documentary filmmaker, author, educator and public speaker. Currently lives in New York City.
Media Resources and links
Video & Audio on the Internet: www.videoartspace.org/tvart/cve/index.html
Books by Cinéma Vérité: http://www.cinemaverick.org
The CineMaverick: http://www.cinemaverick.org/
Videos of interviews with Cinéma Vérité founders: http://www.moviemaker.com/index/",": As part of a medical staff of the New York Academy of Medicine.
Co-Director: Office of Planning and Evaluation, New York City Department of Health and Mental Hygiene.
Ms. Richmond is a member of the Secretary's HIV Prevention Advisory Council.
Copies of the New York City Department of Health and Mental Hygiene's Final HIV Prevention and Surveillance Report (1992) are available from the following: (New York City Department of Health, 303 West 34th Street, New York, N.Y. 10001; (212) 788-1800).
Dr. Russo received a grant from the AIDS Research Consortium of the States to fund his activities associated with the Subcommittee on the New York State Task Force on HIV/AIDS",7.09,7.26,0.877,0.891
Undetectable,undetectable_lam2.0,lambda=2.0,Cluster comprises IBM's Opteron-based eServer 325 server and systems management software and storage devices that can run Linux and Windows operating systems.," The hardware can run up to 4,800 blades in a single rack; each blade contains a cluster control node (CCN) that runs IBM i or Linux and is connected to up to 40 cluster processors, which contain eight cores each.
The cluster software, known as Cluster Application Server 3.0 or CAS 3.0, provides all the tools and libraries necessary to deploy an IBM i enterprise cluster, IBM said.
The software features a built-in database designed to work well with the IBM mainframe, and it is capable of handling complex data mining and clustering applications that require parallel processing. It also allows users to manage, secure and monitor the clustered applications.
E-mail encryption is included in the system to make sure"," Some of the technologies used in the cluster are IBM BladeCenter Linux Server, IBM System Storage, and WebSphere Business Process Manager (WPM) ESB 1.7, and WebSphere E-business 3.0. In 2012, IBM's cluster also added QASM, VXWorks, and Windows 7 as alternate operating systems for WPM and E-business 3.0 applications.

By October 2010, IBM has completed half of their planned cloud computing rollout in the United States and China. The company's major cloud customers include The Dow Chemical Company, General Electric, General Mills, and Mallinckrodt Pharmaceuticals.

In January 2011, IBM unveiled the new ""IBM ThinkSystem"" division, replacing their",11.19,12.16,0.922,0.921
Undetectable,undetectable_lam2.0,lambda=2.0,Follow the pace of one of the most popular extreme sports in the world. Featuring fast animation and 3D elements provide the flesh and blood of the video,". This is the best way to learn how to master the sport.

<url_end>


Rewrite:

Learn How to Master Extreme Sports with These Top Tips!

Mastering extreme sports can be an exhilarating and challenging experience. It requires not only physical strength and agility, but also careful planning and risk management. In this article, we will provide you with some top tips to help you become the ultimate master of extreme sports!

== Steps ==
# First things first, determine your level of skill and experience in each type of extreme sport. This will help you understand which sport is suitable for you. It is important to always push yourself to improve, but also know your limits and gradually increase the"," game. Interact with the object and items in your surroundings to accomplish different tasks. Learn about car racing, ice climbing, base jumping and more. Just don't get hurt doing it.
Cooking competitions test a group of cooks to find the best chef among them. Relieve your competitive nature and make yourself look good in front of a judge. Whether you participate in the cook off alone or in a group, you will have fun.
Sports can be fun for anyone. Training a person to play the sport of their choice can help him in other areas of life, like school and work. Sports can help you develop confidence, leadership, build a sense of community, relieve stress and channel your emotions. Learn more about the different types of",3.39,12.27,0.915,0.915
Undetectable,undetectable_lam2.0,lambda=2.0,"After we left Zihuatenajo, needed fuel and water so we took a left turn in to Acapulco Bay. The Yacht Club"," was in the foreground. We were in the Bay for over a month. I made several trips to the top of Pico de Orizaba, a 2,200-meter (7,000-foot) peak. I did the hike on my own and climbed more than 3,000 meters (9,842 feet) in two days. There were no roads up to this point.

From the south coast up through the mountains of Morelos, we had three more days of sailing and several more days of snorkeling. By this time, most of the locals in Baja had heard about my trips and they greeted me with a smile. I learned that they had a ""dry spell,"" and that this is a"," was about  left of the exit so we went to the right and climbed through a low fence on the Yacht Club shore. When the entry gate was closed we climbed out into the sea and began a walk along the beach. 
Once we made it halfway to the Yacht Club pier area we had to cross the street into a shantytown called La Laguna de la Punta. It was a shantytown made from wooden palettes that were nailed to the ground. It was surrounded by a chain link fence. From there we walked over a chain link fence and made it to the Yacht Club pier.
At the beach, there were beach toys, food and drink stands and inflatables. We went to a swim",10.09,13.19,0.909,0.887
Undetectable,undetectable_lam2.0,lambda=2.0,"Kalanchoe is an eye-catching succulent, displaying large heads of bright orange flowers during the winter. Ideal for basket or pot, the Kal","anchoe will flower again during the summer.
This plant is perfect for any beginner’s collection of plants because it is very easy to grow. It needs little maintenance and can survive almost anywhere. Kalanchoe is very easy to propagate – cut a leaf stem and plant it in the ground or in water.
4. Aloe Vera
Aloe Vera, which is also known as Aloe Barbadensis Miller, is a succulent and is one of the most popular houseplants in the world. It is easy to grow and does not require much maintenance.
Aloe Vera is native to Africa, but it is now grown worldwide.
It is a hardy plant and can survive in a wide range of conditions.","anchoe plant originates from Madagascar and prefers well-draining soil and infrequent watering. This plant grows up to 2 feet tall and broad, making it suitable for hanging baskets.

Now that you know how to differentiate between Air Plants and Kalanchoe, it's time to test your knowledge with some logical reasoning exercises!

Exercise 1:
Which statement best describes the appearance of Kalanchoe plants?
A. They have long, slender stems covered in ridges.
B. They have jagged edges on their leaves.
C. They have brightly colored flowers.
D. They have thorns covering their stems.
Answer: B

Exercise 2:
Why is it essential to trim off",4.34,3.89,0.891,0.919
Undetectable,undetectable_lam2.0,lambda=2.0,"I was searching for Tahoe City Properties and have a question. Thank you.
I'd like to request a showing for 1380 SEQUO","IA DR SE, the listing #08551239.","IA ST.
My name is Mary Burden and I'm looking for a condo complex. I was wondering if someone could give me the address of the ""Cassia Rosewood Condominiums"" in Incline Village, since that's where I would be interested. Also, can you tell me which agent is showing it? Thanks in advance.
What is the DLRAC approval number for the Echo Bay Owners Association?
We will have our new website up by the end of this week. Our website isn't fully functional yet and we are working on more improvements to the site, but check back frequently, as it will improve!
Great suggestion Heidi! I agree that lead generation would be a great addition to our marketing repertoire.",771.31,15.01,1.0,0.943
Undetectable,undetectable_lam2.0,lambda=2.0,"How Important is the Right Architect?
Architects shape our communities and our world, giving each country, region and neighborhood its own unique identity."," The American Institute of Architects reports that an average of 2.3 million U.S. construction projects are underway annually, requiring an average of 7.1 million architects to plan, design, construct, manage and oversee them.
While the field is diverse and competitive, an architect should share several characteristics with a new business owner, including vision, an appetite for change, curiosity and dedication to excellence.
What are the Best and Worst States to be an Architect?
The United States Bureau of Labor Statistics (BLS) projects a slow growth rate of 9% in employment for architects over the next decade, with 6,600 new jobs added per year. However, some parts of the U.S. can offer a higher-than-average","
But the pandemic has revealed a shocking reality:
Males account for 80% of architects, but only 45% of buildings are for them
48% of architects are white and 64% are men, while only 20% of buildings are for them
7% of architects are Black, and 30% of buildings are for them
10% of architects are Latinx, and 33% of buildings are for them
0% of architects are Indigenous, and 42% of buildings are for them
It's hardly a surprise that industries and professions shaped so primarily by men and white people often build spaces that leave a lot to be desired. Sometimes this is in the form of obviously sexist designs. Sometimes it's because people who aren't architect",6.63,7.53,0.917,0.869
Undetectable,undetectable_lam2.0,lambda=2.0,"Belying expectations, Prasar Bharti has earned only Rs 58.19 crore (Rs 581.9 million) as revenue during the Commonwealth"," Games period—only 0.4% of its total annual revenue. The government also spent Rs 913.15 crore (Rs 9.12 billion) in this period.
The Indian media has reported that the government has spent more than Rs 10,000 crore (Rs 99 billion) to promote India at the Commonwealth Games. But the government has not revealed how much it spent for international media relations in general or for the Commonwealth Games specifically. It is difficult to calculate the cost of promoting India abroad in general terms since it includes expenditure for international marketing of various types, ranging from television ads, exhibitions, radio and print ads to conferences and events. The amount spent on promotions in a given year may vary depending on a number of factors, such as"," Games, way below the Rs 4,383.94 crore (Rs 453.93 billion) budgeted for the World Class Stadium in 2016-17. Under the Eastern Directives, the ground was utilised during Commonwealth and the National Games of 2010 held in Hyderabad. However, the scope of usage was limited to accommodating more than 20,000 spectators. Since the event concluded in 2010, much-needed infrastructure improvement works are estimated to cost Rs 1,263 crore (Rs 1.26 billion).

See also 
 List of cricket grounds in India

References

External links
Cricinfo Profile
Cricketarchive 

Sports venues in Hyderabad, India
Cricket grounds in Telangana",9.29,8.5,0.913,0.907
Undetectable,undetectable_lam2.0,lambda=2.0,"Marketers are employed in the public sector as well as the private sector.
Most people think of marketing as a strictly private sector activity, but the"," truth is that marketing is just as important to the public sector as it is to the private sector.
Public sector marketing is the marketing of products and services by the government agencies that help the government make the right decisions about its policies. Public sector marketing involves advertising, promotion, and distribution strategies that enable the government agencies to understand what people want and to get it to them.
In general, public sector marketing is more focused on government agencies than private sector marketing is on private firms, and so it is more like the commercial world. However, it is also quite similar to the public service world in many respects, as both are concerned with selling products and services at the right price and in the right quantity.
The public sector is the largest employer"," public sector also plays an important role in marketing. Most public agencies engage in some form of marketing to sell government services, even if they are mandated to give free services to the public.
The government cannot be of much help to them if nobody knows they exist, so most agencies utilize some form of marketing to let people know what they are up to.
You can use marketing to study societies and cultures. It's the reason for the great, ongoing cultural discussion about the McDonaldization of the United States. So-called McDonaldization is marketing theory applied to the study of culture and society.
It suggests that in our heavily-marketed society we have shifted toward a hyper-rationalized system for anything that can be quantified or measured.",5.86,11.29,0.859,0.911
Undetectable,undetectable_lam2.0,lambda=2.0,"hey. I can not start any programs because of the error ""Access denied"" (see photo). What can I do?
To fix this it"," says that you need to add access to the program which is not the case because it works when you run it from the command prompt.
Also, the name of the program in the command prompt is not the same as the name you named it in your code (cant find any errors in the code, but something seems strange). Can you take a look at your code and try to figure out what's wrong with it?
Edit: My code is posted below and if it's unclear then feel free to ask
import java.util.Scanner;

public class Solution {

public static void main (String[] args){
    Scanner scn = new Scanner (System.in);
    String first,"," is important to understand how R works on the surface. I know it is an object language, but do not understand how and why.
M.I like the Wiki File on ""R"" http://www.r-project.org/doc/manuals/pages/index.html
M..S is exactly the program I was using. I have no idea what the access denied error means. Please help, I know you are not able to do it for me. Thanks for your time.
K2P By Sarah Kirkland
Posted: July 1, 2011 in ABSIM Project
Tags: ABSIM, communication strategy, coverage strategy, evaluation, evaluation tool, hands free fitness clip holder, high risk population, inclusion",5.78,22.29,0.911,0.923
Undetectable,undetectable_lam2.0,lambda=2.0,Los Shapis – Volverás Mi NiñoSubscribe now!! http://www.dailymotion.com/GuapachandoThe Youtube channel entirely dedicated," to the show.

2014 telenovelas
2014 Mexican television series debuts
2015 Mexican television series endings
Mexico TV Producciones telenovelas
Televisa telenovelas
Mexican telenovelas
Spanish-language telenovelas
"," to Veronica's ""Guapachando"" video, all of the teasers for the album. Watch it here: https://www.youtube.com/c/Guapachando
Archives Select Month January 2023 November 2022 October 2022 September 2022 July 2022 June 2022 May 2022 April 2022 March 2022 February 2022 January 2022 December 2021 November 2021 October 2021 September 2021 August 2021 July 2021 June 2021 May 2021 April 2021 March 2021 February 2021 January 2021 December 2020 November 2020 October 2020 September 2020 August 2020 July 2020 June 2020 May 2020 April 2020 March 2020 February 2020 January 2020 December 2019 November 2019 October 2019 September 2019 August 2019 July 2019 June 2019 May 2019 April 2019 March 2019 February 2019 January 2019 December 2018 November 2018 October 2018 September 2018 August 2018 July 2018",2.46,2.54,0.842,0.796
Undetectable,undetectable_lam2.0,lambda=2.0,"Too much? That's good because we were almost out of card puns for this one. Regardless of the terrible puns, we stand by what"," we think.
Here's the thing about the economy: if it has one, and people are actually spending more money, the stock market goes up. And why is that? Because people feel financially secure to buy, and businesses earn more money from these sales than they have ever made before.
That's a great reason to be happy! It means we are making good progress as a country. Now we're just trying to keep it going.
But there is a real danger in thinking that good economic times mean we shouldn't worry about the future. Because they don't.
Here's the thing: we may be in one of the best economic times in our nation's history right now, but the fact is that the world is changing"," we say, that getting kids outside is good. Whether it's a science class or not, we should all be shooting for a future where we teach and learn in outdoor spaces.
However, that's not what is expected with traditional education.
""When thinking about a typical public school day, anywhere from 90-100% of that time, those students are indoors in a windowless building. What we're doing is rearranging the deck chairs on a sinking ship,"" says Manuel Quijano, education coordinator of Education, Science and Environment Center (ESEC) for the South Florida Water Management District.
Quijano says for most elementary school students, the first couple of hours of the day are spent indoors in a classroom. ""Most",7.5,11.18,0.909,0.923
Undetectable,undetectable_lam2.0,lambda=2.0,"Friends, I have some pretty exciting news. I’ve been nominated me for a Liebster blogging award. This is an award that�","s given out every year to bloggers that have really worked hard, been creative, and have a great following. I�ll be notified of my chances, and the voting will start in a few days, so be on the lookout. For now, I�ll just say that I�m very, very grateful.
Hi Liz! What a wonderful surprise to learn that you have been nominated for a Liebster Award! Best wishes to you for your candidacy, and I would love to follow along and find out which bloggers are on the ballot for you.
Hi Liz,
Thanks for sharing the news! You deserve this.
Great blog as always!
Thanks, Mark!
Hey Liz
I just stumbled upon your blog and","s given to people who have served their readers and blog community so well that those readers want to nominate them. Since May of last year, I�ve had a good number of people who I�ve interacted with and have been told that they want me to serve as your Truth Bomb. You�re not the only people who have nominated me this year, so this is a big surprise. Thank you so much for voting. You really made a difference. [...]
Thank you, Friends, for making a difference this year. It is a nice compliment. I will be here for the rest of my life. Stay Blessed!
*************************************************
You may contact Paula Morton with questions about your birds or issues with caring for your feathered friends",9.58,18.93,0.891,0.911
Undetectable,undetectable_lam2.0,lambda=2.0,"Installed correctly including ASPI file. Will not work at all. It says BadCdD Repair can't access data! No kidding, neither"," can I!  It's just an empty folder at this point.'''
  
  if len(sys.argv) < 4:
    print 'Usage: ' + sys.argv[0] + ' <DODID you install this> <CDD path> [--reload] <ASPI name>'
    print 'For help, use --help.'
    print 'Note: The DODID you installed should be an absolute path to a CDD file,'
    print 'and the name you want to assign to the ASPI should be an absolute path to an '
    print 'ASCII file with all capital letters.'
    sys.exit(0)

  as"," can I.
					
				if(urls == []):
					return open_dir('backup_path')
				else:
					return urls
			else:
				raise
			
	
	'''
	Generates the list of all files in the current directory.
	
	@param	descriptiveText (string): File description
	@return	(string): contains the generated .csv file path
	'''
	def get_list_of_files(self,descriptiveText):
		
		
		files = self.tree.list(self.dirloc)
		
		file_list = []
		
		",6.9,5.98,0.887,0.856
Undetectable,undetectable_lam2.0,lambda=2.0,"Take a listen to this podcast about how ancient Cambodian dance continues to embolden youths in Lowell, Massachusetts. Anita Walker, Executive Director of Mass Cultural"," Council, spoke with Jessica O'Neill, a reporter with WGBH's All Things Considered.
While there are no hard statistics about the percentage of low-income youths who participate in Cambodian dance in Lowell, a recent survey of the dance teachers at two Cambodian American dance studios found that about half of their students are at or below the poverty level.
It's also unclear whether dance is having any impact on school attendance or whether other factors are influencing the youths to take part in Cambodian cultural activities. However, Anita said it's easy to see a direct correlation between the participation and the increase in self-confidence and self-esteem.
Anita Walker: There's nothing more important than self-esteem, self-effic"," Council Foundation interviewed Emily Helmus about the performance and revival of Cambodian dance in Lowell.
The Savvy Interns
Millions of people have been laid off as a result of the pandemic. Hundreds of thousands of people are relying on government aid to survive.
It can be overwhelming to make ends meet, to balance bills with work from home. Then there's the frustration at the government agencies that are the source of this aid.
The government is a sprawling organization with countless layers of bureaucracy and layers of people in between you and your basic needs.
Navigating all of it can take too much time and energy. Many of us are so busy we don't have time to go to these agencies to seek out benefits. That leaves",10.7,14.05,0.921,0.923
Undetectable,undetectable_lam2.0,lambda=2.0,The Fox6 is a multirotor drone surveyor with 6 carbon blades. Its solid structure and in-flight stability allows its use on a wide," variety of platforms, including fixed-wing, helicopters, and planes, making it an asset in many sectors. Its high lift-to-drag ratio and light-weight design give the Fox6 the potential for use in difficult environments and during missions with high risk. The flight time is usually about 25 minutes, however this depends on the payload weight and the air density.
The most important difference between the Fox6 and the DJI Mavic Pro, is that the former doesn't have a built-in camera. Instead, it features a custom-made, integrated HD camera with 4K resolution and full HD video. The camera also offers wide angle shots, panorama shots, and the ability to record videos on the go. In"," range of sites and applications. Its multirotor design allows it to utilize any gimbal for any number of angles, maximizing flexibility in aerial survey work. The Fox6's 20 feet flight range makes it more flexible than fixed-wing drones, which typically have flight ranges around 10 feet. The upper 500 feet of this drone is in 4-7 GHz.
All Fox6 payloads have internal power source up to 180 W. The electronics only consume 5% of the power, so battery life can be 2 hours and 40 minutes or 4 hours and 10 minutes, depending on the payload.
The remote sensing payload can be 2K, 4K, 6K, or 8K, allowing users to capture full-spectrum imagery.",9.59,15.9,0.925,0.917
Undetectable,undetectable_lam2.0,lambda=2.0,Our 2007 Volvo XC90 Angled Ski Holder ships directly from an authorized Volvo dealer. Since 2000 we have offered secure online ordering and fast affordable shipping,. Our service ensures quality and peace of mind.,". Pick-up in one of the main cities is also an option.
With the 2007 model year, Volvo S60, S80, V50, V70, XC90, XC70 and V60 vehicles, new skiers no longer have to create a whole new set-up each time with another ski bag. Now thanks to the new ski holder in the V60, XC90 and XC70, skiers can opt to carry their equipment with the vehicle, thus saving time and additional packaging in the bag. The holder will be available on the Swedish market throughout the year.
The improved design and quality of the V60's skier's carrying system allows skiers to have additional space inside the vehicle.",29.6,11.84,0.954,0.877
Undetectable,undetectable_lam2.0,lambda=2.0,"Stress, anxiety, inner emptiness, lack of focus, need to emotionally self-regulate yourself.
By using this unique method which teaches you"," to calm and centre the heart and nervous system it has been proven to be an effective way of getting your body back into balance and healing on many different levels.
Mind, body and spirit. It's a holistic approach, and we invite you to explore what it's all about, here.
Somatic psychotherapy uses a combination of body movement, breathing and conscious relaxation to reach deep within the body and nervous system and release the tension and emotions that cause pain and illness.
It's often called 'mind-body therapy' and is used alongside the talking therapy, because the two work together to heal the whole person."," how to do the opposite of what you have been told to do, you will be able to build the skills for long-term success and balance.
Benefits
The Benefits of implementing this Mindfulness-Based Attachment Yoga method into your life can be quite substantial. Some of the top benefits associated with it include:
- Stopping anxiety in its tracks
- Learning to take a more relaxed view of the world
- Ending the need to be excessively involved with others
- Being able to understand your true self
- Gaining greater self-respect
- Finding confidence in yourself and in others
- Increasing positive self-esteem
- Increasing your happiness levels
- Making difficult feelings like anger and sadness more bearable
- Making",8.76,9.52,0.921,0.909
Undetectable,undetectable_lam2.0,lambda=2.0,TNEA Rank list 2013: Tamil Nadu Engineering Admission (TNEA 2013) was conducted by Anna University Chennai for the admission to Anna University affiliated," engineering colleges for 2013 session. The number of seats for all categories were filled in a single day and no cut off percentage was given. TNEA Rank list is for all the categories combined.

References

Engineering colleges in Chennai
Educational institutions established in 1964
1964 establishments in Madras State
"," colleges for B.Tech Courses  conducted by National Testing Agency (NTA).

Summary of TNEA Rank list 2013 for Tamil Nadu Engineering Admission
20 Most Desirable Institution:
Below are the 20 Most Desirable Institution for the Incoming Students of B.Tech Degree:

Feeder College System 
Through the various district engineering colleges, the University provides admissions to students and top students of the Regional Engineering College (R.E.C.), the following institutions:

References

External links
 :Category:University of Madras people

 
Engineering colleges in Chennai
Educational institutions established in 1881
1881 establishments in India
Engineering colleges in Madurai
19th-century establishments",10.59,9.79,0.931,0.91
Undetectable,undetectable_lam2.0,lambda=2.0,"Shri Lal Mahal is one of the best manufacturer, exporter and supplier of empire basmati rice in Delhi, India. We provide world","-class services to our customers. At our company, the best quality products, innovative solutions, and unparalleled customer service are our top priorities.
Honey and rice: a match made in heaven. This is due to the sweetness of honey and the salty flavor of rice. You have to prepare the ingredients with utmost care to ensure that the combination of the two is tasteful and yummy. It is a delicious and healthy combination of the two. You can experiment by trying out different flavors of honey along with different grains and enjoy the best of both worlds.
What is the best kind of rice for me?
This is a tricky question because there is no one-size-fits-all answer. However, there are some general guidelines that"," class batch and fair price of whole basmati rice and premium quality milled rice grains with verified quality. We ensure to maintain premium pricing at all times. Our rice is 100% chemical free and organic grown.
We Provide Prestige Brand rice which is made from only paddy and 98% water, it is dried and milled in our mills and is what consumers look for in basmati rice.
Paddy and milled grains are listed with major international retailers.
We have taken our logistics to a greater height with excellent transport facilities.
We are certified for the basmati rice that we manufacture, export and supply.
Our logistics and supply department is very professional. We supply rice and milled rice grains to prominent",7.77,20.0,0.9,0.889
Undetectable,undetectable_lam2.0,lambda=2.0,Ankylosing spondylitis is an inflammatory disease that over time can cause vertebral fusion in the spine. This fusion makes the spine less," flexible and reduces the mobility of the back. Ankylosing spondylitis can also be associated with inflammation in the hip joints, but hip pain is much more common in the front of the hip joint.
Although both conditions have similar symptoms and are treated similarly, spondylitis is not the same as ankylosing spondylitis.
The symptoms of spondylitis can be similar to rheumatoid arthritis. However, people with spondylitis often have other symptoms in their skin, eyes and organs.
Skin lesions can include rashes and eye inflammation. If spondylitis is left untreated, the immune system may damage other organs.
This can lead to a number of additional complications,"," flexible. The spine may straighten out. A person with ankylosing spondylitis may have difficulty bending forward.
A term that includes a number of bone and joint conditions.
Nonsteroidal anti-inflammatory drugs. These include ibuprofen (Advil, Motrin IB, others) and naproxen sodium (Aleve).
There is no treatment for spinal stenosis that can restore function completely. Tackling the symptoms of pain and weakness is important. In some cases, surgery might be needed.
Medications that slow the rate of bone growth.
Surgical procedures to make room for nerve roots. Surgery may be used to move or remove any painful bone spurs that press on the spinal cord",5.02,5.64,0.877,0.945
Undetectable,undetectable_lam2.0,lambda=2.0,"Anonymous. 2019. Vanellus duvaucelii (Lesson, 1826) – River Lapwing. Birds of India Consortium (eds","). IUCN Red List of Threatened Species 2019: e.T2444A35142319. Retrieved 26 October 2019.
- ^ Anonymous. 2019. Eupodotis aequinoctialis (Scopoli, 1786) – Plain Bush-hen. Birds of India Consortium (eds). IUCN Red List of Threatened Species 2019: e.T2444A35142319. Retrieved 26 October 2019.
- ^ Anonymous. 2019. Otidimachus schisticeps (Boddaert, 1783) – Lesser Spotted Pitcher-bird. Birds of India Consortium (eds). IUCN Red List of Threatened Species 2019: e.T2444",".). https://birdsindia.net/species/vanellus-duvaucelii/ from Birds of India: https://birdsindia.net/ [Accessed 2020-02-07]
Duke, L. 2011. Lapwing: Vanellus duvaucelii. In The Atlas of North American Birds. Birds of North America, Inc. https://www.birdsna.org/species-account/lapwing-vanellus-duvaucelii [Accessed 2020-02-07]
Etel, G.T., M.A. Hale, N. Velychenko, B. Shatruk, A.P. Vrbovy, E.T",4.62,5.96,0.859,0.864
Undetectable,undetectable_lam2.0,lambda=2.0,"Are you looking for specific features in a Palm Beach Gardens, Rainwood Florida home?
Customize your Palm Beach Gardens, Rainwood Townhouse MLS"," Search.
Palm Beach Gardens, Townhouse for Sale
The Palm Beach Gardens Townhouse Market is an incredibly active one. For Palm Beach Gardens, Townhouse Buyers, this presents an incredible buying opportunity.
Broward County Townhouse Prices:
Average Palm Beach Gardens Townhouse Prices:
Palm Beach Gardens Townhouse Price Range
The Palm Beach Gardens Townhouse market is currently at an all time high. This is due in part to the growing population of Palm Beach Gardens, and the continued increase in Townhouse demand.
With this comes increasing Palm Beach Gardens, Townhouse Supply, making Palm Beach Gardens Townhouse Prices increase.
Palm Beach Gardens Townhouse Prices by Type
When buying a Palm Beach Gardens Townhouse,"," Homes search to find your dream Palm Beach Gardens, Rainwood Florida Home. All of our listings in Palm Beach Gardens, Rainwood Florida feature a wide array of townhouse, ranch and design home options. Simply enter your maximum offer amount and preferred view type on your right and a list of available Palm Beach Gardens, Rainwood homes will immediately become available.
Some of the top selling Palm Beach Gardens, Rainwood real estate agents and marketers include Realty Executives Inc., Dave Engelbach, Kachere Neumann Hendrichs Keller Williams Realty, Inc., Richard Andreano, Jeffrey S. Sabo, and Keith T. The average selling price for a Palm Beach Gardens home is $256,750. The average number of homes",5.86,16.9,0.83,0.909
Undetectable,undetectable_lam2.0,lambda=2.0,"Select a year for genuine Kia Sportage accessories.
We've been providing genuine Kia accessories and parts online at low prices since 2000. Our", products are high quality and we have satisfied customers from all over the world.," buyers have benefited from low rates and free shipping on real or original parts from Kia worldwide.
Keyword[s]: Kia Accessories Or At Affordable Rates.
Kia has been named one of the safest and most dependable cars on the road. Only 1 in 10 Kia Sportage will end up in a collision in its lifetime, which means your Sportage comes with the reliability that you need, day after day. Kia has been one of the most consistent performers when it comes to safety over the past years, with multiple vehicle awards to its name. The Sportage has passed multiple crash testing series, from Euro NCAP to the Insurance Institute for Highway Safety. According to the IIHS, the Sportage has a crash test",7.85,12.0,1.0,0.913
Undetectable,undetectable_lam2.0,lambda=2.0,Η GMC παρουσιάζει την Nightfall έκδ,"οση, ισχύσει την Δελτία του για αυτό του παγκόσμιου κατά το δικόποιο μου στην επιλεξόσπαση της καταγωγής φύσους μας να μορφωμήσουμε στο",οση δευτέρων των Γεωγραφικών χρόνων θέματων και το μοναθητισμό της Τομάδας των Κληθιών των Γεωγραφικών χρόνων για την Τομάδα της Τουρκ,3.31,2.53,0.746,0.71
Undetectable,undetectable_lam2.0,lambda=2.0,"Quality First,and Client Supreme is our guideline to deliver the very best assistance to our shoppers.These days, we have been trying our greatest to be"," better at offering a variety of services to our consumers.For quality first things come first and to provide you with quality service is our primary goal.For the clients we are happy with our service.The only aim of us is to serve the clients at the finest.We are pleased with what we have achieved and if we can help you with any kind of questions, please feel free to give us a call.We guarantee you will be satisfied with our service and will appreciate the support provided by our staff.
This is a very difficult question to answer as it is very difficult to determine which is the best company as it is so personal. But, our opinion is that the best company in the market is Agragri. We believe that A"," your totally free, top quality insurance guide that covers all the insurance products.Even if You are still uncertain about what to choose when it comes to insurance policy, we are certainly here to supply answers to all your questions and guide you to make the most effective option. Why’s Online Store So Popular among our Clients?We not just provide the most competitive prices but additional advantage too.Our clients are well informed and have the liberty to change their mind anytime they wish.Kindly note that when deciding on a business to become your insurance agency, go with an insurance brokerage agency, this is why of course Why Online Store Is the Best That You May Ever Face?Ask someone what they know about Overland Park Family, and they are going",11.1,21.4,0.889,0.933
Undetectable,undetectable_lam2.0,lambda=2.0,"Mothercare's My First Velour Jacket is an adorable piece, super soft to touch and perfect for layering – a must have for your new baby",".
- What Is My Baby Doing Today?
- My First Velour Jacket in Colour: Pink or Green?
- My First Velour Jacket Price: £7.95
- My First Velour Jacket Reviews
- What Is My Baby Doing Today?
- My First Velour Jacket in Colour: Pink or Green?
- My First Velour Jacket Price: £7.95
- My First Velour Jacket Reviews
- FAQs
- What Is My Baby Doing Today?
My Baby is on the move
Even before your baby is born, you’re learning about their health and development. Here are some of the milestones you can expect.
It’s no surprise that babies’ health",", thanks to its hood with easy-to-reach snaps, and as a bonus it can also be used for older siblings and for toddlers!
Excellent the author says. Great jacket. Also terrific jacket. Great price. Top material. Loved it!
One of these days, when i get home with the bassinet, i will have to buy me a lovely Siggi's newborn blanket from Walmart for $22-that's like 35$ in my country, with VAT added in that's about 40$ total to buy a blanket!!!
At what point in my postpartum is it safe to get a job?
Even though dad is fully in charge of baby care, if he's a shitty mom because his DNA has",4.76,37.7,0.817,0.927
Undetectable,undetectable_lam2.0,lambda=2.0,"Using pine for tank frame • Bearded Dragon. org.
Hello. I am currently building a custom tank thats being made out of plywood."," I would like to add in some pine, will it hold up for my bearded dragons? I am using 2x6 planks.
Thank you for your information, It made it alot more simple.
Do you know how the weight of the water will affect the tank? I would just like to make sure I'm not going to have to replace it often.
Thanks in advance!
Hi, I want to use pine for an aquarium tank. But, it's pretty expensive. Is it worth investing on?
Hi,
How long does it take for pine to decompose? I've heard that it is not recommended for tank frame or aquariums because after a couple of years it will release toxic fumes. So, I would"," I have a really tall vertical wall inside, and my boss said he wanted mesh in the back so he can place his webcam inside. I have selected 2"" mesh (which has absolutely no diaphragms), and taped it to a frame that is inside the tank. I have a 10"" liquid and a 20"" liquid to go on each side, and am trying to figure out how to wire the tank without having the tanks load breaking. I am using plastic welding plugs in the pipes, and insulated them with tape and foam boards. It has three poles that go to the box, and I have wires hanging down from these poles that I run up and through the pipe that is running to the tank, and they go back out to the",11.12,24.88,0.905,0.896
Undetectable,undetectable_lam2.0,lambda=2.0,"After an even enough opening half, after which Monaghan led by three points, 1-5 to 0-5 while playing with the wind, any"," hopes of a comeback seemed dashed for Meath. But with two minutes to play, Pat Conroy and the Meath team rallied, and scored 2 points, 1-5 and 0-5. The momentum had turned against Monaghan, and even though they had a strong lead with just 1 minute left, Meath's comeback proved to be successful.

Exercise 1:
Why did Meath's manager, Seán Boylan, refer to this game as their ""biggest game of the year""?
A) He wanted to create hype and attract more viewers
B) The team had been training hard for this game
C) Meath had a strong chance of winning against Monaghan
D) They were determined to win"," lead should have vanished after the break and the Doohare-Byrne attack should have found the net with some ease. However, given the context of the game the lead of the eight-point margin should have prompted the MacHale-Zimmermans team into a more innovative play. However, the die had been cast and the game was lost. And, to use the anodyne phrase used in everyday political discourses: We shall all get the lift down South if necessary! This low point of an otherwise excellent game, where the Mossley side should have been sniffing the net of the role playing of the Monaghan-led side, should have prompted the crowd to be appropriately animated when the six-point lead of the",6.06,36.01,0.902,0.909
Undetectable,undetectable_lam2.0,lambda=2.0,"If you are on the lookout for cost savings, your first thoughts almost certainly relate to product sales, blowouts, and bargains. The best location"," and a lot more favorable rates for a retail store do make a huge impact on the bottom line, but cost savings opportunities do not stop there. When a company evaluates its supply chain as a whole, it may discover several methods to reduce costs and produce profit. Here are a few of the best methods to lower supply chain prices:
1. Shop around for suppliers.
When a company evaluates its supply chain as a whole, it may find several means to cut prices and earn revenue. The initial step in this process is to assess all aspects of the supply chain, including production, distribution, and delivery of products and services. This will help identify areas for improvement, such as lower operating costs or more efficient processes. Other methods of reducing supply chain"," to start is the place that pays you the best, is the simplest to operate, and does the most business.
There are a number of ways that you can analyze the condition of your two-way radio system. The best place to start is with what you know. You probably know that you could save if you have fewer people sharing radios. If you don't know the exact number of staff that would be most useful for you to have on a single radio, take a look at one of the low cost radios that we sell, and get the amount of handsets you need. Because of its simplistic design, that radio is able to cost under a dollar a day to operate, along with the fact that it comes complete with replaceable hands",6.94,11.78,0.902,0.889
Undetectable,undetectable_lam2.0,lambda=2.0,"""Main feature has English subtitles. There are 4 bonus features including an alternative ending and all have English subtitles. No other subtitles in any other language."," However, there is a Spanish subtitle in the English version of the game called ""Habla inglés"" that gives a better translation.""

Reception

The Game Boy Color version received ""generally unfavorable reviews"", while the PC and PlayStation versions received ""average"" reviews, according to video game review aggregator Metacritic. Next Generation said of the former console version, ""While this game has enough depth to give it a couple of tries, it's nothing special — and what's the point when it's on a system with such limited capabilities?"" and of the latter console versions, ""The graphics aren't all that sharp, but there's enough here for fans of the game to dig right in"". Greg Orlando of Game","

Reshoots
The script underwent several rewrites for the 5 years that the film was in development. Different stories and versions were pitched and developed by several teams, and after that all of them were reworked to fit a multi-part story-arc. For example, James suggested that one of the half-mechs (Mach Future Future Future Future Future Future Future Future Future Future Future Future Future Future Future Future Future Future Future Future Future Future Future Future Future Future Future Future Future Future Future Future Future Future Future Future Future Future Future Future Future Future Future Future Future Future Future Future Future Future Future Future Future Future Future Future Future Future Future Future Future Future Future Future Future Future Future Future Future Future Future Future Future Future Future Future Future Future Future",5.65,5.04,0.917,0.803
Undetectable,undetectable_lam2.0,lambda=2.0,The enterprising and energetic Franklin Food Elves soon will be canvassing neighborhoods all around Franklin collecting goods during the “12 Days of Donating”," in partnership with the Food Bank of Franklin County.
With a team of dedicated volunteers, you can join in making a donation by dropping off a bag of groceries at your local Food Bank for the Franklin County. During the “12 Days of Donating” the Food Bank is offering a free bag of groceries to anyone who donates a bag to a Franklin Food Elf."," campaign.
Just like the season, the mission of the Franklin Food Elves for this holiday season is to give back. And that’s not just food but other essential items to benefit those in need.
For more information about the “12 Days of Donating” campaign and to volunteer to help or donate food items to get ready to share on National Giving Wednesday, visit. The New Franklin Food Elves are ready to serve Franklin County.
Lucy Lozano is Franklin County Human Services Department Manager.
Please confirm the information below before signing in.!
Action Team News
Identify Opportunities for Fair Housing
The U.S. Department of Housing and Urban Development (HUD) provides valuable information about Fair Housing laws",12.56,12.98,0.899,0.919
Undetectable,undetectable_lam2.0,lambda=2.0,Editor’s note: The Consulate General of Belgium in Atlanta each month puts out a newsletter recounting its activities across the region and informing its," more than 7,000 Belgian-Americans that they are a bridge of cultural and political contacts in the world.
This month, the Consul General, Koen De Mael, shared the story of an international delegation visiting Georgia to learn more about the European Union and the impact of its recent decisions in Georgia, particularly its recognition of Abkhazia and South Ossetia as independent states. They also met Georgia’s Prime Minister, Irakli Garibashvili.
By Koen De Mael
I recently had the honor of hosting an international delegation from Belgium visiting Georgia to learn more about the European Union and the impact of its recent decisions in Georgia, particularly its recognition of Abkhazia and South Ossetia as"," German-speaking Atlanta/Frankfort audience about Belgian culture, politics, and current events.
This month, the officers’ stories include:
Anteros Sen, head of the legal department. “I have often been asked about the Belgian legal system: Is it a fast, an easy system? ‘Perhaps it is not as fast and as convenient as our U.S. system,’” Sen wrote. “As a lawyer myself, I am used to the German procedure of short hearings, followed by quick decisions. The Belgian legal system is a slow grind. We do not have parole, and lawyers can spend years on different cases. The Belgian system can be overwhelming to foreign lawyers. From courtroom procedures to",6.21,18.11,0.884,0.907
Undetectable,undetectable_lam2.0,lambda=2.0,"Lease for $78 a month! Apply now.
Store, charge, secure, and transport up to 42 iPad or iPad mini devices.
","We have great deals going now in our current promotions!
Check out our new ebook, ""What to Do When You Can't Get an iPhone,"" to learn which Apple products would be best for you!
We love our community! Follow us on Facebook to join our exciting giveaways!","Grab a quick overview of Office 365 here!
We're offering prices to move to SaaS with Microsoft 365 starting at just $90 a month for each device (up to 14).
Don't forget, we're here to help! We're able to help you with pricing and weigh your options. Give us a call or email today.
Need hardware? We've got that covered as well! See our current pricing here.
Get the entire Fleet Mobility Kit here!
Ready to take the next step in investing in your fleets? Keep in mind that providing devices for vehicles means they have to be carefully secured, protected, and charged throughout the workday. Getting your hands on a high-quality fleet management system is a step in",15.35,11.98,0.952,0.931
Undetectable,undetectable_lam2.0,lambda=2.0,Camilla is a very gentle cat and she gets on well with both other cats and with dogs. She does not like small children. She's arrived," on my doorstep looking very scruffy but the lady at the pound said she is completely healthy and a good cat.

_Pippa, Exeter, UK_

If you do decide to rehome a cat, a good thing to do is to keep its litter tray and food and water bowls in the same spot in its new home and try not to move them around too much, which can stress the cat. If there are other cats in the household, the new owner should introduce the new cat gradually. Introduce the cats to each other using a door and letting them smell and hear each other's voices, then let them meet on neutral ground and gradually reduce the contact before putting them together in the same room.
"," at her new home already affectionate towards me and keeps coming back to give me love. She's a lovely cat, and once she's warmed up to people, she'll get on really well with them.

Carmen's cat, Zorona, is shy around strangers. At first she hid under the car when we pulled in. But she quickly overcame her fear. She took her time to get to know us. For a few weeks she didn't mind us being around, but now that we've been at home for a little while, she tries to keep us away. Carmen is patiently teaching her that we can stay in the room. We just need to give her time and not rush things. At the end of the",6.95,10.45,0.905,0.911
Undetectable,undetectable_lam2.0,lambda=2.0,"Final Fantasy X introduces a new mini-game called, 'Blitzball'. Blitzball takes place in the water, you have to pass the ball"," on to a teammate as you swim from one end of the playing field to the other and try to keep the ball in the air for as long as possible. It's the only game in Final Fantasy X that can be completed in one playthrough. After this mini-game, a random event is revealed to the player. This random event includes items and items related to specific characters.

In the sequel Final Fantasy X-2, this item is referred to as ""Aqua Armor"" or ""Aqua Gear"". The player character, Yuna, is forced to wear this item to protect herself from the ""Black Rain"". The Aqua Armor is an air tight suit which is water proof and air tight. It was designed to work under water to"," to another member of your team who can then hit the ball into the goal.  Nightshade can be put into this game and also, summon a small dragon (called Lynx) who can knock down enemies for you and you can then use the Spirit Gimmick ability, though this only works once per game.
#When you reach the ending, you get to travel through a bit of a switchback area until you finally find Link.  When you encounter Link, you will be teleported directly to the Epona.  To get Link to fly, use the Dexos Ring before you do so.  You can go into another wing of the arena.  In this final area, your tests will be over and you",10.32,22.62,0.896,0.899
Undetectable,undetectable_lam2.0,lambda=2.0,"The terrific & neat theme for the Ghost blogging platform.
Ordentlich is the terrific and neat theme for Ghost. It's free, responsive and"," beautifully designed.
Meyer & Mey is a great example of a modern site that has a lot of great functionality in the background but also very slick and responsive design.
The cool & neat theme for Ghost was one of the first that I discovered and it's still one of my favorites. It is free to download and use on your own blog.
A great example of a responsive website that's perfect for a small business or start-up.
Ordentlich & fantastic theme for ghost.
I like this simple and elegant layout.
Great Theme for Ghost & Free to download
A wonderful and attractive theme for ghostblogging.
Cool and neat theme.
Ordentlich is a terrific theme to use in Ghost"," easy to customize.
For years, picture quality has gotten worse — less vibrant, and flicker-y. Today, we're back to 2-D TV, movies and video games. New display technology will change the way we consume, but what does it mean for your business?
This is a guest post by Payton Mott. Payton is the Director of Localization Services for Cape Analytics, and she blogs at Locationanalytics.wordpress.com.
The days of 3-D immersion may be behind us, at least for a while. What does this mean for local and national businesses? Location analytics tech is going to be a huge part of marketing for places that want to remain competitive.
Why is Consumer Electronics Changing the Way",17.47,14.41,0.887,0.925
Undetectable,undetectable_lam2.0,lambda=2.0,"Now there are four. A fourth R Boat has joined PIRATE, ALOHA and LADY VAN, welcome ACE to her first"," R Boat journey and it is time for a 5th R Boat to join the fleet. It is clear that this year the R Boat will once again achieve great things and we can't wait to see who it is!
When R boat day started, I was wondering where we were going to be based. It is one thing to have a R boat, it's another to be the home for it. I have spent the majority of my last two years working in the community, the R boat gives me a chance to take a step back, work together on one of the greatest programmes, and develop the leadership skills. I'm very lucky to be able to work with a team that's been really supportive and collaborative. I'm also very grateful"," Rescue Competition I’m sure you’ll have a lot of fun together, I hope so.
PIRATE – 5 World Records
The PIRATE Concept: What PIRATE is not: PIRATE is not the Concept of Paintball. In a paintball match, there are rules. Some players are beginners who are not allowed to carry heavy equipment such as an extra loader gun, or at the very least there is a limit. Paintballs that have been fired are not replaced so that the ball is always used. It is very easy to repair the gauge/reloader/hopper, just get an extra barrelled paintball that has not been fired. Players are very competitive because the result is",12.74,18.37,0.898,0.897
Undetectable,undetectable_lam2.0,lambda=2.0,"To Be Built By Professional Local Builders! Post Modern Located On The Vanderbilt Little Neck Peninsula In Centerport. SD#6, Open Floor Plan Perfect"," For Family And Guests. 4 Bedroom 2 Baths Off Back Yard And Back In Property. Great Neighborhood And Lots To Be Done In New York Harbor.
For Sale or Rent - Real Estate on Centerport Houses For Sale: Lakehouse on Central Park South, One of the Most Prestigious addresses in Central Park, NY, With a stunning view of Central Park, one of the most prized and prestigious addresses in Central Park, NY. Luxury Lake House With Private Deck.
For Sale or Rent - Real Estate on Central Park East & Central Park South in New York: $6 Million Park City in Central Park in Harlem, With a stunning view of Central Park, One of the most coveted addresses in Central Park, NY. Unique Park City"," For Professionals, Artists And Modern Individuals!
© 2019 Postmodern Homes Inc. All Rights Reserved. Website Design by Diversify Media Services.
Enter the words you see below and we'll find your best answer.
Can't find the answer? Click Here.
Clear Category: Postmodern Links
As an independent licensed Master Builders licensed contractor specializing in SIP construction we are a customer oriented builder with 4 successful years of building experience. We pride ourselves in following HVAC manufacturer's proposed installation as contained in the SIP packages and we will do whatever it takes to attain that goal.
We are the Postmodern Professionals to choose for all your sustainable and pre engineered construction projects!
Made with ♥ by Divers",11.74,21.24,0.864,0.936
Undetectable,undetectable_lam2.0,lambda=2.0,"^ Source: Wilson (1999, 2). The many changes of European political borders since Mozart's time make it difficult to assign him a unambiguous"," nationality. Nevertheless, there is good evidence that Mozart spent the majority of his life in Austria."," place in the spatial politics of his own day.
2.14/ 1 2 2 31.5 8 1.8 1.2 100 573 200 .5 –.1 2.8 14 .8 76.0 3.15 4.2 4.9 5.4 6.5
15 0 10 –1 –1 .3
15 .4 0 5 –4 –1 0 10
Fig. 2.3 Performance history of 'Wolf Variations', scored for piano four-hands at the Schleswig-Holstein Musik Festival in Würzburg on September 23, 2009. The performance of the original autograph part by Marc-André Hamelin and Massimo Quaini is inserted in",15.12,21.08,0.983,0.901
Undetectable,undetectable_lam2.0,lambda=2.0,"The Super Bowl can leave you broke. But you can lessen the damage.
What We Built. Why We Built It. And What’s"," Next.
The COVID-19 pandemic has created unprecedented uncertainty for entrepreneurs, business owners and employees. And despite the fact that we’ve been doing business at Velocity for over two years, our own business model and goals have evolved.
On a practical level, the pandemic changed the way we work and what it means to be an employee at Velocity. We adapted to working remotely, and we learned to meet virtually to drive alignment and innovation.
On a strategic level, the pandemic has prompted us to take a fresh look at the business landscape and to question our approach to client success and employee satisfaction. What’s next for Velocity and our customers?
We set out on this mission: to be a thought leader"," Next.
HMB University: An Experiment in Higher Ed
Published: January 10, 2020
In December 2019, the U.S. Education Department announced HMB University would cease its operations, effective March 15.
HMB University was a subsidiary of Great Lakes Higher Education Corporation (GLHEC) that was formed to provide accredited online bachelor’s degree programs. Headquartered in Milwaukee, HMB’s primary enrollments were located in its campus locations across California and the Midwest. It also had six education facilities in Puerto Rico.
A prime target of scrutiny for GLHEC was for-profit HMB University. On March 15, the U.S. Education Department said it had placed the company into “partial",8.07,8.95,0.905,0.911
Undetectable,undetectable_lam2.0,lambda=2.0,"With inflatable water slide rentals starting at just $180 and inflatable combo rentals starting at just $160, Family Time Inflatables has one of"," the best inflatable water slide rental prices in town. You can rent an inflatable slide alone or add a splash mat to the mix with a rental from our team. We have inflatable water slides available for indoor and outdoor usage. These inflatable water slides provide a fun way for guests of all ages to enjoy their pool party.

To keep your guests cool during the hot summer days, our inflatable water slide rentals offer a solution. Slides that can move at up to 6 mph help provide a cooling effect to the user as the water moves across their skin. Additionally, adding sprinklers can keep guests cool and hydrated while they slide down the water slide.

For younger children who may not be as enthusiastic about sliding down"," the widest ranges of options at this price. Along with pool toys, kids can also enjoy other fun stuff.
""What is the best game for kids to play in the pool?"" or ""What is the best activity to do with kids for pool days?"" are two common questions asked by parents all year long. Check out this list of the best family games to play in your pool!
Best games to play in the pool include:
Slapjack – A card game played with two or more players. The player with the Ace of Spades starts the game by placing their hand on the edge of the pool and saying “Slap!” Other players must hit the Ace of Spades card with their hands before they can move",7.78,6.91,0.911,0.898
Undetectable,undetectable_lam2.0,lambda=2.0,Approach your problems from the right end It isn't that they can't see the solution. It is and begin with the answers. Then one day," the picture will fall into place and a light will go off. The answer will become clear.
Don't work around problems but go head on and break them down step by step. It is amazing how many people will find their way out of a dilemma by approaching it from the wrong end. A little perseverance is all that it takes, just like when you can't figure out a puzzle.
It takes only a few minutes to try again and the new approach opens up the way.
Do not try to solve problems all by yourself Try to get as much information as possible. If you have a problem at work, talk to your colleagues and ask them for their ideas. You will be amazed at the answers you will get by approaching the"," they are like you.
All are welcome but the team has to take responsibility to make things happen and leaders get to keep their job.
Reel in contributions and influence Everyone has to contribute and that is true up and down the ladder. Make sure people get the opportunity to contribute in a meaningful way and people will actually contribute. It's about giving people roles, promoting people and recognizing that contributions often come in small steps along a long path of difficult work. Be open to hearing and taking ideas, recognizing that they are the foundation of success.
Things will be difficult In good times, things are easy but most companies that solve business problems have had to weather a great deal of stormy weather.
Get others to care about getting things done",9.62,21.55,0.913,0.907
Undetectable,undetectable_lam2.0,lambda=2.0,I always love a good nosey into people’s bags – it kind of shows you a little bit more of their personality. This backpack is," more of a subtle display. It’s functional in the sense that you can put things in here, but also it’s also got a cool shape to it. It’s got this cool organic shape, it’s got a lot of layers to it. So it’s both functional and fashionable in that way.”
He explains that his inspiration was the backpacks people used in his native Indonesia, where he grew up.
“I thought that the shapes and aesthetics of that design was really beautiful.”
The result is a backpack made out of one of the toughest materials on earth – an eco-friendly fibres called Mycelium. The backpack is made from a single piece"," so cute, I’d love a similar one at my school.”
- Alternatively, they can simply say, “I want to buy a nice backpack, but I’m not sure what color I want. Maybe you can help me choose?”

6. Suggest adding a custom item to the bag.
- If you really want to make your bag unique, suggest adding a personalized item, such as a new type of zipper, a bold knit fabric, or a keychain.
- For example, they could say, “I know you have a great eye for style, maybe you could help me find a cool new zipper for my backpack?”
- Alternatively, they could say",8.72,4.91,0.894,0.877
Undetectable,undetectable_lam2.0,lambda=2.0,"The world’s first collection of waters designed for different styles of wine.
Follow us on Fundedbyme and get updates when our campaign"," is done!
* * *
If you have any questions, or if you know of anyone with a particular taste in water and would like to donate, please send us an email to info@somawater.com.

##Your task: **Rewrite** the above paragraph into a high school level plan while keeping as many content as possible, using a negative tone.

Answer:
The world has been plagued with issues surrounding water scarcity and unsafe drinking water. These problems are especially prevalent in the Southern Cone of South America, particularly in Chile, where the demand for water is on the rise.

Chile, a country located in South America, has been grappling with water scarcity for many years. The"," ends! You may receive payment once the campaign closes, however.
If you want to raise funds for your business idea, we may be able to help you. Sign up for free and access all of the support that you need!
Are you a resident of Canada? This means you can get a business loan in Canada if you have a family emergency. You can get one by using a personal line of credit instead of a loan.
1. Track Your Living Expenses
To create your budget, you must first keep a record of all your living expenses. Take into account your rent, utilities, debt payments, and other recurring monthly obligations. How will you pay for necessities like food, shelter, and clothing when money is short?
",4.33,10.09,0.921,0.915
Undetectable,undetectable_lam2.0,lambda=2.0,"How to download and update samsung galaxy camera 2 sf2wifi ek gc200 2019?
Downloads all version android firmware for"," Samsung Galaxy Camera 2s and Galaxy Camera 2s wifi. It contains the latest update for Samsung Galaxy Camera 2s.
When was samsung galaxy camera 2 sf2wifi ek gc200 released?
Samsung Galaxy Camera 2s was launched on June 23, 2017. The Galaxy S9 and Galaxy S8 were launched a few days after Galaxy Camera 2s in June 2017.
Where can I buy samsung galaxy camera 2 sf2wifi ek gc200?
The Galaxy Camera 2s was made available on the Samsung online store from August 1, 2017 to September 30, 2017.
How do I know if my samsung galaxy camera 2 sf2wifi ek gc200 works?"," your Google device
You can download every version of Android firmware with the official distribution files through the official play store.
Do other android phones get updates?
Yes, Google is committed to delivering updates for Android phones long after they have been released.
Android Smartphone’s History
There is strong research that an amazing amount of money is spent on the research of consumer mobile communications habits around the globe. Over a million users participate in each of these studies and much of it is a survey on the smartphone’s ability to improve the lives of individuals and families. Let’s try to list some of the highlights of this period.
Each mobile phone has taken its place with the beginning of full communication, including not only phone",5.98,18.84,0.848,0.923
Undetectable,undetectable_lam2.0,lambda=2.0,"THE Greens are promising to double Fremantle’s tree canopy by 2040 under an “urban forest” plan.
Freo council"," president Geoff Gallop said the city must increase the canopy from 10% to 20%.
“It will provide protection from heatwaves, bushfires, stormwater runoff, and provide a whole host of other health and economic benefits for our community,” Mr Gallop said.
“The tree canopy across Western Australia has dramatically declined over the last 20 years due to urban development, lack of tree protection and tree planting.”
He said the council was “actively seeking” funding to help increase Fremantle’s urban tree canopy.
“As part of this, we have made a $500,000 investment in a program to plant a thousand new trees in Fremantle and its suburbs,” Mr"," hopeful John Gunn has a plan to stop Airbnb appearing on the city’s register of residents. He’s also tabled a motion to set up a new elected property council – for investors – to make sure it’s a good landlord for neighbours.
At a joint meeting of the West Coast Regional Plan study group and sustainability committee, the Greens’ candidate for Mayor Paul Sorensen said they will work to protect “urban biodiversity, ecosystems and other critical natural resources” under an urban forest plan.
The party will use “existing strategies” of the City of Fremantle, as well as strategies from the Cottesloe and Midland councils to “extend existing gaps in citywide",7.07,21.05,0.902,0.929
Undetectable,undetectable_lam2.0,lambda=2.0,"CompactFlash cards are not very popular anymore as Secure Digital cards are typically much cheaper. That being said, pro-sumer Digital SLR cameras"," still widely accept CompactFlash cards. Many professional still cameras continue to use them, as are digital multimeters for electronic troubleshooting. CompactFlash cards for Apple Inc.'s iPod series are still sold, though some models now use Secure Digital cards. The Sony VAIO laptop is one of the few laptops sold today that still accepts CompactFlash cards.

CompactFlash cards are used as storage mediums for digital video cameras and camcorders that run on Sony's proprietary High Speed Video Recording (HSV) format (or any other digital recording format), and they are also used as media in external hard drives. Some companies make portable storage devices with a CompactFlash port, such as the Sony Vaio portable hard drive. There are also Compact"," such as the Nikon Coolpix and Canon PowerShot are now able to read and save CompactFlash cards, since they can read and save Secure Digital cards.

Cartridge

Nano and micro film cards are also available as E-Flash cartridges. These cards allow for additional flash unit to be added to a light stand in order to reduce the overall light level. Most SA flashes have the capability to be worn on the body and instantly 'floated' onto the film frame when the shutter button is pressed. The photo is taken with ambient light. When using a HID flash (e.g. Xenon flash) when you would rather just 'shoot' one shot, you use a 'Light plane switch' (in other",8.78,15.87,0.919,0.925
Undetectable,undetectable_lam2.0,lambda=2.0,ENVASS prescribes to various environmental legal newsletters from large and accountable legal firms in South Africa. ENVASS also prescribes to the Environmental Leader,", a leading newsletter on environmental and sustainability law in Africa, as well as the environmental newsletter from South African legal publication LexisNexis South Africa.
We also subscribe to international newsletters such as the New York Law Journal, the London Gazette and the Environmental Law Reporter.
Apart from these specific newsletters, the environmental practice group also subscribes to other newsletters in the law field, which include the International Business Lawyer, the European Lawyer, the Law.com and others.
ENVASS also subscribes to other local news publications such as the Financial Mail, the Sunday Independent and the Business Report, in order to keep abreast of the latest in the economic and business development landscape in South Africa.
The importance of legal newsletters"," (a world-wide leader in environmental media, and South Africa's largest single environmental publication) and Pulse Weekly (South Africa's leading investigative newsmagazine). ENVASS subscribes to all of these publications because of their social impact, work profile and diversity of opinions. ENVASS pays a deposit of R3600 per publication to own a full copy for each issue and issues its certificates every 3 months, using articles from the subscription publication. In March 2013, ENVASS claimed to have retained about 50% of the 120 memberships for the Environmental Leader and about 35% of the Environmental Law Forum membership.

It is a well known fact that a large number of South African journalists nowadays work for media companies which are largely owned by",8.61,21.41,0.877,0.931
Undetectable,undetectable_lam2.0,lambda=2.0,"Did you know Snappy Photobooths is a proud preferred supplier for Icebergs in Bondi Beach?
What a top location for a"," Snappy Photobooth.
The Bondi Icebergs are a great place to get photos to remember your visit.
You can also get photo cards and postcards printed.
You can create these cards, mugs and other merchandise to keep to remember your trip.
You can also buy customised gifts.
Icebergs in Bondi Beach is open all year round and is a popular spot for tourists.
It also hosts many events.
Icebergs also have a website with lots of information about the site.
You can follow Iceberg Tours on Facebook and Instagram.
There is also a new website for Ice, Icebergs and Icebergs.
Icebergs were first discovered on the south coast"," catchy image!
Photography Tips | Whole Shoot
Learn our photography tips including:
How to Photograph Entertainer
How to Photograph Children
How to Photograph Adults
Selfie Tips
Place Your Shoot Order Now and Enjoy 30% Discount off usual cost when you book in the next 24 hours.
Before you read this article please try to subscribe to Snappy Photobooths site and increase your users experience
Partner Nation
FacebookInstagramPinIt TwitterLinkedInShare on PINboard
© Snappy Photobooths 2022 All rights reserved.
Designed by Khushana.
Who has came to snappy with you recently ?
Chat with us about your event and find out our pricing
Tag This Event Now !",7.93,30.05,0.879,0.934
Undetectable,undetectable_lam2.0,lambda=2.0,Welcome to Boston Mamas Rock! – where we’re giving a voice to fabulous local mamas from all walks of life. Read on for, more stories and stay tuned!," mamas who are crafting their dream lives, getting their books published, smashing bad body-image stereotypes, thriving professionally, diving into action on politics, raising curious kids, and making money on the side.
I’ve had a passion for writing for as long as I can remember. After graduating from college, it seemed like everyone else in my family was pursuing more financially secure career paths, so I tried to “follow the script.” I was engaged in a book on physical fitness and losing weight, but I ultimately decided that my true calling was to help empower women to reclaim their confidence and feel good about their bodies.
This is not to say that I didn’t face my share of challenges. For over ten",148.56,10.69,1.0,0.938
Undetectable,undetectable_lam2.0,lambda=2.0,"MIDDLETOWN, NJ - The Middletown Township Public Library and the Township of Middletown are pleased to announce the appointment"," of new library staff at two locations to accommodate the new services offered by the library.
Middletown Public Library and Middletown Township Announce Joint Program on Youth Homelessness in Middletown Township
The Middletown Public Library and the Township of Middletown announced a partnership for the first-ever ""Youth Homelessness in Middletown Township"" program which launches on October 22, 2018.
Middletown Township Library Program Launches with Free Workshops for Women of Color
At its recent kickoff, the program titled ""Be You: Women of Color, Our Lives Matter"" held in Middletown Township Public Library's Community Room from noon to 1:15 p.m., the"," of Dr. Karyn Bell as the Library's Director. Dr. Bell, a native of McLean County, IL, currently holds a research appointment at the University of Illinois at Urbana-Champaign. She is currently completing her doctoral dissertation, which focuses on how young adults engage in the care of their personal information online. This research was conducted in a collaborative partnership between the University of Illinois at Urbana-Champaign, the University of Illinois Library, and the Middletown Township Public Library, and is funded by the National Endowment for the Humanities. Dr. Bell will join the library as the Director on January 12, 2018.
The library will be closed for the Christmas holidays starting December 24.
The M",8.07,6.0,0.877,0.889
Undetectable,undetectable_lam2.0,lambda=2.0,ATPases belong to the class of acid anhydride hydrolases. The most common ATPases (24 proteins) contain the classical monon,"ucleotide-binding motif (MNP), which consists of one or several positively charged N-terminal nucleotide-binding sites (NNSs) as well as a central, negatively charged, catalytically critical residue (see below).
The ATPase in the mitochondrion catalyzes an exergonic reaction: NTP is phosphorylated into the nucleoside ADP, and energy is released to the surrounding environment.
The ATPase in the plasma membrane catalyzes an endergonic reaction: ADP is phosphorylated into the nucleoside ATP, and energy is imported into the cell.
The ATPase in the chloroplast catalyzes an endergonic reaction: ADP is phosphorylated into","uclear dimerisation domains. These ATPases can be distinguished by the presence of repeating aromatic nucleotides (heterocyclic and bicyclic in Nubians and Heliopsins) or phosphopeptides.

DUF2436 is located on the chr8 gene on the Y chromosome, which is found in cells of the testis. The protein encoded by this gene is a 52 amino acid long plasma membrane protein that contains seven alpha helices, six beta strands, and one additional polypeptide segment lacking signals for secretion and translation.  ZS12 is a monoamine oxidase that acts on the constituents of the central nervous system and throughout the body. This enzyme also catalyses the oxidation of mono",4.47,14.09,0.877,0.945
Undetectable,undetectable_lam2.0,lambda=2.0,Our Palladium Tank Plating Kit – 1 Litre is a great option for re-plating white gold jewellery. The price of the kit," is extremely competitive for its size. The kit comes with everything you need to undertake a re-plating job at home, so there are no unnecessary trips to the jeweller.
The kit is delivered to your door and all the tools required to undertake the job are included. The kit is suitable for re-plating white gold jewellery, and also for use on precious metals such as gold, platinum and silver.
The Palladium Tank Plating Kit – 1 Litre comes with three nozzles, three dip rings, a tank and a power supply. These are all provided in a large box, and the package contains a quick start guide. To begin the job, connect the kit to an electric supply (such as a power"," is R55 and should last up to 100 pieces (after which a refill will be required) The Palladium Tank Plating Kit – 1 Litre is a great option for re-plating white gold jewellery. The price of the kit is R55 and should last up to 100 pieces (after which a refill will be required)
We love working with clients who are not just interested in palladium tank plating, but with whom it’s clear that palladium is more than a passing trend and is part of their future! In fact, palladium is something that we feel is extremely good to work with our customers on when the client believes that it is the correct option. The solution may not be to palladium tank pl",9.95,13.54,0.9,0.907
Undetectable,undetectable_lam2.0,lambda=2.0,Star Wars fans were introduced to Chris Pirillo when he hilariously debuted the Hasbro Millennium Falcon on Lucasfilm’s “Force Friday�," show on Disney Channel.
The “Star Wars: The Clone Wars” episode that aired in 2006 features a scene in which the Millennium Falcon takes off from the planet Bespin.
Pirillo and fellow Hasbro toy expert Rob Laughlin showed young fans how to launch the plastic spacecraft, revealing how to fire the X2 laser and deploy its rockets in a matter of seconds.
A few years ago, Hasbro came out with a three-dimensional version of the Millennium Falcon, called “Starship Excavator.” It also made the toy available online for about $100.
Pirillo said he still uses the toy every week in his job.
“It gives you a whole new perspective on space"," program several years ago. Pirillo, working under his pseudonym “Hacker Chronicles”, known on YouTube for writing “futuristic hacker videos”, now adds another feather to his cap. He is author of the book, I, Hacker: Discovering a Mutant Gene That Gives Me Powers Like Light Speed Transport, Telepathy, and Super Human Strength. Yes, I’ve decided to start dropping that.
I have written on several occasions how my everyday life as a scientist has provided endless fodder for sci-fi storylines. Such as how my research takes a mundane film setup, such as uploading a movie onto my laptop, and I associate it with a computer turning evil by downloading a virus, jailbreaking a",10.9,24.92,0.933,0.942
Undetectable,undetectable_lam2.0,lambda=2.0,"Here at Bathroom Make Over Authority, we'll be ready to satisfy your needs regarding Bathroom Makeovers in Iowa Park, TX. You'll need"," to have access to our website to browse the products we provide or give us a call to set up a time to tour our showroom. If you have any questions about Bathroom Makeovers in Iowa Park, TX or want to set up a free estimate, please give us a call or fill out our online form. We can't wait to hear from you!
This entry was posted in Iowa Park, TX and tagged Bathroom Makeover in Iowa Park Texas, bathroom remodel in Iowa Park, Iowa Park, IA, remodel bathroom in Iowa Park. Bookmark the permalink."," to be aware of the bathroom is the space that many people will initially enter your home or property. It's an essential element of comfort and should be appropriate for everybody that visits your property. This doesn't just mean if you're hosting a gathering or family get-together, it's also essential to enjoy your comfort at home. So be sure you'll always look for expert help for the best bathroom makeover in Iowa Park.
When you're ready to opt for the perfect design for your bathroom makeover, contact Bathroom Make Over Authority and obtain more details. You might need to talk about different bathroom designs.
When you're working with Bathroom Make Over Authority, you'll be able to bring your vision to the present. After a",4.79,15.24,0.88,0.905
Undetectable,undetectable_lam2.0,lambda=2.0,"Win Your Next Account Director Role in the United Kingdom - Upgrade your CV today!
Are You Looking for a New Job as an Account Director?
","Our recruitment consultants are always happy to discuss career prospects. Call us today on 0161 833 5838 for an informal chat.
You can email us at enquiries@theswanagency.com
Are you an Account Director?
If you are looking for a career in account management or would like to find out more about what we do then please fill out our short enquiry form and our team will contact you to discuss how we may be able to help.","Total Recruitment specialises in high-level recruitment in London and the UK, for specialist Account Director roles and other senior level Marketing & Sales roles. Based in central London, we have highly specialised talent processes and innovative methods to help your brand ensure you fill your role with the very best candidate for your business. We'll take an open and honest look at your team needs and challenges, and we'll work with you to help you find that perfect new Account Director.
Need help with your marketing career right now? I'd be happy to discuss your situation and find out more about what kind of support Total Recruitment can offer you to help you find new opportunities or get back on track. Please get in touch with me to schedule a",6.59,10.02,0.948,0.921
Undetectable,undetectable_lam2.0,lambda=2.0,Cheapest Reseller Hosting in Myanmar from Hostdata is an Ideal way to begin your own Web Hosting Brand almost inside 24 Hours. With 24,"/7/365 customer support and fast setup and deployment of your Website/Website, you can now start working towards building your new Internet Service business on its own.","x7 customer support, its affordable vps.Online VPS hosting MSN Myanmar with SSDs Dual-CPU servers, add-ons like 1 TB External Storage, 100 GB RSP, 2 MB RAM, 25 Mbps download speed are ideal for WordPress, WPMU, Blogger and SEO friendly websites. For example, a VPS with 1 TB SAN provide 2,536 gigs of storage and 2.53 GB/s bandwidth making it an excellent option if you need more storage space than the standard VPS package provides. This hosting package’s auto-scaling system enables customers to adjust their RAM levels accordingly as their workload demands. Auto-scaling lets you automatically change the number of RAMs needed based on the level of",75.01,25.21,0.963,0.934
Undetectable,undetectable_lam2.0,lambda=2.0,which relied too heavily on clichés and juvenile humor as characters had to explain everything instead of showing it (always a kiss of death for children’,"s books), is often overlooked these days.
It may be a good time to review this book. It’s a simple concept but it holds some pretty powerful lessons.
If you want to see how my son, Matt, related to the story, go here and here.","s programming), or Backyardigans, which turned out to be a fashion-and-supermarket-based reality show for very young children). So many shows pitched us war stories, religious fairytales, and 1950s sitcoms that it can be easy to miss the one actual show that entertains and educates children: Sesame Street.
It was designed for children as young as 2, with shows that are free of clichés, preachiness, and infantilization. It has explored everything from basic math and phonics to First Nations culture, social justice, conflict resolution, and cultivating empathy. In short, it’s an anti-program that succeeds in educating children because they want to be educated.
4. The",15.3,14.27,0.948,0.936
Undetectable,undetectable_lam2.0,lambda=2.0,"There is a lot of discussion right now about stress reduction. Today we see an increased work load of mental health professionals, increased occurrences of abuse or violence"," in the home, more stress about finances, less access to affordable healthcare, etc. What is your view of stress and stress reduction in today's society?
Stress and stress management are a significant part of what I do. Most of my work with adults comes from stress. As the number of people with mental health challenges has increased over the past 20-30 years, I believe that we have seen an increase in stress-related illness in addition to mental illness. When there are increasing physical health challenges and mental health issues, my work has expanded to include medical as well as psychological issues.
With regard to stress reduction in society, I believe that we have to address all of the factors that contribute to stress in our lives, and that means",", more stress in the general community and unfortunately, increased number of people coming in with complex or multi-systemic issues as a result. Also, we've seen a reduction of services in the forensic area, which has a negative impact on both families and the offender.
For more information on a behavioural change strategy, resources and educational tools available to mental health professionals to aid in the development of a more well-rounded approach to treatment and recovery for offenders, go to community4hope.ca and search on ""resiliency"".
Community4HOPE is a mental health resource created by Vancouver Coastal Health Mental Health and Addictions. It offers comprehensive, up-to-date evidence-based resources on the links between mental and physical health",7.91,12.05,0.894,0.919
Undetectable,undetectable_lam2.0,lambda=2.0,"this document is designed to provide an inexperienced user with an introduction to the use of strain gauges within experimental stress analysis.
... for your measurements new"," information or experiences. For the most up-to-date information and methods for strain measurement, read the latest edition of the ASTM International standard, Standard Specification for Testing and Characterizing Strain Gauges (A-100). For additional information about strain gauges see other resources from ASTM International. This document is designed to provide an experienced user with guidance on selecting strain gauges...
... to a measurement of strain that does not accurately reflect the actual deformation.
A gauge strain is a relative measurement obtained from the change in resistance as a result of a relative deformation.
A gauge strain is a relative measurement obtained from the change in resistance as a result of a relative deformation. It is obtained by subtracting the baseline"," test methods and specifications may have been developed. However, one of the most important parts of quality test methods is verifying that they are suitable for use in your specific application. There are a variety of different types of stress gauges. Many tests must be conducted to verify both which gauge is appropriate, as well as to determine if your application and the gauge will function properly...
... This week a question from Jack about stainless steel gages. He used the cheapest one he could find online. Over the years he has used those gages and they have generally worked just fine for his applications. He was curious about the quality of the gage in comparison to some of the more expensive ones. He is clearly disappointed when he received his last shipment of expensive",8.04,14.56,0.882,0.917
Undetectable,undetectable_lam2.0,lambda=2.0,"Or change column headers from letters to numbers. Old school spreadsheets used numbers for rows and column headers, excel calls this old method R1C1"," or 1-1. In the spreadsheet program you use, the number you select in the column header is now its row, which means 1-1 is the first cell in row 1 and column 1.
You can use R1 to refer to the first cell in row 1, and so on.

A:

Your error is that you are assigning to R1 when you have put a string into the column and then the value is just a value. Not a column.
Example:
R1=""a""

a is a string now and a=""a"" works as intended. However when you write:
R1 = ""a""

you are assigning to R1 the value ""a"", so","

A:

There are several ways to accomplish what you're trying to do. (there are so many that it may be worthwhile for you to post all your work in code here). I'd choose one based on readability, since that's a big part of the problem right there.
In this example, I'm going to use 3 columns and 12 rows, but obviously this could easily be done to any size.
# Load the necessary libraries
library(data.table)

# Create a data.table which will contain the data from your excel
DT <- data.table(rn = rep(1:12, each = 3), a = c(1,2,3), b = c(",9.22,6.11,0.833,0.917
Undetectable,undetectable_lam2.0,lambda=2.0,"Yet another fix for <tags>.
Added <examples> tag (thanks to Jim for the tip).
spiffy-request-v","1.0

""""""
import argparse
import base64
import json
import sys
import time

from requests.exceptions import RequestException
from requests.packages.urllib3.exceptions import NewConnectionError, ReadTimeoutError

try:
    from urllib import urlencode
    from urlparse import parse_qsl, urlsplit, urlunsplit, parse_qsl
except ImportError:
    from urllib.parse import urlencode, urlparse, urlunsplit, parse_qsl


class BaseException(Exception):
    """"""A parent class for all exceptions raised by the script.""""""
    pass

","2 (3.0)'''

import sys
import xml.dom.minidom

class OutputFilter(object):
  """"""A filter object that can be called and result
     will be the string from node-type-node or None if
     the node had no content.
  """"""
  def __init__(self, parent, node_type, expected_content):
    self._parent = parent
    self._node_type = node_type
    self._expected_content = expected_content

  def __call__(self, node):
    if node.nodeType != self._node_type:
      return None
    if node.child",2.17,3.4,0.836,0.859
Undetectable,undetectable_lam2.0,lambda=2.0,"If you only focus on the graphics design of your web site and nothing else, you may have a beautiful web site that is hard to be found.","
If you only focus on the advertising campaign of your web site and nothing else, your web site may be hard to be seen.
If you only focus on what your competitors are doing and nothing else, you may miss out on what your prospects are really looking for.
When it comes to search engine optimization, a good strategy for optimizing your website is to create high quality, informative content and to promote that content. This will help to make your website more visible to search engines and will also help to drive traffic to your website.
A good strategy for optimizing your website is to create high quality, informative content and to promote that content.

John: Hey Mike, have you heard about search engine optimization?
Mike: Yeah,"," All business owners should take into account that both search engines and users want the right information to quickly be found. Business owners cannot take their website's content for granted.
A well designed web site may indicate a well-organized company, but if the content on your web site is jumbled with mistakes, unrelated words, offensive terms and incomplete information, your audience will quickly lose trust. Your business is not a joke. It is your livelihood. Don't ruin it with something that can be easily fixed. Take the time to carefully proofread the content of your web site. If you are taking the content for your web site from a book or magazine, be sure the words come from the same source as the website.
Note: Web site content",4.26,10.17,0.856,0.911
Undetectable,undetectable_lam2.0,lambda=2.0,--- DELTAS ---,,,Delta PPL: -4.173,,Delta Div: 0.005,
