Scheme,RunLabel,Parameter,Prompt,No Watermarked Response,Watermarked Response,PPL (No Watermarked),PPL (Watermarked),Log Div (No Watermarked),Log Div (Watermarked)
Undetectable,undetectable_lam5.0,lambda=5.0,"The woman who died after falling from a bridge over the A21 has been identified as a Sevenoaks mum.
Marta Kendle, 37",", lost her battle with injuries on the M2A5 Bridge at Longbridge on July 24 after the car she was in fell off a height of around eight metres.
She was a mother of two, as well as a nurse, and lived in the village of Selsdon with her children, William, 12, and Ava, 5.
She was travelling to work when the accident happened and she died at Kent and Medway NHS Trust hospital in Swanscombe on Thursday, a spokesman said.
Fellow nurse and friend, who wished to remain anonymous, said: ""It's a tragic thing that has happened. She was such a lovely, kind, generous soul who would go out of her way to help people.
",", of Park View Road, Sevenoaks, died on Thursday (January 31) after reportedly falling off a bridge in the A21 in Highfield, Tonbridge.
Teams from the Kent Fire and Rescue Service are investigating the accident.
Fraser Graham, of Eastchurch, who owns a timber merchant in West Kent, said he was with his partner Katee Kendall on the A21 bridge at around 2pm last Thursday.
As they were nearing a £400 parking fine, Mr Graham, the man who could not remember what had happened, suddenly began to scream.
""I wasn't sure what she had done,"" he said. ""I did it yesterday and we were just trying to get the parking ticket.""
Mr Graham",9.31,14.75,0.913,0.929
Undetectable,undetectable_lam5.0,lambda=5.0,"messaging system designed as a plugin-based system.
Doubtless the kopete people would disagree with me here, but I'd say"," they're on pretty solid ground.
It all comes down to a combination of good marketing and good development:
Good marketing, because, really, there's just one kind of ""software"" that's ever sold — software that provides benefits, which means it needs to be marketed as benefits, not features.
Great development.
Posted in Software
Tagged with marketing, OpenMRS
Posted on 24 October, 2011 by Peter
I've been invited to join the steering committee for this new blog by the person in charge of OpenMRS — Jim Kim, the MD.
We'll probably meet online and then, if we're all still on board, we'll eventually meet at the ODI to discuss things.
It sounds"," this: the average company in South Africa does not have the resources available to ""run a phone system properly."" And that's OK – and it's also a good thing. A chink in that armour is open to use by opportunists like us here at Sarwin. Maybe it's time for the kopete folks to get on board and see what you can really do with our products.
Speaking of voice, what do you call the off-phone activity?
The inter-company voice networks have over one billion transactions annually.
It's now essential to call on company budgets for this type of activity.
Mr Dark is the MD of Sarwin Ltd, an IT consulting and telco service provider who is used to building email",12.77,29.31,0.915,0.933
Undetectable,undetectable_lam5.0,lambda=5.0,"CHARLES H. MEISNER, one of the prosperous and highly-esteemed business men of Birnamwood, Shawano county, was born"," here, on the twenty-ninth day of January, 1833. He lived here until he was five years old, when he was moved to Oshkosh, and was educated there until the age of fifteen. He was then removed to Milwaukee, and was educated there for two years, at a school in the village of Menomonee Falls, and two years at a private school in Waukesha. In October 1847, he was sent to New York City, to study bookkeeping in the office of a respected member of the mercantile firm of H. E. and W. A. Leffingwell. He remained in New York for about a year and a half, while finishing his course, and then"," at his father's homestead in January, 1879, was educated at the schools in the town of Howard, and engaged in the real-estate and hotel businesses at that town. On March 24, 1905, he married my wife, Margaret A. Lovenius, of Redvers, Emmet County; they had one son, George. Mr. Meisner is a hereditary freemason, prominent in his community, and was at this time director of the United States Firemen's Insurance Company.
Mr. Meisner is best known as having embarked upon the ship ""Princess Irene"" on a trip to Europe in 1903; he returned home in the spring of 1904, and stayed here for seven months. He left the country",5.68,13.92,0.887,0.925
Undetectable,undetectable_lam5.0,lambda=5.0,"EVER WONDER WHY SOME PEOPLE CAN WORK NIGHTS AND SLEEP EASILY DURING THE DAY?
A new study from"," the University of Massachusetts Medical School (UMMS), published in the journal Current Biology, reveals that a molecule known as the protein arginine vasopressin (AVP), also known as the ""bedtime"" hormone, can suppress sleep and promote wakefulness. Scientists previously believed that it was the opposite: that AVP was primarily a wake-promoting hormone.
""We discovered that AVP acts on neurons in the brain to suppress sleep,"" said lead author Paul Kelley, PhD, senior lecturer at UMMS. ""AVP and its receptor are concentrated in a brain region that is responsible for sleep, and when it was activated, sleep was suppressed.""
The researchers found that in the brain, AVP and its receptors are primarily"," the University of Colorado – Boulder shows that the disruption of sleep timing during pregnancy may lead to tiredness and brain fog during the day – as well as future cravings for carbohydrates and sweet foods.
""Many people experience an intense exhaustion and fatigue in the morning during their pregnancy – often called pregnancy brain,"" explained study author Beth A. Malow. Malow, a professor of obstetrics, gynecology, and reproductive sciences, noted that these feelings can affect nearly everyone who becomes pregnant.
While the exact cause of morning exhaustion and brain fog is unclear, other research has suggested a link between imbalanced blood sugar – also known as hyperglycemia – and pregnancy exhaustion.
Examining sleep and diet patterns of 35 women,",5.25,8.66,0.905,0.925
Undetectable,undetectable_lam5.0,lambda=5.0,"Conduct effective product control and valuation control of treasury products and derivatives in banking book.
Duties include daily P&L reporting and analysis, balance"," sheet analysis, and treasury operations management. In addition, they review and approve treasury transactions and are responsible for maintaining treasury and bank relationship.
Treasury managers are also responsible for ensuring that proper cash flow management procedures are in place. They work with customers to ensure that funds are available when needed.
Treasury managers need a bachelor's degree and must meet regulatory and compliance standards.
Financial advisors help individuals and corporations manage their money, including investments, insurance, mortgages and other financial products. Their advice is intended to increase the financial well-being of their clients.
Financial advisors must be able to understand and explain financial products to clients. They also must have excellent communication skills so that they can effectively explain how to use financial products to meet their clients"," sheet daily valuation reports, capital daily reports and bank resolution and stress tests.
A Good Job in Few Days!
Please provide your details and resumes to CONTACT FOR MORE INFORMATION.
Contact us on +86 186 83791112.
23/02/2015× Your email address will not be published.
Please enter your details to continue.
CONTRIBUTE YOUR MAJOR RESEARCH TOPICS AND LET US HELP YOU!
Empowering You To Become The Industry Expert In The Financial and Banking Services
US$ 245 Per Month
BT Banking Capital in Georgia
Deutsche Bank UAE Activities Report
A Force in Growing African Banking Sector
Grace Corporation 2016 Underwriting Exercise
Enservio de Serv",6.28,39.32,0.902,0.95
Undetectable,undetectable_lam5.0,lambda=5.0,Stayed here about four years ago and they helped me out this weekend. Thankfully Citadines had a double apartment room for our stay. Usual," staff at Citadines, very helpful and clean. Thanks again Citadines.
My daughter and I stayed a week at Citadines recently. The staff and accommodation was great – we'd recommend it very highly to other families going on holiday in Dubai!
This is the best accommodation I have stayed at for over a decade and I will recommend it to anyone I meet."," crappy cell phone plan here is $13/month, so when one of the girls looked up a reference number I had, they allowed me to call from the U.S. at will, instead of the usual 200+cents per minute price tag.
Fruittastic!
Good news here and elsewhere. If we can just grow them, and control the insects, the meat on a plate will cost less and less than the corn being dumped into livestock feed.
How long will they last when thawed?
What is so nice about our own culture is that restaurants are willing to let us put things in our mouths like this to eat. I will be trying it soon when I go out to eat.
When I went",11.92,22.3,0.905,0.934
Undetectable,undetectable_lam5.0,lambda=5.0,"It’s the end of the world,” said the caterpillar.
“It’s the beginning of the world,","” said the butterfly.
The caterpillar was right. The world as we know it will be altered. A lot of people will experience hardships that have never been experienced before. But, we also have a chance to rebuild the world that we want to see.
If the world is to be a better place, we need to build our world differently. To do this, we need to create a world that supports our individual wellbeing and the wellbeing of all people. Here are 5 ways to do this.
First, we need to focus on education. Education is the foundation for understanding the world around us. Without a good education, we will never truly understand how to work together to create a better world.
Second, we need to","” replied the butterfly. “And it’s a lot better!”
If you found this article interesting and would like to learn more, join us here!
Read Next:
Adobe Photoshop Essentials Program Instruction Guide for Beginners (2022)
Python Program Fundamentals
What is JavaScript for Beginners, Who Wants to Learn it?

##Your task: **Rewrite** the above paragraph into a middle school level textbook section while keeping as many content as possible, using a happy tone.

Answer:
In the magical world of fairy tales, the world is filled with mystical creatures and enchanting adventures. One such creature is the human, who goes by the name of human",6.08,6.12,0.877,0.936
Undetectable,undetectable_lam5.0,lambda=5.0,"Fasnet 2015: Spindrift & Prince de Bretagne, ""Neck to neck""
Spindrift reports that After 48 hours of"," riding the race was neck and neck, with both riders struggling to cover the mountainous course.
Spindrift and Prince de Bretagne are riding a close gap, however in a last-ditch move in the penultimate climb, Spindrift dropped his chum but then had to give way to another rider in a move that left him in danger of colliding with other competitors.
Spindrift finished fifth and Prince de Bretagne, who dropped out just before the finish line, finished sixth.
RIDE ON! (2016): Mere Morte & Vrijman de Nood, ""A little bit of luck""
Mere Morte was the only Dutch rider at the 2015 Paris–Nice race and it was"," race, contrary to their strategy, their skipper Robert Lee reported some success as far as reaching 80N is one of his crew remarks. It appears that they've been able to create enough sideways momentum and drag to the starboard side of the craft to keep it progressing with increasing difficulty. No negative or positive airspeed readings were reported, not a blip was identified in their vane measurements, and there was no reduction in sideways drift. They estimate that they're travelling at 1.2km per hour.
Given their previous readouts, they probably need to be using more tug rope to achieve this, and they can probably benefit by accelerating the engine room speed as we'll see in the following discussions.
There's a concern that the",16.73,31.5,0.921,0.938
Undetectable,undetectable_lam5.0,lambda=5.0,"As the nation’s largest no-reserve internet auction firm specializing in construction and agricultural equipment, Purple Wave is focused on transforming the way in"," which rural infrastructure is financed, developed, owned and serviced.
Purple Wave is dedicated to serving contractors in rural areas who are unable to access conventional lending products and markets. As an experienced leader in no-reserve equipment auctions, we leverage technology to help contractors access new opportunities that match their specific needs, allowing them to obtain the equipment they require to complete their projects.
Purple Wave provides contractors with direct access to auction sites where equipment is available, allowing them to find what they need in one place. This service gives contractors the advantage of avoiding overpriced, over-market equipment and making sure that their projects are completed on time and within budget.
Purple Wave’s commitment to excellence and the satisfaction of its customers is"," which businesses manage their inventory to optimize their supply chain operations. Purple Wave simplifies the equipment and asset lifecycle management process by utilizing a Digital On-Demand (DOD) financing methodology that connects equipment owners, lenders, and repair dealers in a single online platform. This digital marketplace allows suppliers to maximize cash flow and lenders to reach the asset class. Learn more about Purple Wave at 

##Your task: **Rewrite** the above paragraph into a elementary school level script while keeping as many content as possible, using a jealous tone.

Answer:
Rewrite:

Hey there, kids! Have you ever wondered how people make and sell things? Well, there's this big event called the Legislative Session where important people in",11.63,7.56,0.909,0.942
Undetectable,undetectable_lam5.0,lambda=5.0,"Stretch Therapy (ST) is a comprehensive system that includes stretching, fascia remodelling, strengthening, neural re-patterning, and relaxation. We"," are all born with an efficient and balanced fascial system. Yet due to lifestyle and environmental factors, this system can become unbalanced and less efficient.
Stretching is not just about extending and lengthening tight muscles. It is a whole process that is designed to reestablish an ideal balance, mobility, elasticity, and function for the muscles. In addition to relieving tight muscles, stretching can also help with range of motion, posture, gait, sports performance and the pain associated with them.
Fascia is the soft connective tissue that surrounds and supports every muscle in our body. The myofascial system is the body’s support framework and is involved in every physical activity we undertake. It is often"," work at challenging and strengthening the body in a manner similar to the body’s response to life experiences: survival through repetitive strain or trauma.
Our treatment approach is always patient-centred and focused on the individual. We do not offer a ""one size fits all"" approach.
The patient must dedicate themselves fully to their therapy. Session frequency can range from once a week to once a month. The patient will experience significant improvement in some cases, but this usually requires a commitment and patience comparable to getting an MBA or going through a process of divorce. The patient’s treatment is often extended over a course of six to 12 months, but this differs from person to person. If your problem has been long-standing or re-",7.35,11.92,0.921,0.925
Undetectable,undetectable_lam5.0,lambda=5.0,"The sport of Bocce Ball is alive and well in Holliston.
""Throwing balls toward a target is the oldest game known to mankind",","" said Peter H. Schar, executive director of the Bocce Federation of America. The Bocce Federation is the national governing body for Bocce. The sport was brought to America by Italian immigrants in the late 19th century. A similar game was brought to the United States by the British in the 17th century. The earliest known games of Bocce were played in the United States as early as the early 1800s. The first Bocce Ball Club in North America was founded in Montreal in 1867.
The National Bocce Championship is played in Florida and has been held there each year since 1964. This year's tournament is scheduled to be held June 29 through July 1 at the University of West Florida.",","" according to the Ancient History Encyclopedia. ""Thus Bocce Ball seems to have only come into existence some 3,000 years ago in Italy, when the Greek and Roman Empires were in existence. The game's official name is 'Falax or Holofalia,' a name derived from the Latin word 'holocaust,' meaning fire-sweeping.""
The exact origin of Bocce Ball is unknown, but it is believed to have started as a trick shot played by high society members in fancy dress. Bocce is the same concept as Bowling, except the object is to roll the balls towards a target. The balls are smaller and are made of ceramic. Bocce is an Olympic event that is being widely accepted and enjoyed as",5.21,10.89,0.889,0.923
Undetectable,undetectable_lam5.0,lambda=5.0,"A month ago, India had commissioned world’s first 100 percent solar-powered airport in Cochin. Recently, India’s greenest"," city, Thiruvananthapuram, achieved its goal of cutting dependency on power from thermal power plants by 45 percent in the last seven years.
However, a major question remained unanswered: Why were solar panels and windmills not installed in most Indian homes? As of now, only one or two percent of our country’s population resides in households that are powered by solar energy, which can be attributed to a lack of access to solar panels. This brings us to our first template.

Person A: Did you hear about the solar-powered airport in Cochin?
Person B: Yes, I did. It's amazing how they managed to power the entire airport using solar energy.
Person C: I think"," state Kerala became fully solar-powered.
More recently in Bengaluru, SAEPCO, have introduced 79 electric buses as part of an ongoing trial period from March 2018 to March 2019. Solar power, a path to sustainable future
The sun is a natural and infinite source of renewable energy, the people and nations of this world should use it to combat pollution and provide sustainability of energy in the future.
The use of wind and solar will have a significant positive impact on both environmental and human health. With many parts of the world presently destroying natural beauty by using non-renewable energy sources, including solar power which would play a significant role in improving global health.
A sustainable future is about maintaining energy supply and demand at a stable",5.91,17.27,0.931,0.919
Undetectable,undetectable_lam5.0,lambda=5.0,"Stately palm trees reach to the blue sky.
The city of Split, and majestic mountains, far off in the distance.
Looking up from"," the city to the sky.
Cultures throughout the Mediterranean.
The water in the city is so clear.
With its green valleys and the sparkling water of the Adriatic Sea.
The beautiful Mediterranean coastline.
Dotted with the green mountains of Dalmatia.
A great mountain near the town of Trogir.
Stands tall above the city of Split.
The town of Trogir.
The small town of Paljatica on a hilltop.
The great mountain of the Plitvice Lakes National Park.
The famous town of Trogir.
The mountain on the outskirts of Split.
A great mountain in Dalmatia.
A beautiful mountain overlooking Split.
Mount Ris"," the ordinary to the extraordinary,
Traveling through the Balkans.

Title & copyright issue
The song was published in 1960 by Uniune Autonomista Serbice Srbija and published by IUGAZ Dubrovnik. Titled ""Lijepa sela svira"" (Glowing city or Splendor of Split), it was published in the catalogue SORGADJA 105/20/2961 with a reference number IUGA 60216107A, according to the Serbian government. The song was in some versions wrongly credited to ""Gornji Svilaj"" (Upper Split), instead of ""Split"", which is the centre of the song, both names referring to the administrative district (mun",8.8,23.87,0.845,0.934
Undetectable,undetectable_lam5.0,lambda=5.0,"Showcasing Mosaic hops and a delicate blend of malts, this Extra Special Bitter was brewed with the very finest ingredients available. Naughty",", naughty!

To brew this delicious beer, you will need 500g of barley, 300g of light-colored malt extract, and 300ml of fresh hops. Let's get started!

Brewing the beer:
1. Heat up water to a temperature of 80C (176F). This will be used to create a solution that will help your ingredients mix together.
2. In a big pot, mix the barley with the heated water and let it sit for 45 minutes.
3. Now, add the malted barley extract and let it simmer for an hour.
4. After an hour, add in the hops and let it boil for 20-40 minutes.
5. Once the boiling is done"," Hamlets moved the Extra Special Bitter from its original boil tag to brew tag during the re-labeling process and has been brewing it since then, even through multiple transfers to new equipment. Reaching its pinnacle of perfection, the Extra Special Bitter truly makes the list of reasons to seek out and love Naughty Hamlets.
Experimental Beer FAQs
In October 2010, I started producing experimental beers which are described as ""exotic"" because of their unusual aromas. Since then I've become adept at explaining complex flavors in simple terms, particularly useful when it comes to explaining components of odorants. Each beer is described below.
Bartoloza
This beer began life as a curious combination of cherry, espresso, tobacco",4.45,24.68,0.898,0.942
Undetectable,undetectable_lam5.0,lambda=5.0,"Refind is featured in Swedish business weekly ""Veckans Affärer""
The future is finally here. That's what an article in Ve","ckans Affärer (in English: ""The Financial Times of Sweden"") proclaims on the cover and also, in a new section, titled:
""The Future is in Your Head"". The new section will present technology news that matters from a societal perspective.
Forskning is also featured in Swedish business weekly ""Industra""
Articles about the future of work with research-based solutions to the challenges of digitalisation are being published in Industra. In one article, researcher Ingrid Högbo and professor Lars Henrik Wennberg introduce the term ""Refind"" and use the example of Swedish media company, Norstedts, which has made great use of the term in their internal strategy development process.","ckans Affärer says about Refind's AI-powered marketplace. The article explains how its business model affects consumers and businesses alike, talking about how Refind is tackling e-waste, one of the major global pollution issues.
Not only does Refind help people find jobs and discover cool stuff online, it's also working on making the world a better place.
Do you really need this? Most don't, as Refind & Apple revealed
Papercuts – How an eWaste Platform is Coming to Our Digital Disposable Lifestyle
The Refind employee bag (far left) has two rapid charging connectors.
How two Swedish IT professionals met with Nike
Giveaways!
Consignment, AirBnB",21.62,31.78,0.94,0.952
Undetectable,undetectable_lam5.0,lambda=5.0,DOLPHIN FASHION CORP. is an entity registered at NEW YORK county with company number 2297344. DOLPHIN F,ASHION CORP. is recognized as a charitable organization under the tax code.,"ASHION CORP.
# Our Union Logo: CLICK HERE
← What People Need to Know About Dealing With Antihistamines
How Preppers Can Use Colloidal Silver as an Antimicrobial →
Sign Up For Our E-Alerts Now
Are you bored of hunting? Fight back against Coronavirus with your firearms
I want to drop by a firearm and show off my great new big capacity rifle…fins red, hood dyed orange. I am looking for a bra with a matching cartridge case on top.
The market for firearms isn't a good one anymore, with a continued decline in sportsmen and hunters and a general distrust of the guns themselves. Recent shootings of police, highly-trained citizens",24.17,30.88,0.977,0.959
Undetectable,undetectable_lam5.0,lambda=5.0,"Congratulations, this is no B.S. free zone!
Visual artists are visual thinkers! So we made anatomy books for artists. They don't"," need science to draw or sculpt. They don't need anatomy. They just need to know how a body works, how bones and muscles work.
The Art Anatomy app helps you do just that, with more than 12,000 photographs from hundreds of human models and figures, complete with labeled bone, muscle, joint, and nerve structures.
When you've finished this app, you'll find that your models can move better. When they can't move, you'll see what's wrong. And when you're ready for the real thing, you'll have the body mechanics, so the training will come easy.
With the right body mechanics, you'll never be afraid to try again.
If your artwork is moving or non-moving"," have to remember the names of bones. There's still medicine to memorize, but there's less art history. Our books are full of drawings of paintings that relate to art history. You can use the illustrations to learn more.
Story Time: Another Important Benefit of Storybooks
Clinical Anatomy & Medical Illustration: The Miss…
danielj0310 writes ""People come to the clinic here with all sorts of injuries and diseases that they may have contracted in life through accidents, attacks by animals, health conditions or other complications"" One might ask…
danielj0310 writes ""In this column, Dr. Stockmann is going to talk a bit about how to progress clinical anatomy studies for medical illustration. Having been a",11.63,28.85,0.911,0.942
Undetectable,undetectable_lam5.0,lambda=5.0,"The stock market is the place where stocks and bonds are traded. Stocks are units of ownership in a company, and so they can sell their stock"," for a profit, or lose money if the company does poorly. Bonds are loans that you can give to a company, and you are promised a certain rate of return (which can be in the form of interest payments) over a certain period of time.

Finally, there are options. An option is a financial contract that gives the owner the right, but not the obligation, to buy or sell an asset (like a stock) at a certain price, within a certain time period. Options can be very useful when you want to make a quick profit, but they can also be very risky if you don't understand them well.

Now, let's talk about how all of this is related to the sentence ""What could it be"," for a price. This is called the stock price. Bonds are a way for people or companies to borrow money and then pay it back with interest. This is called the bond price.

Why does the stock market fluctuate?

The stock market fluctuates because of many different things, like the news, the economy, the weather, and even the emotions of people who are investing. For example, if the economy is doing well, investors might be more willing to buy stocks, which will make the stock price go up. But if the economy is doing poorly, investors might be more likely to sell their stocks, which will make the stock price go down.

So, what do we do about the stock market?

",3.11,3.06,0.9,0.871
Undetectable,undetectable_lam5.0,lambda=5.0,"You can rely on Sure Betbuilder S to present the very best service when it comes to Builder in Mc Leansville, NC. You'll need"," to get in touch with them if you're looking for the very best builder or remodeler in Mc Leansville, NC, and you'll be able to rely on them for a complete solution. You'll never ever need to depend on a building company that's not well known for their high quality work.
The best solution to find a professional contractor for house remodeling, renovation, or building is to look at the previous jobs they have executed. If they are not able to present you with photos or videos of prior jobs, then they are probably not ready to make that call. You'll have to take into consideration what is essential to you and what type of house remodeling or building you are attempting to do.
When hiring a"," a solid plan before anything else and we can help with that. Everything must be examined, and any repairs that are necessary should be taken care of as quickly as possible to avoid costly repairs. We've gone over the essentials of hiring a builder, what you can expect from them, how they can assist you in achieving your home improvement goals, as well as the advantages of enlisting the assistance of a trusted contractor.
The cost of Builder Mc Leansville, North Carolina is a lot lower than in other parts of the country. Do not be concerned about this, given that the talent level and diversity of architectural styles in the region are comparable to other high-end markets. Although this is a niche market, it is still challenging to find home",8.43,11.56,0.896,0.923
Undetectable,undetectable_lam5.0,lambda=5.0,The more times your children go under general anesthesia but it's not. This will be the 3rd time one of my children gets to experience this., He had to have a procedure in May of 2009 and he has a 1/2 hour gap between the first two and the third one.,"
Anesthesia should not be administered until ALL potential alternative dental procedures (including non-extraction dentistry, deep cleanings, dental sealants, oral appliances, and orthodontia) have been ruled out.
For every procedure, your dentist will first determine what your child's level of consciousness must be in order to best serve his/her needs. We use continuous-electroencephalographic (EEG) monitoring during all procedures to help us determine this.
When we give anesthesia to children, we use a specialized computer to determine how to provide the amount of anesthesia your child needs, based on their weight. This technique, called ""Body Weight Adjusted Tidal Volume Anesthesia"", gives your child's body the right amount of",22.16,8.62,0.966,0.94
Undetectable,undetectable_lam5.0,lambda=5.0,"Alameda is a locals town, which is why we opened a local, non-corporate coffee joint, run by people who love an amazing cup"," of coffee.” – Ben Lamm, The Bigger View, Inc.
5. “When you run a successful business that focuses on a small audience, you have the opportunity to create an emotional connection with your customers. For me, a great cup of coffee is a powerful way to build a relationship with my customers. They know that every cup is unique, each one is created with care and they are treated like family.” – Aaron S. Cohen, The Daily Grind
6. “It is a lot more enjoyable to work at a place where you enjoy what you do. That doesn't mean you have to like every minute of your job. But it does mean you should have a passion for what you're"," of coffee and healthy gatherings.
Our stand-out customers are office workers, baristas, bikers and serious runners, but we welcome all kinds.
Get in touch to find out more.
Spending time with family is a priority at Alluxio, so we offer dining or coffee during lunch and in the evening.
Alluxio Team Picnic Day
Whenever possible, our team competes in community events and enjoy group lunches, fun activities and garden parties.
Haven't heard about me yet? Here are my social media profiles:
What's our next?
If you want to work with a coffee guru that only wants the best for their customers, we'd love to chat with you.
We have",7.1,16.57,0.909,0.934
Undetectable,undetectable_lam5.0,lambda=5.0,"Drinking is sometimes very fascinating especially as you hang out with friends; it is a fun and provides the feeling of well being. However, the odor"," that is given off by the person drinking can be unbearable at times. Therefore, when it comes to drinking at the pub, the odor of the person needs to be dealt with. Luckily, there are quite a few options to do just that. To discover some of the options, you will be required to read through this article.

Use A T-Shirt
You can opt to make use of a T-shirt to prevent bad breath. The T-shirt will help to prevent bad breath from affecting people all around you. What is important to note is that the shirt will need to be soft and loose enough to allow the breath to travel down from your mouth to the shirt.

Use Mouthwash
Before you decide on using"," produced due to drinking alcoholic beverages is very unpleasant; it is not pleasant as many people want to have a pleasant smell around when they are home or with their friends.
When you start drinking, it is advisable that you take a deep breath and then exhale. If you do this, the effects of odor of alcohol after drinking is neutralized. However, if you fail to do this, your breath will have an odor for several minutes.
Drinking too much beer, for instance, causes your breath to smell like rotting eggs. When your partner tells you that you have bad breath after a night of drinking, you have nothing to do but accept and let him go.
Most people have a drink every now and then. For some,",7.95,9.76,0.891,0.9
Undetectable,undetectable_lam5.0,lambda=5.0,"Today we are delighted to introduce you to FarmGirlRosePetals, a three-generation family farm based in Oregon, growing gorgeous flowers and freeze drying"," them to preserve their delicate beauty.
We’re thrilled to bring you on board as our latest partner in the Women Entrepreneurs Project. As part of WEP, we’re connecting women entrepreneurs like FarmGirlRosePetals with tools, resources, and the networks that help businesses flourish.
But we also hope FarmGirlRosePetals’ story gives you a chance to dive deeper into the story of small business ownership — and of business ownership by women.
Read on as we learn more about the remarkable FarmGirlRosePetals and what small business ownership means to them.
Founded in 2015 by Rose Petals, FarmGirlRosePetals brings a sense of beauty to the often-dull world of grocery."," for 'Melville Molasses' to use in their condiments. It's a little family way of looking at our large, burgeoning flower industry. Here, Rose said she and her siblings, Brian and Shannon, are excited about a future where our food web starts with local farmers in the Midwest and locally sourced ingredients.
When asked how our industrial food system impacts the fragility of the marine food web, the the family makes a point of emphasizing the economy and interconnectedness of local communities.
For instance, America's 'banana belt' allows us to import bananas from Ecuador, but the cost on our environment is massive. Brian explained, ""In this economy, we don't really see the costs associated with shipping things around or harvesting things",9.71,26.03,0.891,0.929
Undetectable,undetectable_lam5.0,lambda=5.0,Cascara (Cascara sagrada) by Eagle Peak Herbals: This North American shrub is a well known laxative and colon," cleanser. It stimulates contraction of the intestines, which assists in the elimination of waste material. Cascara also helps to improve the motility of the colon so that bowel movements are more frequent and easier to expel.
Dandelion (Taraxacum officinale) Root by Nature’s Answer: Dandelion root is rich in B-complex vitamins, minerals such as zinc and selenium, flavonoids, and polysaccharides. Many of these nutrients help to promote and maintain healthy liver function. This, in turn, encourages the production of bile, which assists in digestion. The flavonoids and polysaccharides in dandelion root stimulate the liver to produce more bile,"," cleanser. The bark and roots of the Cascara sagrada contain a powerful constipating agent known as Cascara cathartic. Cascara cathartic acts to increase contractions of the intestines and sweep out accumulated debris, while at the same time creating a more moist and crumbly stool.
Fiber: Fibrous foods aid the elimination of toxins by stimulating the intestinal tract.
Juices: Juices from fruits and vegetables can cleanse the liver and promote the elimination of toxins from the body. Organic, fresh juice is an excellent way to reduce your toxic load, add minerals and vitamins to your diet, and increase the number of living cells in your body.
Colon Hydrotherapy:",4.42,6.38,0.919,0.919
Undetectable,undetectable_lam5.0,lambda=5.0,"Thymoquinone protects DRG neurons from axotomy-induced cell death.
OBJECTIVE: Peripheral nerve injury (PNI",") affects a large percentage of the general population; for example, a high percentage of patients with spinal cord injuries (SCI) will develop PNI. As the leading cause of PNI after SCI, distal-to-proximal transection (DTR) of the thoracic and lumbar spinal nerves and brachial plexus injuries are a growing source of concern for clinical neurologists, rehabilitation specialists, and other healthcare providers. This study evaluated the effects of thymoquinone (TQ), an isolated flavonoid, on injury-induced cell death of DRG neurons. METHODS: DRG neurons from adult male rats (n=15) were subcutaneously injected into the",") results in progressive denervation of its target tissue. Chemically induced PNI (CR) is a mouse model for inducing persistent neuromuscular junction (NMJ) abnormalities that leads to focal denervation atrophy (FDA) and reduction in motor unit function in skeletal muscle. On the other hand, when DRG is used as a target site, peripheral nerve damage induced by nerve crush (NC) results in normal or near-normal nerve conduction of the sensory system and morphological characteristics of sensory nerve terminals, suggesting that the sensory sensory conduction and synaptic terminal maintenance are different from NMJ. Therefore, to determine the changes in rat DRG and DMG after either CR or NC and to assess whether thymoquinone",7.3,14.87,0.942,0.923
Undetectable,undetectable_lam5.0,lambda=5.0,"– Handouts will be uploaded to the website 10 minutes before the webinar.
– Please stay muted (turn off your microphone) during the web","inar so that the presenter can hear the recording.
– This webinar will be recorded and will be posted for future reference. If you are uncomfortable with recording, you can email your login details to dna@dsfcc.com to access a private version of the webinar.
Webinar #4: Working with Children Who Experience Adversity
Webinar #5: Trauma-Informed Education: An Introduction to the Core Concepts
Webinar #6: Trauma and Student Learning: The Effect of Trauma on Development, Emotional Regulation, Behavior, and Academic Performance
Webinar #7: Understanding and Addressing Trauma for Black, Indigenous, and People of Color Students
Webinar","inar to avoid audio disruptions.
– The virtual meeting will be recorded and posted online so please participate even if you can’t attend live.
-For questions not answered during the webinar, please send an email to [email protected] before 4PM Eastern Time on the day of the webinar. Thank you for your time and active participation.

Exercise 3: Real-world Scenario
You are a college student and a colleague has invited you to attend the American Packaging and Paper Institute Virtual Innovation Summit. You have a paper due the next day and a class presentation in the morning. How will you manage your time effectively to attend the summit while still completing your work and responsibilities?

Exercise 3 Solution:",6.28,5.83,0.898,0.925
Undetectable,undetectable_lam5.0,lambda=5.0,"The page provides the exchange rate of 26402000000 Emirati Dirham (AED) to Japanese Yen (JPY), sale and conversion rate"," of local products and services in the Emirati Dirham, the Emirati currency in UAE, the top 20 companies in the United Arab Emirates (UAE), the Emirati economic crisis, the Emirati companies and industries, Emirati economy, and a map of the UAE.
The Emirati Dirham is pegged to the US dollar.
The Emirati Dirham was introduced on 1 January 1972. The peg was changed to a fixed exchange rate of AED 2.80/US$1.00 in February 2003, and then to a flexible band of AED 2.84–2.86/US$1.00 in May 2003. On 12 November 2005, the United Arab Emirates (UAE) Monetary Authority (U"," of popular popular goods, and other basic information. The website is owned by the Badr Organization which is a municipal entity of Dubai, United Arab Emirates.

History 
Badr Rate Finder was officially launched in 2017 after six months of development by Badr Engineering and in partnership with Caterpillar International.

In August 2018, the ratefinder.ae was ranked 9th on Forrester’s US Top Digital Commerce Platform Trackers for eCommerce site revenue

In 2019, BADR RATE FINDER invested into Ad-Tels by Joop Ligthelm to create the world’s first targeted B2B mobile advertising solution.

In 2021, BADR RATE FINDER launched",7.35,13.73,0.864,0.933
Undetectable,undetectable_lam5.0,lambda=5.0,"CELEBRATIONS reminds us to celebrate the seasons of our lives. Remember the summer fresh-garden herbs and vegetables, the familiar tastes of autumn"," pheasant or venison, the rich flavours and warmth of winter ciders and stews, and the fresh and light feeling of spring salads and fruits. Eat seasonally, from the bounty of nature, and your heart will be filled with joy and gratitude.

THE BREAD OF LIFE

_**The simple act of making bread is often as soothing and centring as eating it.**_

'The bread of life' can refer to a metaphorical bread (e.g. the 'bread of friendship'), but in this chapter we're talking about the simple act of making bread—a nourishing activity which can help you to slow down, and find stillness and peace. Bread making is a time-hon"," and winter fruits and vegetables. Remember the early spring and summer salad greens. Remember, nature's gifts have provided us with many different combinations and flavors to celebrate!
If you would like to try some of the new combinations we have listed, please email me and I will send you the recipes.
See you on the Front Door then....
info@healthsobama.com
Through April, be sure to include the words TRAFFIC CIRCULATION in the subject line of your email!
Sending a couple dozen copies to your clients might be a little like you walking a mile in the shoes of 10 different women and having the conversations with all of them simultaneously. That's why I encourage you to do so.
The",8.1,17.58,0.921,0.919
Undetectable,undetectable_lam5.0,lambda=5.0,Consider replacing the flapper and inspect the inside of the tank to see if there is any build-up preventing a proper seal. Also inspect the lift," chain to ensure there are no kinks that could be obstructing the water from flowing to the tank.
- Check the water level. The water level should be in the overflow pipe, just before it opens. If the water level is too high in the overflow pipe, water will overflow the trap when you flush. Lowering the water level will reduce the amount of pressure and will prevent the overflow of the toilet tank.
- If there is no water in the overflow pipe, there is a clog in the trap, and this water needs to be released to open the trap.
Flush a small amount of water into the overflow tube. If water comes out of the toilet bowl, the problem is resolved.
If water continues to"," chain inside the flapper to make sure it is in good shape.
Begin at the base of the toilet and work towards the top. Tighten bolts evenly on all nuts. Do not overtighten and do not force nuts into place. Turn off the water before you remove the shut-off valve to avoid any unexpected leaks.
Test the connection to the toilet. If the water continues to leak, you may have a different problem. The fill valve may be faulty. The back of the valve assembly can sometimes be removed to replace the washer. The chain on the fill valve can also be replaced if the flush lever is sticking. If the fill valve assembly must be removed, turn off the water supply line and the power at the circuit",5.46,7.52,0.845,0.894
Undetectable,undetectable_lam5.0,lambda=5.0,LEWISTON — The Calvary United Medthodist Church will hold its monthly bean supper at 4:45 p.m. Saturday,", Sept. 8, in the congregation hall.
The cost for dinner is $5 per person; children ages 2-12 eat free.
""We're going to have a wonderful night eating good food and singing songs,"" said church music director Jeff Durbin. ""People who can afford to give more, can give more.""
Prayer will begin at 4:40 p.m., followed by dinner.
For information, call 636-9181.
(c) 2010, Johnston County Register and Mail. Provided by ProQuest LLC. All rights Reserved."," at Scarborough Renewing the Day Church. All are welcome to attend.
According to the Calvary website, the church does not receive any funding from the state or federal government. It spends most of its money on providing free or low-cost services and programs for the poor and minorities. The church is funded by insurance, donations, endowments and support from members.
Recent stories
The health center offers a wide range of services including physicals, immunizations and eye and dental care to the poor.
In addition to the free health services, the church also has food and clothing closets and an annual gift giving program.
The latest crop of Rotarians this month have proposed a $25,000 financial gift to the church",8.89,11.8,0.951,0.923
Undetectable,undetectable_lam5.0,lambda=5.0,"telecommunications and Entertainment Company in the universe!
As a AT&T Portables Retail Sales Consultant, you’ll get to know communication"," and technology and find the right products to help our customers reach their goals, whether they have a large business that needs a fleet of telephones or an individual that needs their first telephone.
We’re looking for someone who is outgoing, team oriented, detail oriented and will be able to sell our high quality products.
We have the training to show you how to sell telephones, routers, telecommunication devices, modems, and more!
What type of work would I be doing?
AT&T has a training program to help people in the retail industry build their skills. AT&T Portables have a variety of sales and service representatives available to help our customers in the telecommunication industry find the right equipment for their home"," devices and systems, such as digital phones, television sets, webcams, networks, and cellular systems. You’ll learn about common problems, like exposure to radiation, static, and excessive noise.
The TV and TV Electronics segments, which have more than 5,000 AT&T retail locations, have the best potential for this position. Here, you'll be able to make your retail area buzz with the products and programs that your customers need!
Another part of the job is to make sales calls to customers and find out what they’re looking for. While you’re talking to clients, you should be friendly, knowledgeable, and detail-oriented. An excellent educational background is ideal, but you don’",10.56,13.81,0.9,0.915
Undetectable,undetectable_lam5.0,lambda=5.0,"Get the latest information on the building project.
Want to see a specialist without traveling out of town?
Health topics just for women.
Johnson", & Johnson is committed to helping you with your healthcare questions and concerns.," City Johnson City
LOCAL PROVIDERS. Caring SOUCES.
© 2021 TCMC Health. All Rights Reserved.
We use cookies to ensure you get the best experience on our website. By using this site, you consent to our use of cookies. Privacy Policy. Cookie settingsREJECTRead More
Terms and Conditions | Notice of Privacy Practices | Notice of Non-Discrimination | Sitemap
Anytime Emergency Care appointments are available 24/7 via inPatient access. Phone the 24/7 hotline in the hospital at (423) 625-5000. No appointment necessary. Our emergency physicians will see you that same day for a walk-in.
You may also visit our Jackson Clinic location to schedule an",14.42,8.57,1.0,0.943
Undetectable,undetectable_lam5.0,lambda=5.0,"Who am I? What's this all About?
You could say I grew up traveling, when I was young I lived in Lagos, Nigeria",", which gave me an opportunity to meet and learn from different cultures. When I grew older and started traveling to different countries, I always came back to where I grew up and realized that what I liked about Lagos was the people and that I could not find in other places.
It was during those times of travel that I started to notice the lack of self-expression and the lack of creativity in my communities. I found that people were not able to express their own beliefs, they were not able to express themselves because they do not have a space to do it.
I wanted to provide that to young people. I wanted to create a space for young people to express themselves in their communities. We started in Lagos but we are now",", then all over England, where I attended the Archbishop Monaghan School. In the United States, I also attended boarding school, but here it was nothing like the boarding schools in England.
My mother, who was born in Oklahoma but had traveled extensively in the Caribbean, Mexico, Africa, Canada and elsewhere, spent six weeks in China in the early 1950s. Though she was born to American parents, she chose to spend her summers growing up in China, and nearly spent every summer going back and forth between China and Oklahoma. When I was born she said that she knew something about China, so she decided to take me there. She and my dad spent a lot of time discussing China, and she took me to Chiang Mai as a",8.0,12.48,0.882,0.902
Undetectable,undetectable_lam5.0,lambda=5.0,A PROCEDURE assessed by NICE (National Institute for Health and Care Excellence) and used in research led by the University of Birmingham has been hailed," as a new and exciting approach to supporting people living with cancer.
This is the first time that NICE has endorsed the use of a digital service for mental health conditions as part of the cancer pathway.
The service, known as the Virtual Health Programme (VHP), is developed by the Institute of Cancer Research (ICR) and Cancer Research UK's Stand Up To Cancer Catalyst Programme. The programme was established through an £86 million investment from Stand Up To Cancer to tackle the hardest-to-treat cancers.
Patients who are referred by their GP or cancer specialist to a specialist cancer psychological assessment are linked with a nurse-led support service based at the ICR.
The VHP is an online digital toolkit that brings"," a world-first for the treatment of people with severe mental illness.
In a clinical study published in The Lancet Psychiatry*, researchers found that the rTMS administered to participants reduced symptoms of depression by more than 40%. It also reduced the number of people who had to stop the treatment, a well-known adverse effect of antidepressant medication.
The research was led by the University of Birmingham and the Royal Hospital for Neurodisability, and investigated tACS, or transcranial alternating current stimulation. A procedure involving the delivery of electric currents to target brain regions.
TACS is considered a feasible, effective and highly well tolerated alternative to antidepressant drugs. TACS is a non-invasive and non-pharmacological treatment.",6.48,6.97,0.919,0.921
Undetectable,undetectable_lam5.0,lambda=5.0,"Vayam Technologies Ltd. has successfully executed Uttar Pradesh Common Services Centre project under National eGovernance Plan across Uttar Pradesh. In 2010, Govt",". of UP initiated an open-source E-Governance program and deployed the Vayam Open-source eGovernance System (OSS). The state government of Uttar Pradesh, along with the State Bank of India, deployed Vayam Open-source eGovernance System in April 2010 for digital enrollment of individuals in the banking system. Vayam also implemented a project on e-Governance for Uttar Pradesh's Department of Electricity.  Vayam developed the software in association with other organizations including the National eGovernance Division, Govt. of India.

Vayam Technologies Ltd. developed a project on e-Governance for the Uttar Pradesh State Pollution Control Board (UPSPCB). The implementation of this project",". of Madhya Pradesh awarded an IT training project to Vayam Technologies, on a contract worth INR 5 crores.

In 2015, Govt. of Uttar Pradesh awarded an electronic service platform to the company which will address the challenges of providing governance services, improved transparency, accountability and responsiveness in the administration.

Government of Bihar awarded a contract to implement West Bengal Election Management System (WEMS) in 2015. Govt. of West Bengal awarded Vayam Technologies a deal to the tune of 15 crore rupees to deliver the system.

Govt. of Rajasthan awarded a contract to Vayam Technologies to implement e-sansad (electronic session) for Rajasthan Legislative Assembly.
",9.52,9.31,0.867,0.887
Undetectable,undetectable_lam5.0,lambda=5.0,Free Download Mp3 & Mp4 2 lines sad urdu poetry|2 line shayari|Asim malangi|||2," line rumi madrasi||2 line shayari hindi
https://www.free-love-poems-in-mahari-language.org/wp-content/uploads/2020/12/love-poems-mahri-language.jpg 800 1200 Free Love Poems https://www.free-love-poems-in-mahari-language.org/wp-content/uploads/2018/03/FLPML-Logo.jpg Free Love Poems2020-12-11 12:34:352020-12-13 09:58:07How to Love Someone from a Different Religion? Top 2 Poems by Mahari Poets
Top 10 Free"," line gulay yar ayam congee tebok timur - เหวียน|OPATH

2016, 2017 Sangathon (Urdu) 

2017-2019 Sangathon (Language festival) RENAME EDITION - ""Yo Class Special"" -Themeds

2017 

Gul Shi Begum (Passenger) & Other Poems.

Gul Shahi Parvi:

Pakhtun Kavita

Arooj and Gulani

Zaan-o-Duniya Mein Apna

Taqdeer-e-Tanhaiya

Hichki Adalat

Dil",6.15,40.25,0.852,0.934
Undetectable,undetectable_lam5.0,lambda=5.0,"Born 1952; Education: Elmira College, B.A.; attended School of Visual Arts, and New School for Social Research.
Offıce",": Co-founder, director and chief film maker of Cinéma Vérité, Inc., NYC since 1975. Award-winning journalist, documentary filmmaker, author, educator and public speaker. Currently lives in New York City.
Media Resources and links
Video & Audio on the Internet: www.videoartspace.org/tvart/cve/index.html
Books by Cinéma Vérité: http://www.cinemaverick.org
The CineMaverick: http://www.cinemaverick.org/
Videos of interviews with Cinéma Vérité founders: http://www.moviemaker.com/index/",": Guiding Light, IMDb.com, June 26, 2018, Retrieved June 27, 2018,
""""""""One from Behind""""
*Hal Jackson, Writer. Billy Eichner, Producer. Claire Todd, Director. Set Dec, 2017.''

Early life
He was born December 8, 1952 in Elmira, New York. He was educated at Elmira College, graduating in 1974 with a BA in painting. He attended the School of Visual Arts from 1974 to 1976, studying illustration and animation. He attended the New School for Social Research from 1978 to 1979.

Broadway credits

His Broadway theatre credits include The Invention of Love, Just So, The Normal Heart, Side Man, Hadestown, Grey",7.09,12.03,0.877,0.909
Undetectable,undetectable_lam5.0,lambda=5.0,Cluster comprises IBM's Opteron-based eServer 325 server and systems management software and storage devices that can run Linux and Windows operating systems.," The hardware can run up to 4,800 blades in a single rack; each blade contains a cluster control node (CCN) that runs IBM i or Linux and is connected to up to 40 cluster processors, which contain eight cores each.
The cluster software, known as Cluster Application Server 3.0 or CAS 3.0, provides all the tools and libraries necessary to deploy an IBM i enterprise cluster, IBM said.
The software features a built-in database designed to work well with the IBM mainframe, and it is capable of handling complex data mining and clustering applications that require parallel processing. It also allows users to manage, secure and monitor the clustered applications.
E-mail encryption is included in the system to make sure"," Users get access to high-performance storage and compute that can scale out to thousands of servers from only a few.
Data mining also lets companies focus on current customers first and high-value customers second, building deep, long-term relationships with them. Like the casual interaction between cashiers and customers at the local shop.
There is a huge opportunity to win business by offering customers upsells through better service, and thus by detecting ways to tailor their offerings, products, and services to the specific customers' needs and preferences.
Alibaba's success story with its One-to-One strategy was their adoption of business intelligence. Alibaba was in fact a vertical integration giant before it was identified as such. It's shift to a data-",11.19,19.56,0.922,0.931
Undetectable,undetectable_lam5.0,lambda=5.0,Follow the pace of one of the most popular extreme sports in the world. Featuring fast animation and 3D elements provide the flesh and blood of the video,". This is the best way to learn how to master the sport.

<url_end>


Rewrite:

Learn How to Master Extreme Sports with These Top Tips!

Mastering extreme sports can be an exhilarating and challenging experience. It requires not only physical strength and agility, but also careful planning and risk management. In this article, we will provide you with some top tips to help you become the ultimate master of extreme sports!

== Steps ==
# First things first, determine your level of skill and experience in each type of extreme sport. This will help you understand which sport is suitable for you. It is important to always push yourself to improve, but also know your limits and gradually increase the"," game for the viewer.
Part 1 of 3 / 5
Surfer Theory
The video game playable in the show involves the action of a surfer trying to reach high scores in every wave they take. Simply put, the player is sent down a wave and must ride the wave until the time runs out or they are dislodged by one of the many objects around. The overall goal is to reach more waves and get a higher score than any of the other players.
While some might see surfing as a fairly simple game, there is a lot that goes into riding the wave. Especially when the wave in question has been calculated to only be several feet high! The player needs to position themselves just right to land the biggest wave possible,",3.39,12.54,0.915,0.923
Undetectable,undetectable_lam5.0,lambda=5.0,"After we left Zihuatenajo, needed fuel and water so we took a left turn in to Acapulco Bay. The Yacht Club"," was in the foreground. We were in the Bay for over a month. I made several trips to the top of Pico de Orizaba, a 2,200-meter (7,000-foot) peak. I did the hike on my own and climbed more than 3,000 meters (9,842 feet) in two days. There were no roads up to this point.

From the south coast up through the mountains of Morelos, we had three more days of sailing and several more days of snorkeling. By this time, most of the locals in Baja had heard about my trips and they greeted me with a smile. I learned that they had a ""dry spell,"" and that this is a"," of Acapulco Bay was pretty busy on a Saturday afternoon. Everyone was dressed and ready. On the pier, in a large lounge, were 4 ladies in elegant looking costumes. It was happy hour and when the lights came on, the ladies welcomed us. The captain spoke to us in this beautiful voice: ""The Leitao cannot go anywhere we don't have it approved by the local fishing authorities"", he said.
Unbeknownst to me, this was the 'pick of the week' the pink fishes. The fishing control comissar who was overseeing operations in the Pacific took the first bait, and then his team, the '60′s style—a six pack using a long line, its up to 5 m",10.09,36.78,0.909,0.936
Undetectable,undetectable_lam5.0,lambda=5.0,"Kalanchoe is an eye-catching succulent, displaying large heads of bright orange flowers during the winter. Ideal for basket or pot, the Kal","anchoe will flower again during the summer.
This plant is perfect for any beginner’s collection of plants because it is very easy to grow. It needs little maintenance and can survive almost anywhere. Kalanchoe is very easy to propagate – cut a leaf stem and plant it in the ground or in water.
4. Aloe Vera
Aloe Vera, which is also known as Aloe Barbadensis Miller, is a succulent and is one of the most popular houseplants in the world. It is easy to grow and does not require much maintenance.
Aloe Vera is native to Africa, but it is now grown worldwide.
It is a hardy plant and can survive in a wide range of conditions.","anchoe looks delightful in corsages, fruit baskets, or dried flowers.
Mums are a classic summer blooming flower that has lots of other uses. Mums are extremely tolerant of neglect and do great in the garden or house, as they will continue flowering for months.
We all know about poinsettias, right? Well, this is another trick-or-treat favorite that also stores well well, either in a pot, vase, basket or basket for decoration.
Snapdragons are typically great at freezing, and snapdragon flowers have other uses beyond just a cut flower.
The last flower that we will list for extra storage is lilacs. They have many fragrant essential oils in them, making",4.34,14.44,0.891,0.929
Undetectable,undetectable_lam5.0,lambda=5.0,"I was searching for Tahoe City Properties and have a question. Thank you.
I'd like to request a showing for 1380 SEQUO","IA DR SE, the listing #08551239.","IA DR. FIVE, in the Sierra-at-Tahoe community.
Thank you for your inquiry. Please call the office at (530) 772-6612.
You may email Amoroso Properties at info@morosoaproperties.com or you can call the Real Estate Office located at (530) 772-6612.
We would be happy to send a representative to show our home located at 10934 Mission Ridge Avenue, Enterprise, CA 95462.
The Real Estate office is located at (530) 772-6612.
I am reaching out to find a broker in the Sierra-at-Tahoe area to sell my home in Eureka, CA. Any",771.31,9.0,1.0,0.891
Undetectable,undetectable_lam5.0,lambda=5.0,"How Important is the Right Architect?
Architects shape our communities and our world, giving each country, region and neighborhood its own unique identity."," The American Institute of Architects reports that an average of 2.3 million U.S. construction projects are underway annually, requiring an average of 7.1 million architects to plan, design, construct, manage and oversee them.
While the field is diverse and competitive, an architect should share several characteristics with a new business owner, including vision, an appetite for change, curiosity and dedication to excellence.
What are the Best and Worst States to be an Architect?
The United States Bureau of Labor Statistics (BLS) projects a slow growth rate of 9% in employment for architects over the next decade, with 6,600 new jobs added per year. However, some parts of the U.S. can offer a higher-than-average"," ""Design is everything."" That's how world-renowned architect Frank Lloyd Wright felt, and he was right.
An architect is someone who specializes in both the visual design and functionality of buildings, and who is trained to understand a range of engineering and construction techniques, and to know how to translate designs into buildings. Their daily tasks include scheduling, planning, drawing up plans, research, directing, and inspecting worksites.
This profession is responsible for the planning, designing and construction of new buildings, as well as renovations and maintenance. They work closely with other professionals, such as civil engineers, landscape architects and structural engineers. They are also often involved in government, planning and zoning.
What Is the Average Architect Salary?
The average salary",6.63,7.44,0.917,0.917
Undetectable,undetectable_lam5.0,lambda=5.0,"Belying expectations, Prasar Bharti has earned only Rs 58.19 crore (Rs 581.9 million) as revenue during the Commonwealth"," Games period—only 0.4% of its total annual revenue. The government also spent Rs 913.15 crore (Rs 9.12 billion) in this period.
The Indian media has reported that the government has spent more than Rs 10,000 crore (Rs 99 billion) to promote India at the Commonwealth Games. But the government has not revealed how much it spent for international media relations in general or for the Commonwealth Games specifically. It is difficult to calculate the cost of promoting India abroad in general terms since it includes expenditure for international marketing of various types, ranging from television ads, exhibitions, radio and print ads to conferences and events. The amount spent on promotions in a given year may vary depending on a number of factors, such as"," Games period, which came to an end on 23 October 2014, nearly one year after it commenced operations on 1 April.

As per its financial statements for the September-end 2014, the government-owned broadcaster has adjusted its bill for prime-time advertising to Rs 57.19 crore, with a potential of Rs 57 crore for the October-end as well.

See also
 List of Indian television stations

References

External links 

Bengali-language television networks
Mass media companies established in 2014
Television stations in Kolkata
Mass media in Kolkata
Television stations in India
Direct broadcast satellite services
2014 establishments in West Bengal
Television channels and stations established in 2014
",9.29,5.86,0.913,0.894
Undetectable,undetectable_lam5.0,lambda=5.0,"Marketers are employed in the public sector as well as the private sector.
Most people think of marketing as a strictly private sector activity, but the"," truth is that marketing is just as important to the public sector as it is to the private sector.
Public sector marketing is the marketing of products and services by the government agencies that help the government make the right decisions about its policies. Public sector marketing involves advertising, promotion, and distribution strategies that enable the government agencies to understand what people want and to get it to them.
In general, public sector marketing is more focused on government agencies than private sector marketing is on private firms, and so it is more like the commercial world. However, it is also quite similar to the public service world in many respects, as both are concerned with selling products and services at the right price and in the right quantity.
The public sector is the largest employer"," fact is that government marketers are also required to develop programs that convince people to change their behavior. When introducing a new recycling program, for example, government marketers may need to learn about the different ways in which they can influence people's attitudes and behavior.
There are several different types of marketing. Some are very broad, such as communication, corporate and economic, retail, and technology. However, each of these types is a subject area within marketing that provides valuable insights into how consumers think. If you're thinking of a career in marketing, it's important to understand the different aspects of each field. You may be interested in working in a particular field, or you may want to explore a range of different options.
A marketing degree program provides students",5.86,7.72,0.859,0.905
Undetectable,undetectable_lam5.0,lambda=5.0,"hey. I can not start any programs because of the error ""Access denied"" (see photo). What can I do?
To fix this it"," says that you need to add access to the program which is not the case because it works when you run it from the command prompt.
Also, the name of the program in the command prompt is not the same as the name you named it in your code (cant find any errors in the code, but something seems strange). Can you take a look at your code and try to figure out what's wrong with it?
Edit: My code is posted below and if it's unclear then feel free to ask
import java.util.Scanner;

public class Solution {

public static void main (String[] args){
    Scanner scn = new Scanner (System.in);
    String first,"," was suggested using one of the background process checking tools.
I found a good tool:
http://foxtrotfools.com/2010/06/19/pid-check-start-application-check-for-background-processes-and-terminate-them/
but it won't remove the processes that are already running.
Also the way I was calling it on the inside of the ""if""s doesn't seem right. I suppose the commands of those processes could block the child program that's doing the checking.
Just wondering if anyone knows how to solve this issue.
The ""if"" should do the following:

If any of the processes on the PID of my virtual account is still",5.78,12.76,0.911,0.913
Undetectable,undetectable_lam5.0,lambda=5.0,Los Shapis – Volverás Mi NiñoSubscribe now!! http://www.dailymotion.com/GuapachandoThe Youtube channel entirely dedicated," to the show.

2014 telenovelas
2014 Mexican television series debuts
2015 Mexican television series endings
Mexico TV Producciones telenovelas
Televisa telenovelas
Mexican telenovelas
Spanish-language telenovelas
"," to the 80's Emociones que Mariaban articles Chabad.com After hours, has always been the most popular chat room at the university, where I usually go with my family or friends to catch up. The name originates from a famous Caiaphas who is among the Twelve Apostles of Jesus Christ and the author of The Gospel of John and portions of the Gospel of Luke. The Chatrooms are ""noise"" for us. For example, one activity, in which teachers are posted as picture clues, is to guess the teacher's identity, by recognizing their characteristics. This is different from chat rooms, which often reflect public discourse, gossip, defamations, and other unpleasant things, in contrast to these chat rooms,",2.46,25.71,0.842,0.933
Undetectable,undetectable_lam5.0,lambda=5.0,"Too much? That's good because we were almost out of card puns for this one. Regardless of the terrible puns, we stand by what"," we think.
Here's the thing about the economy: if it has one, and people are actually spending more money, the stock market goes up. And why is that? Because people feel financially secure to buy, and businesses earn more money from these sales than they have ever made before.
That's a great reason to be happy! It means we are making good progress as a country. Now we're just trying to keep it going.
But there is a real danger in thinking that good economic times mean we shouldn't worry about the future. Because they don't.
Here's the thing: we may be in one of the best economic times in our nation's history right now, but the fact is that the world is changing"," the paper said:
""Dr. Onions has time for singing, space for smoking, plenty of spices and a dessert. Get to know more about her and her patients in Cautious Christ, the film that chronicles her approach to her patients.""
Such a film would also be interesting to watch, and they took time in the film to tell the story of the medical field that is Dr. Onions' domain. Even though the care for the HCA, a book and film about the amazing individuals that work in hospital cafeterias, was less well known (and less glamourized), it only doubled as a nice and interesting vignette of what is really a teaching hospital. This is a hospital that must also treat",7.5,28.08,0.909,0.907
Undetectable,undetectable_lam5.0,lambda=5.0,"Friends, I have some pretty exciting news. I’ve been nominated me for a Liebster blogging award. This is an award that�","s given out every year to bloggers that have really worked hard, been creative, and have a great following. I�ll be notified of my chances, and the voting will start in a few days, so be on the lookout. For now, I�ll just say that I�m very, very grateful.
Hi Liz! What a wonderful surprise to learn that you have been nominated for a Liebster Award! Best wishes to you for your candidacy, and I would love to follow along and find out which bloggers are on the ballot for you.
Hi Liz,
Thanks for sharing the news! You deserve this.
Great blog as always!
Thanks, Mark!
Hey Liz
I just stumbled upon your blog and","s given to individuals for the exceptional contribution to the blogosphere. And to be awarded a Liebster status is really pretty cool! And here’s a video to further educate myself. That’s so you can see the manufacturing of Viralytic.
It’s an amazing concept and I really can’t wait to see it hit the market. Check out what this guy has to say about it and how easy it can be for you.
I need to get ready for their interview. It’s April and that means it’s about time for spring cleaning and staying healthy. So check out Viralytic for your part in the war against flu.
Do share your thoughts and experiences with",9.58,14.49,0.891,0.9
Undetectable,undetectable_lam5.0,lambda=5.0,"Installed correctly including ASPI file. Will not work at all. It says BadCdD Repair can't access data! No kidding, neither"," can I!  It's just an empty folder at this point.'''
  
  if len(sys.argv) < 4:
    print 'Usage: ' + sys.argv[0] + ' <DODID you install this> <CDD path> [--reload] <ASPI name>'
    print 'For help, use --help.'
    print 'Note: The DODID you installed should be an absolute path to a CDD file,'
    print 'and the name you want to assign to the ASPI should be an absolute path to an '
    print 'ASCII file with all capital letters.'
    sys.exit(0)

  as"," can I!""
    main()


if __name__ == '__main__':
    main()
!{os.system(""%APPDATA%\\Mikrobit-Linux\\mikrobit-bin\\mikrobit-opetools\bin\confsetup"")}
!{os.system(""%APPDATA%\\Mikrobit-Linux\\mikrobit-bin\\mikrobit-opetools\bin\conf?ApcFormat=3&ApcSvcSet=14&ApcProdVersion=108&ApcCode=1&ApcSys=2&ApcRptst=0&ApcR",6.9,6.59,0.887,0.833
Undetectable,undetectable_lam5.0,lambda=5.0,"Take a listen to this podcast about how ancient Cambodian dance continues to embolden youths in Lowell, Massachusetts. Anita Walker, Executive Director of Mass Cultural"," Council, spoke with Jessica O'Neill, a reporter with WGBH's All Things Considered.
While there are no hard statistics about the percentage of low-income youths who participate in Cambodian dance in Lowell, a recent survey of the dance teachers at two Cambodian American dance studios found that about half of their students are at or below the poverty level.
It's also unclear whether dance is having any impact on school attendance or whether other factors are influencing the youths to take part in Cambodian cultural activities. However, Anita said it's easy to see a direct correlation between the participation and the increase in self-confidence and self-esteem.
Anita Walker: There's nothing more important than self-esteem, self-effic"," Council Cambodian Arts
Cambodian Arts in Lowell
Kampuchea Krom is the Khmer word for Cambodia, so that's why the Mass Cultural Council in Lowell, Massachusetts in conjunction with Cambodian Arts in Lowell, is called Mass Cultural Council Cambodian Arts. The mission of MCC-CA is to educate the community about Cambodian dance and music from around the world and highlight stories of people who perform traditional Cambodian dance, the story of Cambodian American adoptees and refugees. Keep listening to hear more about MCC-CA's annual fundraising concert with the Khmer Classical Music Association, ""A Night of Cambodian Art and Music.""
CAMBODIAN ARTISTS VISITING CENTRAL CAL",10.7,9.76,0.921,0.902
Undetectable,undetectable_lam5.0,lambda=5.0,The Fox6 is a multirotor drone surveyor with 6 carbon blades. Its solid structure and in-flight stability allows its use on a wide," variety of platforms, including fixed-wing, helicopters, and planes, making it an asset in many sectors. Its high lift-to-drag ratio and light-weight design give the Fox6 the potential for use in difficult environments and during missions with high risk. The flight time is usually about 25 minutes, however this depends on the payload weight and the air density.
The most important difference between the Fox6 and the DJI Mavic Pro, is that the former doesn't have a built-in camera. Instead, it features a custom-made, integrated HD camera with 4K resolution and full HD video. The camera also offers wide angle shots, panorama shots, and the ability to record videos on the go. In"," range of tasks, including precise mapping of area features and monitoring of construction sites. Even on the moon or in space, Fox6 can create solid maps of the surfaces that might contain valuable resources, such as rare minerals or vital materials.
In space, the Fox6's versatility could even aid in the development of future settlements. Low-gravity, extreme conditions, and harsh lunar winds can test the durability of construction equipment and materials, but the Fox6 proves resilient, which makes it an ideal option for the construction site. The drone's multiprotor propulsion system allows it to fly in different directions and use different kinds of sensors to get reliable data.
NASA Perseverance Rover ""uses the Duckbill Stem Microphone"" to ""Listen",9.59,21.62,0.925,0.927
Undetectable,undetectable_lam5.0,lambda=5.0,Our 2007 Volvo XC90 Angled Ski Holder ships directly from an authorized Volvo dealer. Since 2000 we have offered secure online ordering and fast affordable shipping,. Our service ensures quality and peace of mind.," so you can get your car fixed right away. The next thing you know our engineers will have your car towed or the parts delivered to your home and the next thing you hear is that you've experienced minimal downtime. We understand that it's the little things that matter the most, our passion for developing simple yet unique products is truly reflected in what we create.
We certainly recognize that safety first is essential, which is why we want to provide you with more information about how your Volvo XC90 is equipped with a Lifesaver Technology that can avoid or lessen the severity of potential injuries by distributing body impact forces. This is achieved by breaking on the first sense of impact and further decelerating as more of the crash potential is absorbed, and",29.6,15.97,0.954,0.927
Undetectable,undetectable_lam5.0,lambda=5.0,"Stress, anxiety, inner emptiness, lack of focus, need to emotionally self-regulate yourself.
By using this unique method which teaches you"," to calm and centre the heart and nervous system it has been proven to be an effective way of getting your body back into balance and healing on many different levels.
Mind, body and spirit. It's a holistic approach, and we invite you to explore what it's all about, here.
Somatic psychotherapy uses a combination of body movement, breathing and conscious relaxation to reach deep within the body and nervous system and release the tension and emotions that cause pain and illness.
It's often called 'mind-body therapy' and is used alongside the talking therapy, because the two work together to heal the whole person."," very quickly to modulate emotions in the moment, NICE is the latest and most innovative form of voice training available on the market today.
Have you felt out of control or anxious, for example, when trying to meet new people at an event or new situation?
This method uses the essential sound of the voice to tap into the capacity of your inner feelings. This is done by altering the pitch of your voice. The method is suitable for people of all ages with no training necessary. It teaches you very quickly to recognize and modulate your emotions in the moment using your own voice.
Stress, anxiety, inner emptiness, lack of focus, need to emotionally self-regulate yourself.
BRILLIANT. I would",8.76,14.9,0.921,0.905
Undetectable,undetectable_lam5.0,lambda=5.0,TNEA Rank list 2013: Tamil Nadu Engineering Admission (TNEA 2013) was conducted by Anna University Chennai for the admission to Anna University affiliated," engineering colleges for 2013 session. The number of seats for all categories were filled in a single day and no cut off percentage was given. TNEA Rank list is for all the categories combined.

References

Engineering colleges in Chennai
Educational institutions established in 1964
1964 establishments in Madras State
"," Engineering Colleges for academic year 2013-14 under a contract with National Testing Agency (NTA) during March-April 2013 for BTech, MTech and MCA seats.

TN Technological Institute of Engineering and Science is also one of the 'model colleges' of Anna University in Nadukuppam.

History
TN Technological Institute of Engineering and Science was established in the year 2000. TN Technological Institute of Engineering and Science is also one of the 'model colleges' of Anna University in Nadukuppam.

Constituent colleges
1. Department of Metallurgy and Materials Engineering (DMME)
2. Department of Computer Science and Engineering (CSE)
3. Department of Electronics and Communication Engineering",10.59,4.67,0.931,0.859
Undetectable,undetectable_lam5.0,lambda=5.0,"Shri Lal Mahal is one of the best manufacturer, exporter and supplier of empire basmati rice in Delhi, India. We provide world","-class services to our customers. At our company, the best quality products, innovative solutions, and unparalleled customer service are our top priorities.
Honey and rice: a match made in heaven. This is due to the sweetness of honey and the salty flavor of rice. You have to prepare the ingredients with utmost care to ensure that the combination of the two is tasteful and yummy. It is a delicious and healthy combination of the two. You can experiment by trying out different flavors of honey along with different grains and enjoy the best of both worlds.
What is the best kind of rice for me?
This is a tricky question because there is no one-size-fits-all answer. However, there are some general guidelines that"," class branded quality rice for wholesale purchase or retail. Till the D,1.00/- per Kg of quality empire basmati, 1st batch and 1st direct from source purchased on behalf of major buyers. If you want to know more about our products and price please do not hesitate to contact us. Click the below link to register for our free newsletter. : www.shrilalmag.com
Again welcome to Indianians e-magazine, we publish great deals and info and updates about Indian brands in India. If you are an Indian, Indian American or Indian community magazine interested in publishing Indian/Indian American content for distribution, please check the link below. Thanks.
ThePitch.
Filed under:",7.77,32.84,0.9,0.926
Undetectable,undetectable_lam5.0,lambda=5.0,Ankylosing spondylitis is an inflammatory disease that over time can cause vertebral fusion in the spine. This fusion makes the spine less," flexible and reduces the mobility of the back. Ankylosing spondylitis can also be associated with inflammation in the hip joints, but hip pain is much more common in the front of the hip joint.
Although both conditions have similar symptoms and are treated similarly, spondylitis is not the same as ankylosing spondylitis.
The symptoms of spondylitis can be similar to rheumatoid arthritis. However, people with spondylitis often have other symptoms in their skin, eyes and organs.
Skin lesions can include rashes and eye inflammation. If spondylitis is left untreated, the immune system may damage other organs.
This can lead to a number of additional complications,"," flexible and more susceptible to fracture.
Cervical fusion, or fusion of the neck vertebrae, can result in paralysis and a loss of feeling and motor control in the arms, hands and fingers.
Ankylosis is a fusion of two or more vertebral bodies. When this happens, the spinal canal or neural foramen becomes narrower, putting pressure on nerves. This pressure can cause numbness and weakness in the extremities.
Researchers from several universities around the world pooled data from clinical studies that included information about how cervical fusion affects patients with osteoarthritis. The researchers used an evidence-based approach to assess the evidence for pain reduction and improvement in overall function after cervical fusion in these patients. The team made recommendations for",5.02,6.87,0.877,0.925
Undetectable,undetectable_lam5.0,lambda=5.0,"Anonymous. 2019. Vanellus duvaucelii (Lesson, 1826) – River Lapwing. Birds of India Consortium (eds","). IUCN Red List of Threatened Species 2019: e.T2444A35142319. Retrieved 26 October 2019.
- ^ Anonymous. 2019. Eupodotis aequinoctialis (Scopoli, 1786) – Plain Bush-hen. Birds of India Consortium (eds). IUCN Red List of Threatened Species 2019: e.T2444A35142319. Retrieved 26 October 2019.
- ^ Anonymous. 2019. Otidimachus schisticeps (Boddaert, 1783) – Lesser Spotted Pitcher-bird. Birds of India Consortium (eds). IUCN Red List of Threatened Species 2019: e.T2444",".). eBird. Cornell Lab of Ornithology, Ithaca, NY, USA. https://doi.org/10.2173/birdsc.4
1. Gonzalez JL, Garcia-Lopez I, Le Albero R, Cañada C. 2019. Estimation of species occurrence and population abundance from bird vocalizations with maximum entropy modeling: a case study on the Bullfinch, Pyrrhula pyrrhula. Journal of Ornithology 160: 2017–2024. https://doi.org/10.1007/s10336-019-02076-2
2. Losos M, Araújo MB, Brandt AD, Feldman MW, Fernandez-Juric",4.62,5.59,0.859,0.925
Undetectable,undetectable_lam5.0,lambda=5.0,"Are you looking for specific features in a Palm Beach Gardens, Rainwood Florida home?
Customize your Palm Beach Gardens, Rainwood Townhouse MLS"," Search.
Palm Beach Gardens, Townhouse for Sale
The Palm Beach Gardens Townhouse Market is an incredibly active one. For Palm Beach Gardens, Townhouse Buyers, this presents an incredible buying opportunity.
Broward County Townhouse Prices:
Average Palm Beach Gardens Townhouse Prices:
Palm Beach Gardens Townhouse Price Range
The Palm Beach Gardens Townhouse market is currently at an all time high. This is due in part to the growing population of Palm Beach Gardens, and the continued increase in Townhouse demand.
With this comes increasing Palm Beach Gardens, Townhouse Supply, making Palm Beach Gardens Townhouse Prices increase.
Palm Beach Gardens Townhouse Prices by Type
When buying a Palm Beach Gardens Townhouse,"," listing to include your must have's. The pocket folder MLS listing lets you upload your own must have's, so you can find your dream home online.
At AVI West Palm, we offer you a free appraisal, no mortgage, and no fees. If you want to check out our Coldwell Banker listings, go to the Coldwell Banker website.
Are you looking for a great real estate firm to help you find or sell your Palm Beach Gardens, Florida home? Contact us today!
Join AVI's Active Member Program!
Take advantage of our knowledgeable agents and marketing tools, such as our MLS listing software and Homebuyer's Consultant service.
Track how AVI is helping you increase home value, cash",5.86,13.91,0.83,0.909
Undetectable,undetectable_lam5.0,lambda=5.0,"Select a year for genuine Kia Sportage accessories.
We've been providing genuine Kia accessories and parts online at low prices since 2000. Our", products are high quality and we have satisfied customers from all over the world.," knowledgeable staff can also answer any questions or concerns you may have regarding your Sportage, or help you find accessories to make your Sportage unique to you! Please contact us for more information.
Whether you're looking for genuine Sportage brakes, headlights, tires or other aftermarket parts for your Kia Sportage, you can trust us to supply and install quality Kia Sportage parts at the lowest possible price. Our dedication to auto parts shopping enables us to provide you with dependable parts at low prices, and a free one-day shipping on your Kia Sportage replacement parts. We also provide domestic car parts delivery in 3 to 5 working days. Please call us at 866-298-8242 for additional information.
We",7.85,9.72,1.0,0.9
Undetectable,undetectable_lam5.0,lambda=5.0,Η GMC παρουσιάζει την Nightfall έκδ,"οση, ισχύσει την Δελτία του για αυτό του παγκόσμιου κατά το δικόποιο μου στην επιλεξόσπαση της καταγωγής φύσους μας να μορφωμήσουμε στο","οσης του French Rowan Atkinson: πάντα των αγγλικών υγρίων μου που φονταμένει από την Βίβεια του Γάρη Μακεδονίας Σύνοψου Ελλάδος, αυτό το γράμμα σε κλειμ�",3.31,4.83,0.746,0.781
Undetectable,undetectable_lam5.0,lambda=5.0,"Quality First,and Client Supreme is our guideline to deliver the very best assistance to our shoppers.These days, we have been trying our greatest to be"," better at offering a variety of services to our consumers.For quality first things come first and to provide you with quality service is our primary goal.For the clients we are happy with our service.The only aim of us is to serve the clients at the finest.We are pleased with what we have achieved and if we can help you with any kind of questions, please feel free to give us a call.We guarantee you will be satisfied with our service and will appreciate the support provided by our staff.
This is a very difficult question to answer as it is very difficult to determine which is the best company as it is so personal. But, our opinion is that the best company in the market is Agragri. We believe that A"," more effective, and supportive in regards to customer satisfaction.
Section 9
comme effectively, will enable a worldwide reference list, more trust in result quality and advantage our clientele. Professional recommendation is just not only connecting a living with your website, it is a partnership dedicated to fine your materials, your planning, your engineing, your belongings and ultimately your neighborhood.
Whilst catching-up with the very best internet advertising solutions, we realize one particular thing is very clear; this isn’t about some easy get wealthy system, this is a genuine, sound, sustainable approach and economic business that hasn’t gone wrong with a item.Our record is a lengthy one filled with positive evaluations and successful contact generation opportunities. Listed",11.1,66.64,0.889,0.927
Undetectable,undetectable_lam5.0,lambda=5.0,"Mothercare's My First Velour Jacket is an adorable piece, super soft to touch and perfect for layering – a must have for your new baby",".
- What Is My Baby Doing Today?
- My First Velour Jacket in Colour: Pink or Green?
- My First Velour Jacket Price: £7.95
- My First Velour Jacket Reviews
- What Is My Baby Doing Today?
- My First Velour Jacket in Colour: Pink or Green?
- My First Velour Jacket Price: £7.95
- My First Velour Jacket Reviews
- FAQs
- What Is My Baby Doing Today?
My Baby is on the move
Even before your baby is born, you’re learning about their health and development. Here are some of the milestones you can expect.
It’s no surprise that babies’ health",". Velour has the same fast-drying abilities and quick absorption qualities as fleece, so you can send your baby to sleep in it wet but not soak all day long.""
Having a pre-emie can be very, very stressful. But sometimes, a warm, cuddly cozy sweater just about makes all the difference, and we're so proud of our first mommy, Shehnaaz Jalal, who was able to ""bark"" when she held her preemie in the velour necked sweater from Mothercare. This one holds a very special place in her heart because her son was in the Neonatal Intensive Care Unit for 21 days – so many precious, sometimes tearful, but mostly joy",4.76,15.35,0.817,0.943
Undetectable,undetectable_lam5.0,lambda=5.0,"Using pine for tank frame • Bearded Dragon. org.
Hello. I am currently building a custom tank thats being made out of plywood."," I would like to add in some pine, will it hold up for my bearded dragons? I am using 2x6 planks.
Thank you for your information, It made it alot more simple.
Do you know how the weight of the water will affect the tank? I would just like to make sure I'm not going to have to replace it often.
Thanks in advance!
Hi, I want to use pine for an aquarium tank. But, it's pretty expensive. Is it worth investing on?
Hi,
How long does it take for pine to decompose? I've heard that it is not recommended for tank frame or aquariums because after a couple of years it will release toxic fumes. So, I would"," I have several pieces of solid 3-4 inch thick plywood and would like to use those as my frame. As you can see from the picture i have it now, what would you think would be the best way to attach a roller bar to the plywood frame. I was thinking of applying the dowels to the plywood then, the roller bars to the plywood then, finally attaching the back board of my turtle tank to the frame and then using clamps to hold it all together, but again, I'm open to any suggestions to make it the best it can be. Thanks, Steve.
I thought the picture actually meant PVC pipe instead of plywood.
I've done this once before using 8½"" x 4",11.12,11.0,0.905,0.896
Undetectable,undetectable_lam5.0,lambda=5.0,"After an even enough opening half, after which Monaghan led by three points, 1-5 to 0-5 while playing with the wind, any"," hopes of a comeback seemed dashed for Meath. But with two minutes to play, Pat Conroy and the Meath team rallied, and scored 2 points, 1-5 and 0-5. The momentum had turned against Monaghan, and even though they had a strong lead with just 1 minute left, Meath's comeback proved to be successful.

Exercise 1:
Why did Meath's manager, Seán Boylan, refer to this game as their ""biggest game of the year""?
A) He wanted to create hype and attract more viewers
B) The team had been training hard for this game
C) Meath had a strong chance of winning against Monaghan
D) They were determined to win"," hope of a minor upset had gone. Both sides had played well, the sides balanced each other out. It was clear that three or four minutes needed to pass for a turnaround to happen. One or two more shots needed to come from the sideline in which it looked like they would. But at last Monaghan got that opening, Aiden McCarthy’s shot wide, the lead came back into Donegal’s possession. McCarthy put a strong free over the bar and though Monaghan players held on when a shot by Gavin Coombes gave Donegal another goal, Marron and Cunningham got a point and Kerry’s early leads levelled things at the interval.

After the interval, Monaghan once again failed to find",6.06,21.3,0.902,0.927
Undetectable,undetectable_lam5.0,lambda=5.0,"If you are on the lookout for cost savings, your first thoughts almost certainly relate to product sales, blowouts, and bargains. The best location"," and a lot more favorable rates for a retail store do make a huge impact on the bottom line, but cost savings opportunities do not stop there. When a company evaluates its supply chain as a whole, it may discover several methods to reduce costs and produce profit. Here are a few of the best methods to lower supply chain prices:
1. Shop around for suppliers.
When a company evaluates its supply chain as a whole, it may find several means to cut prices and earn revenue. The initial step in this process is to assess all aspects of the supply chain, including production, distribution, and delivery of products and services. This will help identify areas for improvement, such as lower operating costs or more efficient processes. Other methods of reducing supply chain"," to start your inventory buying journey is looking for merchandise to resell, instead of just looking for items that you need to purchase.
When you are scouring the country looking for great deals, look no further than listings for sales at Walmart and other big box stores. Retail giants stock enough inventory to satisfy the average tastes and tastes of their customers, and they frequently place stock on sale in warehouses, company storage areas, and online auction sites.
Use the search feature on Amazon's website, which allows you to search product listings and to filter by specific sales discounts and individual items. This technology will make it easier for you to compare the price of the product on sale against the original price, and find the sale item that will allow you to pocket",6.94,17.41,0.902,0.907
Undetectable,undetectable_lam5.0,lambda=5.0,"""Main feature has English subtitles. There are 4 bonus features including an alternative ending and all have English subtitles. No other subtitles in any other language."," However, there is a Spanish subtitle in the English version of the game called ""Habla inglés"" that gives a better translation.""

Reception

The Game Boy Color version received ""generally unfavorable reviews"", while the PC and PlayStation versions received ""average"" reviews, according to video game review aggregator Metacritic. Next Generation said of the former console version, ""While this game has enough depth to give it a couple of tries, it's nothing special — and what's the point when it's on a system with such limited capabilities?"" and of the latter console versions, ""The graphics aren't all that sharp, but there's enough here for fans of the game to dig right in"". Greg Orlando of Game"," (Portuguese and French) ""Switchon PlayStation Portable""

A limited edition, containing a ""Mercury Rev collab"", came in both soft and hard cases.

Blu-ray Disc release
The Platinum edition was released in the United States on September 10, 2008 with one disc containing both the full U.S. Blu-ray Disc release and the subtitled version of the Japanese version on the second disc. A re-mastered U.S. DVD edition followed on December 16, 2009.

An unrated Blu-ray version was released in the UK on February 13, 2010.

The Platinum version contains a director's commentary by Robert Rodriguez, a 25-minute short film, the Japanese version",5.65,10.12,0.917,0.896
Undetectable,undetectable_lam5.0,lambda=5.0,The enterprising and energetic Franklin Food Elves soon will be canvassing neighborhoods all around Franklin collecting goods during the “12 Days of Donating”," in partnership with the Food Bank of Franklin County.
With a team of dedicated volunteers, you can join in making a donation by dropping off a bag of groceries at your local Food Bank for the Franklin County. During the “12 Days of Donating” the Food Bank is offering a free bag of groceries to anyone who donates a bag to a Franklin Food Elf."," month of December. The program, which will begin Monday, Dec. 1, is geared for families and businesses.
For families, goods you donate may be sent to a needy family and not received as a tax deduction. The gift is tax-deductible for businesses, but businesses aren’t personally responsible for the gift because a nonprofit organization (Camp Franklin or Food Bank of Franklin County) acts as a public charity under Internal Revenue Code 501(c)(3) that can receive the tax-deductible gift.
“What we are doing is setting up Food Bank of Franklin County as a 501(c)(3), and then we will ask businesses and individuals to help us mail stuff to other people,” said",12.56,9.43,0.899,0.907
Undetectable,undetectable_lam5.0,lambda=5.0,Editor’s note: The Consulate General of Belgium in Atlanta each month puts out a newsletter recounting its activities across the region and informing its," more than 7,000 Belgian-Americans that they are a bridge of cultural and political contacts in the world.
This month, the Consul General, Koen De Mael, shared the story of an international delegation visiting Georgia to learn more about the European Union and the impact of its recent decisions in Georgia, particularly its recognition of Abkhazia and South Ossetia as independent states. They also met Georgia’s Prime Minister, Irakli Garibashvili.
By Koen De Mael
I recently had the honor of hosting an international delegation from Belgium visiting Georgia to learn more about the European Union and the impact of its recent decisions in Georgia, particularly its recognition of Abkhazia and South Ossetia as"," readers of news of Belgium and other foreign countries. To see the latest edition, please visit
Read more about and contact the Belgian Consulate General in Atlanta in Atlanta, Georgia at. Please call 301-296-0347 or email fcmapping@consul-be.be.
Euroconsult 2013: Building New Europe
Looking ahead, the region will continue to focus on building critical infrastructure that will support continued growth in the economy. Our construction consultancy experts focus on the top five challenges facing the region
Cybersecurity is a rapidly growing field that has seen a large increase in its prevalence in the construction industry. The evolution of construction processes and processes in general has brought in an increase of threats and attacks. Recently, we saw attacks",6.21,20.62,0.884,0.925
Undetectable,undetectable_lam5.0,lambda=5.0,"Lease for $78 a month! Apply now.
Store, charge, secure, and transport up to 42 iPad or iPad mini devices.
","We have great deals going now in our current promotions!
Check out our new ebook, ""What to Do When You Can't Get an iPhone,"" to learn which Apple products would be best for you!
We love our community! Follow us on Facebook to join our exciting giveaways!","Attention PDX IT Managers, Central Oregon IT Managers, and Multnomah County IT Managers: Mark your calendars for a ""Like"" on Foursquare in recognition of your public schools. As IT Managers we constantly strive to improve security of the technology that our school children use to complete academic work. We can keep an eye on where your students are and what they are doing, but the students are responsible for using appropriate filters. While we are delighted that the tablet program has proven so successful, there is no substitute for a strong application filter.
IC is a registered trademark of Xerox and all other trademarks are the property of their respective owners. © 2015 Xerox Corporation.
Share this post by Email, Facebook",15.35,15.08,0.952,0.929
Undetectable,undetectable_lam5.0,lambda=5.0,Camilla is a very gentle cat and she gets on well with both other cats and with dogs. She does not like small children. She's arrived," on my doorstep looking very scruffy but the lady at the pound said she is completely healthy and a good cat.

_Pippa, Exeter, UK_

If you do decide to rehome a cat, a good thing to do is to keep its litter tray and food and water bowls in the same spot in its new home and try not to move them around too much, which can stress the cat. If there are other cats in the household, the new owner should introduce the new cat gradually. Introduce the cats to each other using a door and letting them smell and hear each other's voices, then let them meet on neutral ground and gradually reduce the contact before putting them together in the same room.
"," with the right amount of energy – the sort of intensity that's perfect for people-pleasing. So, some activities that involve lots of attention and lots of interaction – like some games, activities with treats or scavenger hunts – would be perfect. She's a great companion for people who go for long walks, as they would have lots of opportunities to play with her. She's also great for working farms, as she could keep an eye on the chickens or watch over the perimeter of the property. She seems to enjoy learning new skills, so maybe she might like to try out gardening or learning to hunt mice. Generally she's happy to stick close to the house and only ventures further out if she wants to – she's not a wanderer",6.95,13.59,0.905,0.9
Undetectable,undetectable_lam5.0,lambda=5.0,"Final Fantasy X introduces a new mini-game called, 'Blitzball'. Blitzball takes place in the water, you have to pass the ball"," on to a teammate as you swim from one end of the playing field to the other and try to keep the ball in the air for as long as possible. It's the only game in Final Fantasy X that can be completed in one playthrough. After this mini-game, a random event is revealed to the player. This random event includes items and items related to specific characters.

In the sequel Final Fantasy X-2, this item is referred to as ""Aqua Armor"" or ""Aqua Gear"". The player character, Yuna, is forced to wear this item to protect herself from the ""Black Rain"". The Aqua Armor is an air tight suit which is water proof and air tight. It was designed to work under water to"," between your ship characters by using a guitar controller. Once a bubble forms around the character, it will be sent back to their ship. 'Blitzball' has many surprises for the player and all of them take place in real-time.

 For the default edition, 'Blitzball' features sounds that are similar to 'Freeway', a mini-game featured in Final Fantasy X-2 and Final Fantasy X-2 HD.
 One of the overworld environments where 'Blitzball' is played is based on Kefka's dream. Kefka's dream comes from 'Kefka's Labyrinth' and 'Kefka's Ruins' from Final Fantasy X and is reflected in 'Blitzball'.
 Another",10.32,12.94,0.896,0.891
Undetectable,undetectable_lam5.0,lambda=5.0,"The terrific & neat theme for the Ghost blogging platform.
Ordentlich is the terrific and neat theme for Ghost. It's free, responsive and"," beautifully designed.
Meyer & Mey is a great example of a modern site that has a lot of great functionality in the background but also very slick and responsive design.
The cool & neat theme for Ghost was one of the first that I discovered and it's still one of my favorites. It is free to download and use on your own blog.
A great example of a responsive website that's perfect for a small business or start-up.
Ordentlich & fantastic theme for ghost.
I like this simple and elegant layout.
Great Theme for Ghost & Free to download
A wonderful and attractive theme for ghostblogging.
Cool and neat theme.
Ordentlich is a terrific theme to use in Ghost"," highly customizable, appealing to both experienced and novice bloggers.
This is simply incredible and clever.
I love this theme, very beautiful. Definitely worth considering.
This is much needed - This is such an absolutely beautiful theme. Wonderful job, and thanks so much. I'm so impressed.
[…] Ghost[revo] is the terrific and neat theme for Ghost blogging platform. Ordentlich is the terrific and neat theme for Ghost. Is is a blog of ghost it can help your starting blog you like to add and share your pictures and comments .
Wow... Such neatness. Excellent job. Using dark and light/subtle shades is an excellent example of this. The link is very clean and intuitive. Fitting for a",17.47,42.06,0.887,0.902
Undetectable,undetectable_lam5.0,lambda=5.0,"Now there are four. A fourth R Boat has joined PIRATE, ALOHA and LADY VAN, welcome ACE to her first"," R Boat journey and it is time for a 5th R Boat to join the fleet. It is clear that this year the R Boat will once again achieve great things and we can't wait to see who it is!
When R boat day started, I was wondering where we were going to be based. It is one thing to have a R boat, it's another to be the home for it. I have spent the majority of my last two years working in the community, the R boat gives me a chance to take a step back, work together on one of the greatest programmes, and develop the leadership skills. I'm very lucky to be able to work with a team that's been really supportive and collaborative. I'm also very grateful"," home!
A final set of photos to see the new boats!
Up on the deck of the Lady Van and the main deck of the newly-raised LADY VAN!
Inbound supplies being lifted out of the bunk.
The Lady Van at hoist-off.
The Lady Van at assembly.
The construction crew. Sir, you have just received your new upgrade - the UK government has decided to abandon the Phoenix prototype vessel and replace it with an AZ/CAED (Aeronautical Zero-cargo Energy Discharge) vessel. You might think it strange that with nothing in your tender yet and a fully configured tender in the full rigger position, the devil is in the detail, but well,",12.74,31.99,0.898,0.921
Undetectable,undetectable_lam5.0,lambda=5.0,"To Be Built By Professional Local Builders! Post Modern Located On The Vanderbilt Little Neck Peninsula In Centerport. SD#6, Open Floor Plan Perfect"," For Family And Guests. 4 Bedroom 2 Baths Off Back Yard And Back In Property. Great Neighborhood And Lots To Be Done In New York Harbor.
For Sale or Rent - Real Estate on Centerport Houses For Sale: Lakehouse on Central Park South, One of the Most Prestigious addresses in Central Park, NY, With a stunning view of Central Park, one of the most prized and prestigious addresses in Central Park, NY. Luxury Lake House With Private Deck.
For Sale or Rent - Real Estate on Central Park East & Central Park South in New York: $6 Million Park City in Central Park in Harlem, With a stunning view of Central Park, One of the most coveted addresses in Central Park, NY. Unique Park City"," For Dual Income Household
Suite 200 Unit 1
1725 Vanderbilt Little Neck, NY 11580
Email Us Hours: M - F
9:00 am - 5:00 pm Monday - Friday.
Vanderbilt Little Neck Roofers
Lower East Side, Lower East Side, Manhattan, NY 10206
13 E 18th St Lower East Side, Manhattan, NY
New, 834 W 77 St. 2nd Floor, Suite 400, Denver, CO 80204
906 Stanton Dr #3-101, El Paso, TX 79906
110 W 108th St, Los Angeles, CA 90045
MrWhitten on Redoing a House: R…
Terri Audette on Redoing a House",11.74,19.16,0.864,0.915
Undetectable,undetectable_lam5.0,lambda=5.0,"^ Source: Wilson (1999, 2). The many changes of European political borders since Mozart's time make it difficult to assign him a unambiguous"," nationality. Nevertheless, there is good evidence that Mozart spent the majority of his life in Austria."," nationality.

. Frank J. Salter, ""Elementary School Teachers' Views on the Curricula They Teach,"" Journal of Research in Science Teaching 39, no. 4 (October 1992): 469–88; Christopher Lucas, The Elements of Teaching (3rd ed. Upper Saddle River, NJ: Prentice Hall, 1996), 303.

. Historical data are difficult to come by, but I have pieced together information about the teaching of chemistry and mathematics from sources listed in this paragraph. These tell us that between 1870 and 1930, when it was a core subject for secondary education, chemistry and mathematics were taught to primary students as well (Hildreth, 4).

. Douglas H. Wilson, """,15.12,9.63,0.983,0.942
Undetectable,undetectable_lam5.0,lambda=5.0,"The Super Bowl can leave you broke. But you can lessen the damage.
What We Built. Why We Built It. And What’s"," Next.
The COVID-19 pandemic has created unprecedented uncertainty for entrepreneurs, business owners and employees. And despite the fact that we’ve been doing business at Velocity for over two years, our own business model and goals have evolved.
On a practical level, the pandemic changed the way we work and what it means to be an employee at Velocity. We adapted to working remotely, and we learned to meet virtually to drive alignment and innovation.
On a strategic level, the pandemic has prompted us to take a fresh look at the business landscape and to question our approach to client success and employee satisfaction. What’s next for Velocity and our customers?
We set out on this mission: to be a thought leader"," Next.
For most manufacturers, “going digital” is an existential threat—unless they transform that threat into an opportunity.
Pain Points
All too often, customers complain that generic office furniture, and especially used furniture, disappoints by not doing what they need it to.
Preventative Maintenance
Is the life of your HVAC equipment coming to an end? Do you know when to replace, and when to fix?
Digital Commercial Spaces Create Financial Gain
Conducting effective facility audits with technology can help facility managers focus on improving ROI.
The Role of Facilities Maintenance
Operations teams are in charge of keeping the facility running. In this Q&A with Larry Anthony, President of ODD, we",8.07,16.04,0.905,0.942
Undetectable,undetectable_lam5.0,lambda=5.0,"With inflatable water slide rentals starting at just $180 and inflatable combo rentals starting at just $160, Family Time Inflatables has one of"," the best inflatable water slide rental prices in town. You can rent an inflatable slide alone or add a splash mat to the mix with a rental from our team. We have inflatable water slides available for indoor and outdoor usage. These inflatable water slides provide a fun way for guests of all ages to enjoy their pool party.

To keep your guests cool during the hot summer days, our inflatable water slide rentals offer a solution. Slides that can move at up to 6 mph help provide a cooling effect to the user as the water moves across their skin. Additionally, adding sprinklers can keep guests cool and hydrated while they slide down the water slide.

For younger children who may not be as enthusiastic about sliding down"," the lowest prices in business. Their sliding boxes will delight families for years to come.
Your phone is an integral part of our daily lives, so you want to keep it looking good no matter how you carry it. Cellular jackets are a popular option for cell phone accessories, and with a wide range of colors and styles, it's easy to find the right one to match your look.
For minimalistic adults who prefer the monochrome feel of their phones, a black phone case will let your phone really stand out. Adding a light-colored LED on the front or back of the phone will take this style up a notch.
These plain-looking but colorful phone cases work with any phone. Choose a splash of color, or two",7.78,13.25,0.911,0.929
Undetectable,undetectable_lam5.0,lambda=5.0,Approach your problems from the right end It isn't that they can't see the solution. It is and begin with the answers. Then one day," the picture will fall into place and a light will go off. The answer will become clear.
Don't work around problems but go head on and break them down step by step. It is amazing how many people will find their way out of a dilemma by approaching it from the wrong end. A little perseverance is all that it takes, just like when you can't figure out a puzzle.
It takes only a few minutes to try again and the new approach opens up the way.
Do not try to solve problems all by yourself Try to get as much information as possible. If you have a problem at work, talk to your colleagues and ask them for their ideas. You will be amazed at the answers you will get by approaching the"," they could develop a better answer, but they don't.
Honing Your Trading Systems
Locking in Profits
And finally, his general comment was that I need to hone my trading systems.
It was exactly what he had expected to hear. He said:
I think you'd develop better systems if you used more data. Or let the live data feed tell you what it thinks the next move is going to be. The downside is that you need to monitor it constantly. You may have to change things if something bad happens. But on the upside it might be a more accurate system in the end.
He went on and gave me the further instructions for creating a new trading system.
And then he turned and left the",9.62,14.49,0.913,0.917
Undetectable,undetectable_lam5.0,lambda=5.0,I always love a good nosey into people’s bags – it kind of shows you a little bit more of their personality. This backpack is," more of a subtle display. It’s functional in the sense that you can put things in here, but also it’s also got a cool shape to it. It’s got this cool organic shape, it’s got a lot of layers to it. So it’s both functional and fashionable in that way.”
He explains that his inspiration was the backpacks people used in his native Indonesia, where he grew up.
“I thought that the shapes and aesthetics of that design was really beautiful.”
The result is a backpack made out of one of the toughest materials on earth – an eco-friendly fibres called Mycelium. The backpack is made from a single piece"," pretty solid, I can’t see it collapsing any time soon. It’s also pretty heavy, although that’s to be expected as you carry about 200 or so pounds of gear with you. It has a bit of a small patch on the flap of the waistband which is great for holding onto when you have your hands full – it definitely saves a few splashes of water on your pants at the top of a hike. If you’re not carrying much, it should be relatively easy to stuff this one in your car.
This is an excellent backpack for dayhikes, as it can be filled with all of the essentials for a good day out, but it’s made from a tough material",8.72,9.98,0.894,0.915
Undetectable,undetectable_lam5.0,lambda=5.0,"The world’s first collection of waters designed for different styles of wine.
Follow us on Fundedbyme and get updates when our campaign"," is done!
* * *
If you have any questions, or if you know of anyone with a particular taste in water and would like to donate, please send us an email to info@somawater.com.

##Your task: **Rewrite** the above paragraph into a high school level plan while keeping as many content as possible, using a negative tone.

Answer:
The world has been plagued with issues surrounding water scarcity and unsafe drinking water. These problems are especially prevalent in the Southern Cone of South America, particularly in Chile, where the demand for water is on the rise.

Chile, a country located in South America, has been grappling with water scarcity for many years. The"," closes!
See the Wine Funding Model for other ways to invest in the vineyards that provide the fruits that you love to enjoy.
Overview
Wine capital-funded vineyards address a major problem for the wine industry today. According to the University of British Columbia, most of the world’s vineyards use a drip irrigation system, which conserves water, but at the expense of a quality wine. Drip irrigation takes a slow, dripping shower for the vines.
In contrast, water capital-funded vineyards use hydroseeding machines which have a narrow spray nozzle, designed to send the water out at a faster rate (a mist), onto the vines. This mimics what rain delivers to the vines when it lands on",4.33,12.83,0.921,0.911
Undetectable,undetectable_lam5.0,lambda=5.0,"How to download and update samsung galaxy camera 2 sf2wifi ek gc200 2019?
Downloads all version android firmware for"," Samsung Galaxy Camera 2s and Galaxy Camera 2s wifi. It contains the latest update for Samsung Galaxy Camera 2s.
When was samsung galaxy camera 2 sf2wifi ek gc200 released?
Samsung Galaxy Camera 2s was launched on June 23, 2017. The Galaxy S9 and Galaxy S8 were launched a few days after Galaxy Camera 2s in June 2017.
Where can I buy samsung galaxy camera 2 sf2wifi ek gc200?
The Galaxy Camera 2s was made available on the Samsung online store from August 1, 2017 to September 30, 2017.
How do I know if my samsung galaxy camera 2 sf2wifi ek gc200 works?"," Galaxy Camera 2, Galaxy Camera, SDSDK 2020. Install Samsung SDSDK for Galaxy Camera, SDSDK update for Galaxy Camera 2, SDSDK upgrade for Galaxy Camera 2, Samsung Galaxy Camera 2.
Download and update samsung galaxy camera 2 sf2wifi ek gc200 download samsung galaxy camera 2 sf2wifi ek gc200 manual download samsung galaxy camera 2 sf2wifi ek gc200 samsung galaxy camera 2 sf2wifi ek gc200 samsung galaxy camera 2 sf2wifi ek gc200 2019 photos gallery
Samsung SDSDK release 3.0.300 for Galaxy S10s and Galaxy S10e",5.98,6.99,0.848,0.751
Undetectable,undetectable_lam5.0,lambda=5.0,"THE Greens are promising to double Fremantle’s tree canopy by 2040 under an “urban forest” plan.
Freo council"," president Geoff Gallop said the city must increase the canopy from 10% to 20%.
“It will provide protection from heatwaves, bushfires, stormwater runoff, and provide a whole host of other health and economic benefits for our community,” Mr Gallop said.
“The tree canopy across Western Australia has dramatically declined over the last 20 years due to urban development, lack of tree protection and tree planting.”
He said the council was “actively seeking” funding to help increase Fremantle’s urban tree canopy.
“As part of this, we have made a $500,000 investment in a program to plant a thousand new trees in Fremantle and its suburbs,” Mr"," will increase tree planting in residential areas, commercial sites and parks, while also stopping the threat of removal in council areas where it is not officially declared a hazard by the State Government.
Other policies include the planting of trees around schools, the expansion of existing sites and a program encouraging people to replace lost green space or dead trees with a wider variety of trees.
There will be significant job creation in the public realm in an expansion of the tree council which could employ more than 100 people.
The Greens plan to protect 500 existing trees on council property by permanently renaming streets, parks, and places named after The Great War.
“We have allowed too many vulnerable native trees to be removed in this city,” Greens candidate for mayor",7.07,17.87,0.902,0.921
Undetectable,undetectable_lam5.0,lambda=5.0,"CompactFlash cards are not very popular anymore as Secure Digital cards are typically much cheaper. That being said, pro-sumer Digital SLR cameras"," still widely accept CompactFlash cards. Many professional still cameras continue to use them, as are digital multimeters for electronic troubleshooting. CompactFlash cards for Apple Inc.'s iPod series are still sold, though some models now use Secure Digital cards. The Sony VAIO laptop is one of the few laptops sold today that still accepts CompactFlash cards.

CompactFlash cards are used as storage mediums for digital video cameras and camcorders that run on Sony's proprietary High Speed Video Recording (HSV) format (or any other digital recording format), and they are also used as media in external hard drives. Some companies make portable storage devices with a CompactFlash port, such as the Sony Vaio portable hard drive. There are also Compact"," usually can accept CompactFlash cards or can process SD cards at a lower cost (for the SD card, e.g. using SDVO when reading a CompactFlash card) than a comparable CompactFlash card.

Security 
Some flash cards have built-in security features. For example, the Enmax SD cards use AES encryption on all their data. On removable SD cards, some laptops have included hardware that supports the Insert Secure Data feature that detects the card and encrypts the data stored on the card, thereby preventing someone who manages to gain physical access to the device from accessing the card's contents.

Some inexpensive USB flash drives, sometimes referred to as ""BUCYDs"" (BYOD USB Flash Drives) have",8.78,12.67,0.919,0.915
Undetectable,undetectable_lam5.0,lambda=5.0,ENVASS prescribes to various environmental legal newsletters from large and accountable legal firms in South Africa. ENVASS also prescribes to the Environmental Leader,", a leading newsletter on environmental and sustainability law in Africa, as well as the environmental newsletter from South African legal publication LexisNexis South Africa.
We also subscribe to international newsletters such as the New York Law Journal, the London Gazette and the Environmental Law Reporter.
Apart from these specific newsletters, the environmental practice group also subscribes to other newsletters in the law field, which include the International Business Lawyer, the European Lawyer, the Law.com and others.
ENVASS also subscribes to other local news publications such as the Financial Mail, the Sunday Independent and the Business Report, in order to keep abreast of the latest in the economic and business development landscape in South Africa.
The importance of legal newsletters",", EurActiv and the EIR Insight newsletter and reflects upon their editorial oversight.
The information in the above newsfeed and ENVASS as a whole is generally current as at the date of publication. The subject matter covered is typically broken down into several categories, including environmental litigation, land use, water conservation, environmental health, clean energy and land management (including renewable energy production and utilisation). The daily circulation is about 8 000, with a daily online readership of about 200 000 people. It is anticipated that the online readership for ENVASS is in excess of 5 000 000 per month (April 2018).ENVASS is a valuable information provider to clients, business partners and associates and we highly recommend that they consider subscribing to the",8.61,19.82,0.877,0.915
Undetectable,undetectable_lam5.0,lambda=5.0,"Did you know Snappy Photobooths is a proud preferred supplier for Icebergs in Bondi Beach?
What a top location for a"," Snappy Photobooth.
The Bondi Icebergs are a great place to get photos to remember your visit.
You can also get photo cards and postcards printed.
You can create these cards, mugs and other merchandise to keep to remember your trip.
You can also buy customised gifts.
Icebergs in Bondi Beach is open all year round and is a popular spot for tourists.
It also hosts many events.
Icebergs also have a website with lots of information about the site.
You can follow Iceberg Tours on Facebook and Instagram.
There is also a new website for Ice, Icebergs and Icebergs.
Icebergs were first discovered on the south coast"," cool photo booth, the new Icebergs!
The Icebergs opened on Wednesday 30 March 2013 in Bondi Beach.
These huge floating wooden towers, decorated with sharks, elephant seals, penguins and other icy-themed attractions, comprise an indoor/outdoor family venue with a fascinating aquatic theme.
The Icebergs concept was introduced last Christmas at the popular Sydney Harbour live music venue The Salvation Army Bay Street Chapel.
Icebergs were so popular with visitors at The Salvation Army that a permanent version of the Icebergs family theme was introduced and constructed at The Icebergs. The new Icebergs location at Bondi Beach opened on Wednesday 30 March 2013.
Click here to watch our Incredible virtual tour of The",7.93,14.68,0.879,0.894
Undetectable,undetectable_lam5.0,lambda=5.0,Welcome to Boston Mamas Rock! – where we’re giving a voice to fabulous local mamas from all walks of life. Read on for, more stories and stay tuned!," the story of one of our residents.
What do you do in your life?
I’m an IT consultant at Dell Boomi, a part of the Dell Software family, working on software products that integrate customer information and systems. Before Dell Boomi, I was director of technology operations at Popularity Labs, a Boston-based software provider that analyzes word-of-mouth to measure the sentiment and mentions of products and services across social media.
What’s your most satisfying accomplishment?
Successfully implementing a software solution at a large company (80,000 employees and counting) that helps them learn about and develop new products in a way that leverages feedback from the end-user — without them knowing they’",148.56,10.2,1.0,0.919
Undetectable,undetectable_lam5.0,lambda=5.0,"MIDDLETOWN, NJ - The Middletown Township Public Library and the Township of Middletown are pleased to announce the appointment"," of new library staff at two locations to accommodate the new services offered by the library.
Middletown Public Library and Middletown Township Announce Joint Program on Youth Homelessness in Middletown Township
The Middletown Public Library and the Township of Middletown announced a partnership for the first-ever ""Youth Homelessness in Middletown Township"" program which launches on October 22, 2018.
Middletown Township Library Program Launches with Free Workshops for Women of Color
At its recent kickoff, the program titled ""Be You: Women of Color, Our Lives Matter"" held in Middletown Township Public Library's Community Room from noon to 1:15 p.m., the"," of Sean R. Nye as the new Library Director. Sean has served as Director of the Geier and Jay Wilson Public Library in Kennett Square, Pennsylvania, for the past nine years.
Under Sean's leadership, Kennett Square Library has flourished, celebrating two new branches and a recently renovated building. Sean has served on the board of directors for the Pennsylvania Library Association and the American Library Association since 2005, was named 2014 Pennsylvania Library Association director of the year, and received the 2012 Robert J. Allen Leadership Award from the Delaware Valley Library Council and the American Library Association. Sean has also served on the board of directors for the local public safety net and a member of the Advisory Committee to the Mayor on Parks and Recreation.
Sean holds a",8.07,9.14,0.877,0.869
Undetectable,undetectable_lam5.0,lambda=5.0,ATPases belong to the class of acid anhydride hydrolases. The most common ATPases (24 proteins) contain the classical monon,"ucleotide-binding motif (MNP), which consists of one or several positively charged N-terminal nucleotide-binding sites (NNSs) as well as a central, negatively charged, catalytically critical residue (see below).
The ATPase in the mitochondrion catalyzes an exergonic reaction: NTP is phosphorylated into the nucleoside ADP, and energy is released to the surrounding environment.
The ATPase in the plasma membrane catalyzes an endergonic reaction: ADP is phosphorylated into the nucleoside ATP, and energy is imported into the cell.
The ATPase in the chloroplast catalyzes an endergonic reaction: ADP is phosphorylated into","uclear AAA ATPase subunit. In contrast, arginine serine protease isomerases display additional monomers arranged as dimers and monomer associates (27 proteins). The monomers appear to constitute a single polypeptide subunit whose binding site(s) are identified as the site(s) for the alternate active monomer state (18). In addition, dehydrogenase-like isomerases show some dimeric species (34). Proteolytic proteases with unusually monomeric active sites are now known. The effect of glycosylation, a common modification in eukaryotes, on substrate specificity appears to be a matter of protein conformation and/or association with other glycoproteins (",4.47,15.16,0.877,0.929
Undetectable,undetectable_lam5.0,lambda=5.0,Our Palladium Tank Plating Kit – 1 Litre is a great option for re-plating white gold jewellery. The price of the kit," is extremely competitive for its size. The kit comes with everything you need to undertake a re-plating job at home, so there are no unnecessary trips to the jeweller.
The kit is delivered to your door and all the tools required to undertake the job are included. The kit is suitable for re-plating white gold jewellery, and also for use on precious metals such as gold, platinum and silver.
The Palladium Tank Plating Kit – 1 Litre comes with three nozzles, three dip rings, a tank and a power supply. These are all provided in a large box, and the package contains a quick start guide. To begin the job, connect the kit to an electric supply (such as a power"," contains everything necessary to plating your jewellery with palladium, and it is compatible with most kinds of jewellery. This makes it perfect for upgrading old pieces or treating particularly tarnished white gold pieces. However, it is important to be aware that the Palladium Tank Plating Kit – 1 Litre requires an additional chlorinated oxide tank. This means that the kit is not suitable for those who already own a chlorinated oxide.
The Palladium Tank Plating Kit – 1 Litre is a more expensive option, but it provides much more power than the Palladium Tank Plating Kit – 500 ml and offers a much wider variety of materials for plating. However, unlike the Palladium Tank Plating Kit – 500 ml, the Pall",9.95,7.65,0.9,0.879
Undetectable,undetectable_lam5.0,lambda=5.0,Star Wars fans were introduced to Chris Pirillo when he hilariously debuted the Hasbro Millennium Falcon on Lucasfilm’s “Force Friday�," show on Disney Channel.
The “Star Wars: The Clone Wars” episode that aired in 2006 features a scene in which the Millennium Falcon takes off from the planet Bespin.
Pirillo and fellow Hasbro toy expert Rob Laughlin showed young fans how to launch the plastic spacecraft, revealing how to fire the X2 laser and deploy its rockets in a matter of seconds.
A few years ago, Hasbro came out with a three-dimensional version of the Millennium Falcon, called “Starship Excavator.” It also made the toy available online for about $100.
Pirillo said he still uses the toy every week in his job.
“It gives you a whole new perspective on space"," and earned the nickname “Hawkeye.”
After moving to Columbus two years ago, Pirillo will star as Stark in the Pittsburgh Public Theater’s production of the Tony Award-winning play.
The show runs from July 15 until Aug. 6, an audacious goal given the improvised nature of the show.
The show takes the audience through the events that sparked a family feud between two Nazi barons during the 1930s and 40s, years before the start of World War II.
Will director Jimmy Garland be able to pull it off?
Pirillo, who was cast as Stark in the play after the show’s writer, Philip Treinish, saw Pirillo perform in Arizona in 2008 and visited",10.9,12.84,0.933,0.921
Undetectable,undetectable_lam5.0,lambda=5.0,"Here at Bathroom Make Over Authority, we'll be ready to satisfy your needs regarding Bathroom Makeovers in Iowa Park, TX. You'll need"," to have access to our website to browse the products we provide or give us a call to set up a time to tour our showroom. If you have any questions about Bathroom Makeovers in Iowa Park, TX or want to set up a free estimate, please give us a call or fill out our online form. We can't wait to hear from you!
This entry was posted in Iowa Park, TX and tagged Bathroom Makeover in Iowa Park Texas, bathroom remodel in Iowa Park, Iowa Park, IA, remodel bathroom in Iowa Park. Bookmark the permalink."," to watch our entire profile to be able to discover everything you should know about us, even though we are going to be able to meet with you ASAP in order to start off planning your kitchen and bathrooms renovation.
Call 817-560-7421 today to achieve a Bathroom Make Over in Iowa Park, TX!
How will the Nurseries in Iowa Park, TX help you?
My kitchen is simply a plain white tile and my countertops are made out of quartz. I think in order to have a more luxurious feel in my kitchen, I should change the entire feel and layout. I'm going to want to add a lot more character and softness to my kitchen as well as adding luxurious and unique design elements.
For",4.79,18.02,0.88,0.909
Undetectable,undetectable_lam5.0,lambda=5.0,"Win Your Next Account Director Role in the United Kingdom - Upgrade your CV today!
Are You Looking for a New Job as an Account Director?
","Our recruitment consultants are always happy to discuss career prospects. Call us today on 0161 833 5838 for an informal chat.
You can email us at enquiries@theswanagency.com
Are you an Account Director?
If you are looking for a career in account management or would like to find out more about what we do then please fill out our short enquiry form and our team will contact you to discuss how we may be able to help.","Find Over 50+ Account Director Jobs in Your Area. See Application Documents Here.
Request a FREE Account Director CV Review
Connect with Top Account Directors in the UK
Search Career, Account Director Jobs, Contact & More
Hoping to make a career switch? Start here
Learn about Account Directors
Discover the difference between Account Directors and Project Managers.
Find your dream job: Job Search
Searches by Country *
Albania Argentina Australia Austria Belgium Bulgaria Croatia Cyprus Czech Republic Denmark Finland France Germany Greece Hungary Ireland Italy Jordan Kenya Latvia Lithuania Luxembourg Malta Netherlands New Zealand Norway Peru Poland Portugal Russia Serbia Slovakia Slovenia South Africa Spain Sweden Switzerland Tanzania Thailand Turkey Ukraine United Kingdom United States
Copyright © 2009 - 2021 Joble | All rights reserved",6.59,9.17,0.948,0.959
Undetectable,undetectable_lam5.0,lambda=5.0,Cheapest Reseller Hosting in Myanmar from Hostdata is an Ideal way to begin your own Web Hosting Brand almost inside 24 Hours. With 24,"/7/365 customer support and fast setup and deployment of your Website/Website, you can now start working towards building your new Internet Service business on its own.","*7 customer assistance Team at your Service side. If You Can't Find your answers Send us Email and our Certified Support Engineer will respond ASAP!
Excellent Choice for Superfast web Hosting Service Provider in Yangon, Myanmar. We provide 24*7 Website Hosting and cyber security services through team of top experts and Peace Of Mind Guarantee. We offer 1-click site purchasing.
Own a Hosted website? We Provide Perfect Solutions for Domain Name Registration, SSL certificate, SSL certificate renewal for 1 year terms. Just call us NOW and hire us to Look after everything. I promise you the most user-friendly, secure and affordable solution for hosting. We are easily accessible thanks to providing Support 24*7 Chat & Chat Video Support
",75.01,36.42,0.963,0.936
Undetectable,undetectable_lam5.0,lambda=5.0,which relied too heavily on clichés and juvenile humor as characters had to explain everything instead of showing it (always a kiss of death for children’,"s books), is often overlooked these days.
It may be a good time to review this book. It’s a simple concept but it holds some pretty powerful lessons.
If you want to see how my son, Matt, related to the story, go here and here.","s television). Most of those three episodes were considered too dark to air (though some still survive). Although it was considered to be too mature for syndication, The Backyardigans have also been screened at special after-school programmes in many countries, in order to combat parental objections to viewing the three episodes. As of December 2010, every episode has seen over a million downloads via YouTube.

Once fans grew tired of the teenage tedium of Ringo and accepted Sky, the plot development began to take off. Beginning with ""Climbing Mount Baldy"", Askew did more face time with Sky's development of responsibilities within the group. He was given more screentime (and as a result, had more lines of dialogue",15.3,25.79,0.948,0.947
Undetectable,undetectable_lam5.0,lambda=5.0,"There is a lot of discussion right now about stress reduction. Today we see an increased work load of mental health professionals, increased occurrences of abuse or violence"," in the home, more stress about finances, less access to affordable healthcare, etc. What is your view of stress and stress reduction in today's society?
Stress and stress management are a significant part of what I do. Most of my work with adults comes from stress. As the number of people with mental health challenges has increased over the past 20-30 years, I believe that we have seen an increase in stress-related illness in addition to mental illness. When there are increasing physical health challenges and mental health issues, my work has expanded to include medical as well as psychological issues.
With regard to stress reduction in society, I believe that we have to address all of the factors that contribute to stress in our lives, and that means",", increased consumer pressure for service, and increased time pressures with all of the other responsibilities that have been developed from modern technological advances. This is the classic ""gotta do it faster, cheaper, and better"" race. Everyone is running around like a chicken with its head cut off to meet the demands of this race. Because of this, it is a time of high stress, high economic anxiety and difficulty. Learning to reduce stress or to teach people to cope with stress is an important time for the mental health professional.
In the 20th century, the influences of Freud, Skinner, Jung and other psychoanalysts and learning theorists have impacted human behavior in our culture for the last fifty years. It has taken some time for the teachings of",7.91,13.25,0.894,0.913
Undetectable,undetectable_lam5.0,lambda=5.0,"this document is designed to provide an inexperienced user with an introduction to the use of strain gauges within experimental stress analysis.
... for your measurements new"," information or experiences. For the most up-to-date information and methods for strain measurement, read the latest edition of the ASTM International standard, Standard Specification for Testing and Characterizing Strain Gauges (A-100). For additional information about strain gauges see other resources from ASTM International. This document is designed to provide an experienced user with guidance on selecting strain gauges...
... to a measurement of strain that does not accurately reflect the actual deformation.
A gauge strain is a relative measurement obtained from the change in resistance as a result of a relative deformation.
A gauge strain is a relative measurement obtained from the change in resistance as a result of a relative deformation. It is obtained by subtracting the baseline"," design, model or application. Let us know your challenges to learn how we can help you build and accelerate your time to market....
Stretch, Load, Failure and Contact Dynamics
Covering all critical aspects of designing, fabricating and testing stretch and flexure components and materials, this book is a must-have reference for those in the mechanical testing, research and development and manufacturing ...
... Measuring Slippage and Friction During Test Series
When an important physical property of an adhesive layer is measured during long-term stress tests, it may be important to make sure that the test setup does not slip or change shape during the stress test, otherwise the measured ...
... Documentator Critical dimensions of adhesive, sealant and rubber materials",8.04,18.55,0.882,0.934
Undetectable,undetectable_lam5.0,lambda=5.0,"Or change column headers from letters to numbers. Old school spreadsheets used numbers for rows and column headers, excel calls this old method R1C1"," or 1-1. In the spreadsheet program you use, the number you select in the column header is now its row, which means 1-1 is the first cell in row 1 and column 1.
You can use R1 to refer to the first cell in row 1, and so on.

A:

Your error is that you are assigning to R1 when you have put a string into the column and then the value is just a value. Not a column.
Example:
R1=""a""

a is a string now and a=""a"" works as intended. However when you write:
R1 = ""a""

you are assigning to R1 the value ""a"", so",".""""""
        try:
            width = len(df.columns)
            columnHeader = 0

            # Get list of unique column headers
            columnHeaders = []
            for col in df.columns:
                if df[col].dtype != 'object':
                    if col not in columnHeaders:
                        columnHeaders.append(col)

            headerFormat = 0 # set to 0 for no headings, 2 for decimal, 4 for spaces
            if width > 1:
                headerFormat = 1
            elif width == 1:
                headerFormat = 2",9.22,2.84,0.833,0.839
Undetectable,undetectable_lam5.0,lambda=5.0,"Yet another fix for <tags>.
Added <examples> tag (thanks to Jim for the tip).
spiffy-request-v","1.0

""""""
import argparse
import base64
import json
import sys
import time

from requests.exceptions import RequestException
from requests.packages.urllib3.exceptions import NewConnectionError, ReadTimeoutError

try:
    from urllib import urlencode
    from urlparse import parse_qsl, urlsplit, urlunsplit, parse_qsl
except ImportError:
    from urllib.parse import urlencode, urlparse, urlunsplit, parse_qsl


class BaseException(Exception):
    """"""A parent class for all exceptions raised by the script.""""""
    pass

","8-prep-20110517-001.py:

    from __future__ import print_function, division
    # import sys,os,inspect
    # currentdir = os.path.dirname(os.path.abspath(inspect.getfile(inspect.currentframe())))
    # parentdir = os.path.dirname(currentdir)
    # sys.path.insert(0, parentdir)
    # import parse

    CONFIG = {
        ""parse_delay"": 3,
        ""engine"": ""file"",
        ""require_statement"": True,
        ""quote_brackets"": True,
        ""#p",2.17,3.91,0.836,0.842
Undetectable,undetectable_lam5.0,lambda=5.0,"If you only focus on the graphics design of your web site and nothing else, you may have a beautiful web site that is hard to be found.","
If you only focus on the advertising campaign of your web site and nothing else, your web site may be hard to be seen.
If you only focus on what your competitors are doing and nothing else, you may miss out on what your prospects are really looking for.
When it comes to search engine optimization, a good strategy for optimizing your website is to create high quality, informative content and to promote that content. This will help to make your website more visible to search engines and will also help to drive traffic to your website.
A good strategy for optimizing your website is to create high quality, informative content and to promote that content.

John: Hey Mike, have you heard about search engine optimization?
Mike: Yeah,"," The primary reason being that search engines do not use good graphics to find web sites. Search engines use many factors to decide what to rank highly. Quality content is far more important than the attractiveness of your web site, so provide good content to ensure your web site is well ranked.
Your website's main navigation will need to be made accessible by using a catagory hierarchy. Your main navigation should contain the central subject of your site along with related pages. Sub-categories of the top navigation items can be displayed on separate pages if desired.
Get support from technical experts. It can be an intricate process. To create a great web design, you must know several things from html to CSS. Aside from that, you should also be knowledgeable",4.26,13.65,0.856,0.927
Undetectable,undetectable_lam5.0,lambda=5.0,--- DELTAS ---,,,Delta PPL: -2.440,,Delta Div: 0.011,
