Scheme,RunLabel,Parameter,Prompt,No Watermarked Response,Watermarked Response,PPL (No Watermarked),PPL (Watermarked),Log Div (No Watermarked),Log Div (Watermarked)
Undetectable,undetectable_lam4.0,lambda=4.0,"The woman who died after falling from a bridge over the A21 has been identified as a Sevenoaks mum.
Marta Kendle, 37",", lost her battle with injuries on the M2A5 Bridge at Longbridge on July 24 after the car she was in fell off a height of around eight metres.
She was a mother of two, as well as a nurse, and lived in the village of Selsdon with her children, William, 12, and Ava, 5.
She was travelling to work when the accident happened and she died at Kent and Medway NHS Trust hospital in Swanscombe on Thursday, a spokesman said.
Fellow nurse and friend, who wished to remain anonymous, said: ""It's a tragic thing that has happened. She was such a lovely, kind, generous soul who would go out of her way to help people.
",", had been working full-time as an administrative assistant when she fell from a bridge as she crossed the A21 in Lenham.
Kendle is survived by her husband David and daughter Harriet, 14, who lives in France with her mother and father.
Liverpool mourns ‘wonderful wife and mother’ as husband shares raw BBC tribute
A Liverpool husband has spoken in brutally honest terms about the death of his beautiful, “wonderful” wife and mother of three from complications after a puncture injury.
Shaun Scannell, 36, said only three weeks ago life was “hell” and that he could hardly “swallow” as the city has mourned the loss",9.31,13.87,0.913,0.923
Undetectable,undetectable_lam4.0,lambda=4.0,"messaging system designed as a plugin-based system.
Doubtless the kopete people would disagree with me here, but I'd say"," they're on pretty solid ground.
It all comes down to a combination of good marketing and good development:
Good marketing, because, really, there's just one kind of ""software"" that's ever sold — software that provides benefits, which means it needs to be marketed as benefits, not features.
Great development.
Posted in Software
Tagged with marketing, OpenMRS
Posted on 24 October, 2011 by Peter
I've been invited to join the steering committee for this new blog by the person in charge of OpenMRS — Jim Kim, the MD.
We'll probably meet online and then, if we're all still on board, we'll eventually meet at the ODI to discuss things.
It sounds"," that this is an entirely possible description for a single physical location in the subsistence economy system.
Ex: one: area (homeplace) where food is brought/raised; second: area where material/foods that haven't arrived or grown arrive (probably already stored, or partially grown) and distributed; third: area where cooking/baking, storing and repairing material and tools takes place.
So it doesn't have to be multi-family dwelling, though in some cases it could be.
[Detailed answer added in updates.]
Previous post: Artificial Universe
Next post: Sexual Sin?
Ghosts, Ghosts!
Exes Again
Raising Ambition
Barblox Plus
Orichalcum
Avenue",12.77,38.33,0.915,0.931
Undetectable,undetectable_lam4.0,lambda=4.0,"CHARLES H. MEISNER, one of the prosperous and highly-esteemed business men of Birnamwood, Shawano county, was born"," here, on the twenty-ninth day of January, 1833. He lived here until he was five years old, when he was moved to Oshkosh, and was educated there until the age of fifteen. He was then removed to Milwaukee, and was educated there for two years, at a school in the village of Menomonee Falls, and two years at a private school in Waukesha. In October 1847, he was sent to New York City, to study bookkeeping in the office of a respected member of the mercantile firm of H. E. and W. A. Leffingwell. He remained in New York for about a year and a half, while finishing his course, and then"," about April 1, 1877 in Putnam County, N.Y. About October 1886 he emigrated with his parents to Chicago, Illinois, where he was educated in various schools until he entered Chicago Normal College, where he graduated in 1899. After graduation he taught in the public schools of his native county until, at an early age, he began the study of law, passing the bar examination in 1902. He thereafter was the legal adviser to several different manufacturing and related concerns. For a number of years he occupied the same position in the firm of Meisners & Hamill. During this period Mr. Meisner was employed in numerous public and governmental duties, including that of an alderman in the city council and postmaster of the",5.68,9.17,0.887,0.912
Undetectable,undetectable_lam4.0,lambda=4.0,"EVER WONDER WHY SOME PEOPLE CAN WORK NIGHTS AND SLEEP EASILY DURING THE DAY?
A new study from"," the University of Massachusetts Medical School (UMMS), published in the journal Current Biology, reveals that a molecule known as the protein arginine vasopressin (AVP), also known as the ""bedtime"" hormone, can suppress sleep and promote wakefulness. Scientists previously believed that it was the opposite: that AVP was primarily a wake-promoting hormone.
""We discovered that AVP acts on neurons in the brain to suppress sleep,"" said lead author Paul Kelley, PhD, senior lecturer at UMMS. ""AVP and its receptor are concentrated in a brain region that is responsible for sleep, and when it was activated, sleep was suppressed.""
The researchers found that in the brain, AVP and its receptors are primarily"," UC Berkeley suggests that some people may have a sleep pattern that is conducive to work during the night and sleep during the day
The study also found that people with this type of sleep pattern were less likely to have insomnia and other sleep problems
What are the benefits of this sleep pattern?
The study found that people with the sleep pattern had more flexible work schedules and were more productive than other workers
Many people who work nights find it hard to get enough sleep during the day
But the study found that people with this sleep type were less likely to develop insomnia, sleep disturbances and depression.
The new study, published in the journal Sleep, found that people who work nights and sleep through the day have more flexible work schedules than other workers.
",5.25,4.88,0.905,0.836
Undetectable,undetectable_lam4.0,lambda=4.0,"Conduct effective product control and valuation control of treasury products and derivatives in banking book.
Duties include daily P&L reporting and analysis, balance"," sheet analysis, and treasury operations management. In addition, they review and approve treasury transactions and are responsible for maintaining treasury and bank relationship.
Treasury managers are also responsible for ensuring that proper cash flow management procedures are in place. They work with customers to ensure that funds are available when needed.
Treasury managers need a bachelor's degree and must meet regulatory and compliance standards.
Financial advisors help individuals and corporations manage their money, including investments, insurance, mortgages and other financial products. Their advice is intended to increase the financial well-being of their clients.
Financial advisors must be able to understand and explain financial products to clients. They also must have excellent communication skills so that they can effectively explain how to use financial products to meet their clients"," sheet report, monitoring clients’ financial conditions and bank collaboration with bank’s business units.
Competitive Edge | Anti-Money Laundering (AML) Expertise
You are trained in transaction and credit analysis and other AML and CFT controls to identify suspicious customer activities in the Philippines. You are also well-versed in Customer Due Diligence (CDD), Know Your Customer (KYC), and Customer Identification Programs (CIP).
Previously, you worked as the chief AML officer in a large multinational. Your main responsibility was to mitigate money laundering and terrorist financing risk by developing AML and CFT policies and control procedures, and implementing training and awareness programs.
Your responsibilities include analyzing suspicious transaction reports (",6.28,9.52,0.902,0.929
Undetectable,undetectable_lam4.0,lambda=4.0,Stayed here about four years ago and they helped me out this weekend. Thankfully Citadines had a double apartment room for our stay. Usual," staff at Citadines, very helpful and clean. Thanks again Citadines.
My daughter and I stayed a week at Citadines recently. The staff and accommodation was great – we'd recommend it very highly to other families going on holiday in Dubai!
This is the best accommodation I have stayed at for over a decade and I will recommend it to anyone I meet."," tourist guide from Royal Castle to our location. Too bad that Bigtree was not there, but we all got along well.
I just read in one of your articles that tourist agencies help discourage those who are in business in this economy from participating in this cutthroat game. There is such a feeling that the tourist industry have slammed the brakes on all the money that can be made in Pohnpei. What is really being done to keep those who have weathered the storm and held on?
I am still in business and struggling to stay in business here, but I would gladly stay in this beautiful place.
If you are just staying at Bessie and her place it really doesn’t take much, maybe about 5 to",11.92,25.5,0.905,0.925
Undetectable,undetectable_lam4.0,lambda=4.0,"It’s the end of the world,” said the caterpillar.
“It’s the beginning of the world,","” said the butterfly.
The caterpillar was right. The world as we know it will be altered. A lot of people will experience hardships that have never been experienced before. But, we also have a chance to rebuild the world that we want to see.
If the world is to be a better place, we need to build our world differently. To do this, we need to create a world that supports our individual wellbeing and the wellbeing of all people. Here are 5 ways to do this.
First, we need to focus on education. Education is the foundation for understanding the world around us. Without a good education, we will never truly understand how to work together to create a better world.
Second, we need to","” said the butterfly.
That sentence was part of an endless sequence of dialogues on butterfly and caterpillar colonies in a strange rain forest. A scientist led the tour of thirty students, with an interpreter in between. They have a puzzle. The rain forest is showing signs of rapid change. A severe drought has caused many of the trees to die. Lately the butterflies and caterpillars are disappearing. They’ve searched the forest but they’ve been unable to find any caterpillars. Something is killing them and they need to find out what it is.
Let’s close the door of the worm’s eye and journey back through time. There is a striking similarity between the search for the cater",6.08,11.49,0.877,0.902
Undetectable,undetectable_lam4.0,lambda=4.0,"Fasnet 2015: Spindrift & Prince de Bretagne, ""Neck to neck""
Spindrift reports that After 48 hours of"," riding the race was neck and neck, with both riders struggling to cover the mountainous course.
Spindrift and Prince de Bretagne are riding a close gap, however in a last-ditch move in the penultimate climb, Spindrift dropped his chum but then had to give way to another rider in a move that left him in danger of colliding with other competitors.
Spindrift finished fifth and Prince de Bretagne, who dropped out just before the finish line, finished sixth.
RIDE ON! (2016): Mere Morte & Vrijman de Nood, ""A little bit of luck""
Mere Morte was the only Dutch rider at the 2015 Paris–Nice race and it was"," freestyle racing last week, Australia's Prince de Bretagne emerged victorious in the Neuchatel One Planet Environmental Ocean Race, an epic nonstop 348-kilometer voyage around Lake Neuchatel in Switzerland. Prince de Bretagne led the full lake race to win first place, finishing with an average speed of 64.47kph (40.77mph), and was followed by second-place finisher Spindrift and third-place finisher Ross.
Spindrift helped Prince de Bretagne lead the first half of the race and was faster than Ross in some stretches. However, Prince de Bretagne began to have some trouble in the first 40kph of the second half of the race with Ross seemingly breaking away from him,",16.73,12.14,0.921,0.9
Undetectable,undetectable_lam4.0,lambda=4.0,"As the nation’s largest no-reserve internet auction firm specializing in construction and agricultural equipment, Purple Wave is focused on transforming the way in"," which rural infrastructure is financed, developed, owned and serviced.
Purple Wave is dedicated to serving contractors in rural areas who are unable to access conventional lending products and markets. As an experienced leader in no-reserve equipment auctions, we leverage technology to help contractors access new opportunities that match their specific needs, allowing them to obtain the equipment they require to complete their projects.
Purple Wave provides contractors with direct access to auction sites where equipment is available, allowing them to find what they need in one place. This service gives contractors the advantage of avoiding overpriced, over-market equipment and making sure that their projects are completed on time and within budget.
Purple Wave’s commitment to excellence and the satisfaction of its customers is"," which people buy and sell equipment in the US. In other words, where will the demand come from to make more machinery?
Due to the price of land becoming a “barrier to entry” for many aspiring manufacturers, the company has a waiting list of people for whom it rents almost everything from earthmoving equipment to winches and cranes.
All this investment and innovation is paying off – in the U.S., there are now over 100,000 new jobs in eCommerce and supply chain logistics jobs.
Expanding the marketplace to India
How many more entrepreneurs and investors can we expect to get in with the proper policies? This is where the interests of India and the US align: from a local angle, we want",11.63,17.39,0.909,0.923
Undetectable,undetectable_lam4.0,lambda=4.0,"Stretch Therapy (ST) is a comprehensive system that includes stretching, fascia remodelling, strengthening, neural re-patterning, and relaxation. We"," are all born with an efficient and balanced fascial system. Yet due to lifestyle and environmental factors, this system can become unbalanced and less efficient.
Stretching is not just about extending and lengthening tight muscles. It is a whole process that is designed to reestablish an ideal balance, mobility, elasticity, and function for the muscles. In addition to relieving tight muscles, stretching can also help with range of motion, posture, gait, sports performance and the pain associated with them.
Fascia is the soft connective tissue that surrounds and supports every muscle in our body. The myofascial system is the body’s support framework and is involved in every physical activity we undertake. It is often"," will design a program based on your unique issues and needs to support your functional progress.
Our approach to chronic pain goes beyond straight forward mechanical assessment. We're trained to identify and address the underlying causes of your pain. Ultimately, the goal is to empower you with a better understanding of your condition, an effective program and the confidence that you'll get results.
Why rely on pain pills when you can feel relief and regain control of your life?
Let us help you get healthy again.
If you're unsure if you're a candidate for our Total Release method, take this short 5-minute mobility check test.
Need a Calgary Chiropractor?
We're here to help. Your well being is our main priority. To book",7.35,10.17,0.921,0.921
Undetectable,undetectable_lam4.0,lambda=4.0,"The sport of Bocce Ball is alive and well in Holliston.
""Throwing balls toward a target is the oldest game known to mankind",","" said Peter H. Schar, executive director of the Bocce Federation of America. The Bocce Federation is the national governing body for Bocce. The sport was brought to America by Italian immigrants in the late 19th century. A similar game was brought to the United States by the British in the 17th century. The earliest known games of Bocce were played in the United States as early as the early 1800s. The first Bocce Ball Club in North America was founded in Montreal in 1867.
The National Bocce Championship is played in Florida and has been held there each year since 1964. This year's tournament is scheduled to be held June 29 through July 1 at the University of West Florida."," and Bocce remains a niche sport with an even smaller following in the U.S.,"" said Chapman. ""Holliston Bocce Ball presents a group of well-rounded individuals who are inclusive, supportive and fun.""
According to Chapman, interest in the sport has grown along with the Harvard United Bocce Ball Club and last year the club introduced a competitive event on its Thanksgiving Day bocce event.
""Holliston Bocce is very proud to have played a part in that event,"" said Chapman.
This story appeared in the September 14, 2018, edition of the Town Crier.
Two-Sided Education for a New Jersey High School Student's Career - Part 1
In this video I'll",5.21,14.43,0.889,0.917
Undetectable,undetectable_lam4.0,lambda=4.0,"A month ago, India had commissioned world’s first 100 percent solar-powered airport in Cochin. Recently, India’s greenest"," city, Thiruvananthapuram, achieved its goal of cutting dependency on power from thermal power plants by 45 percent in the last seven years.
However, a major question remained unanswered: Why were solar panels and windmills not installed in most Indian homes? As of now, only one or two percent of our country’s population resides in households that are powered by solar energy, which can be attributed to a lack of access to solar panels. This brings us to our first template.

Person A: Did you hear about the solar-powered airport in Cochin?
Person B: Yes, I did. It's amazing how they managed to power the entire airport using solar energy.
Person C: I think"," building JIHTC at Hyderabad has become the fourth largest green building in the world and also the greenest IT park in India. The government’s $400 million Green Building and Construction project has set a trend to promote sustainable development in the country and will realize its target of 100 percent green buildings by 2022. Likewise, in 2011 at National Capital Region, green building council Urja NBJP was formed to promote, incentivize, certify, rate and provide advice for sustainable construction in the entire National Capital Region, as the leading think tank on sustainable building construction in the country.
In 2008, Delhi’s first green building was certified under US Green Building Council’s LEED standard and since then only 160 buildings have been",5.91,14.16,0.931,0.915
Undetectable,undetectable_lam4.0,lambda=4.0,"Stately palm trees reach to the blue sky.
The city of Split, and majestic mountains, far off in the distance.
Looking up from"," the city to the sky.
Cultures throughout the Mediterranean.
The water in the city is so clear.
With its green valleys and the sparkling water of the Adriatic Sea.
The beautiful Mediterranean coastline.
Dotted with the green mountains of Dalmatia.
A great mountain near the town of Trogir.
Stands tall above the city of Split.
The town of Trogir.
The small town of Paljatica on a hilltop.
The great mountain of the Plitvice Lakes National Park.
The famous town of Trogir.
The mountain on the outskirts of Split.
A great mountain in Dalmatia.
A beautiful mountain overlooking Split.
Mount Ris"," the solitude, which seemed to have no end in sight, I knew exactly where I wanted to be.
I could hear the waves crashing from the shore a few hundred metres from where I was standing. With nothing else around me, they felt as close as I could get to home.
Thirty years have passed since the day of my first visit to Split, but somehow every time I return there is still the same longing feeling deep within.
And who could blame me? Split is just a stone's throw away from an aquatic paradise as the Adriatic Sea spreads out behind me, just waiting to be explored.
Although it is our responsibility to make sure that all of us can leave behind a sound and healthy environment, there is something",8.8,10.59,0.845,0.925
Undetectable,undetectable_lam4.0,lambda=4.0,"Showcasing Mosaic hops and a delicate blend of malts, this Extra Special Bitter was brewed with the very finest ingredients available. Naughty",", naughty!

To brew this delicious beer, you will need 500g of barley, 300g of light-colored malt extract, and 300ml of fresh hops. Let's get started!

Brewing the beer:
1. Heat up water to a temperature of 80C (176F). This will be used to create a solution that will help your ingredients mix together.
2. In a big pot, mix the barley with the heated water and let it sit for 45 minutes.
3. Now, add the malted barley extract and let it simmer for an hour.
4. After an hour, add in the hops and let it boil for 20-40 minutes.
5. Once the boiling is done"," Noggin and its team of homebrewers were committed to producing a product that would satisfy all beer drinkers, big or small. 

What Naughty Noggin and its team had found out from their study was that the size of a beer’s head could greatly impact one’s perception of taste. According to their experiments, the amount of CO2 bubbling out of a beer’s head seemed to be a measure of its flavor and aroma. As such, they found that the larger the head, the more enjoyable the beer was perceived to be. 

But as any successful brewer would know, there is always a downside to this discovery. A large head of beer generally meant more expense on a brewer",4.45,7.67,0.898,0.889
Undetectable,undetectable_lam4.0,lambda=4.0,"Refind is featured in Swedish business weekly ""Veckans Affärer""
The future is finally here. That's what an article in Ve","ckans Affärer (in English: ""The Financial Times of Sweden"") proclaims on the cover and also, in a new section, titled:
""The Future is in Your Head"". The new section will present technology news that matters from a societal perspective.
Forskning is also featured in Swedish business weekly ""Industra""
Articles about the future of work with research-based solutions to the challenges of digitalisation are being published in Industra. In one article, researcher Ingrid Högbo and professor Lars Henrik Wennberg introduce the term ""Refind"" and use the example of Swedish media company, Norstedts, which has made great use of the term in their internal strategy development process.","ckans Affärer (""Our Times"") tries to bring home. In the article, Reclaim focuses on the rapid developments in the area of green materials – how CRRF is continuously producing new materials, such as fuel cells, for this alternative future.
I read the article along with a colleague, and I found it highly interesting. Sometimes I think that our fascination with future development has made a shift from a ""Carbon Free Future"" to a ""Future Free From Fuel"" – in other words, an improvement in fuels. I think the opposite holds true, and that it will be easier to motivate people to make changes in their behaviors if they learn that an alternative ""Fuel Free Future"" is right at hand. Not one based on alternative",21.62,24.25,0.94,0.927
Undetectable,undetectable_lam4.0,lambda=4.0,DOLPHIN FASHION CORP. is an entity registered at NEW YORK county with company number 2297344. DOLPHIN F,ASHION CORP. is recognized as a charitable organization under the tax code.,"ASHION CORP.'s details at WhoIs can be located at dolphinfashion.com. In April 2019, DOLPHIN FASHION CORP. opened a sister company called thisismylabel.com
DOLPHIN FASHION CORP. May Also Be Interested In:
acne blogs
tagged with acne treatment, cbd & acne, CBD ALTERNATIVE, cbd as medicine, cbd cbd oil, natural acne treatment, save money on cbd
Pingback: Natural skincare only natural beauty products only natural foods ingredients
Thanks much for the info,
Your Guide and Success Systems Team
[…] Best Essential Oils to Use to Prevent/Fight Ac",24.17,21.11,0.977,0.922
Undetectable,undetectable_lam4.0,lambda=4.0,"Congratulations, this is no B.S. free zone!
Visual artists are visual thinkers! So we made anatomy books for artists. They don't"," need science to draw or sculpt. They don't need anatomy. They just need to know how a body works, how bones and muscles work.
The Art Anatomy app helps you do just that, with more than 12,000 photographs from hundreds of human models and figures, complete with labeled bone, muscle, joint, and nerve structures.
When you've finished this app, you'll find that your models can move better. When they can't move, you'll see what's wrong. And when you're ready for the real thing, you'll have the body mechanics, so the training will come easy.
With the right body mechanics, you'll never be afraid to try again.
If your artwork is moving or non-moving"," contain the usual descriptive words or diagrams, but instead step-by-step instructions, photographs, and exercises that show you how to learn about the body yourself, in the context of making art. We bring all of your parts to life through art and the crucial hands-on approach of the artist within you.
Liability:
The Bio·Art Network is responsible for the content provided to you on its website. The content is the sole responsibility of its author(s) and does not necessarily reflect the view or position of the Network. The Network reserves the right to withdraw content from its website. It is your responsibility to read our Terms and Conditions, Privacy Policy, and Disclaimer and to abide by them in order to use this website.",11.63,10.5,0.911,0.909
Undetectable,undetectable_lam4.0,lambda=4.0,"The stock market is the place where stocks and bonds are traded. Stocks are units of ownership in a company, and so they can sell their stock"," for a profit, or lose money if the company does poorly. Bonds are loans that you can give to a company, and you are promised a certain rate of return (which can be in the form of interest payments) over a certain period of time.

Finally, there are options. An option is a financial contract that gives the owner the right, but not the obligation, to buy or sell an asset (like a stock) at a certain price, within a certain time period. Options can be very useful when you want to make a quick profit, but they can also be very risky if you don't understand them well.

Now, let's talk about how all of this is related to the sentence ""What could it be"," in the open market. The price of the stock rises and falls according to the economic conditions of the world and the demand for the stock.

Now let's compare two fundamental artistic movements in different times and places - Medieval Art and Pop Art. Medieval Art was created during the Middle Ages, which was from 500 to 1500 AD. The art was generally religious and featured symbols such as angels, saints, and religious events. On the other hand, Pop Art was created in the 1950s and 1960s and was all about popular culture and consumerism. It was very colorful and featured everyday objects like soup cans, comic books, and posters.

To understand economics, it is essential to recognize fundamental philosophical ideas. One of these ideas is the",3.11,3.79,0.9,0.898
Undetectable,undetectable_lam4.0,lambda=4.0,"You can rely on Sure Betbuilder S to present the very best service when it comes to Builder in Mc Leansville, NC. You'll need"," to get in touch with them if you're looking for the very best builder or remodeler in Mc Leansville, NC, and you'll be able to rely on them for a complete solution. You'll never ever need to depend on a building company that's not well known for their high quality work.
The best solution to find a professional contractor for house remodeling, renovation, or building is to look at the previous jobs they have executed. If they are not able to present you with photos or videos of prior jobs, then they are probably not ready to make that call. You'll have to take into consideration what is essential to you and what type of house remodeling or building you are attempting to do.
When hiring a"," to discover this program since, as soon as you use it, the attic can increase its insulation ability by up to 50%, thereby bringing your house's energy expenses down by as much as 35%.
Moreover, this program is also able to increase the thermal comfort of your residential or commercial property by 5% after it's applied. What's more, this program can help you grow your space by up to 40% with its thermal energy.
Additionally, another important benefit of the Sure Betbuilder S roof insulation is that this product is engineered in a way that it can successfully maintain its value for many years.
It's also worth noting that this roof insulation is regarded to be much safer and more efficient to use.
There are also many H",8.43,15.51,0.896,0.896
Undetectable,undetectable_lam4.0,lambda=4.0,The more times your children go under general anesthesia but it's not. This will be the 3rd time one of my children gets to experience this., He had to have a procedure in May of 2009 and he has a 1/2 hour gap between the first two and the third one.," Last October my daughter underwent surgery to repair a slight tear of the ulnar collateral ligament of her right wrist. During this surgery the doctors inserted a few plexus wires on either side of the right wrist. Surgery was a success.
The surgeon who performed the surgery was so impressed with how well it went, she wanted to do a second procedure. My daughter came to the hospital for the second surgery and came out with a cast for her right wrist. But after my second surgery everything was fine. She didn't have any disability post-surgically. I asked the surgeon if she would do another surgery on my daughter. That's when she told me my daughter was now 8, and the children who had the surgery done were 12",22.16,9.99,0.966,0.907
Undetectable,undetectable_lam4.0,lambda=4.0,"Alameda is a locals town, which is why we opened a local, non-corporate coffee joint, run by people who love an amazing cup"," of coffee.” – Ben Lamm, The Bigger View, Inc.
5. “When you run a successful business that focuses on a small audience, you have the opportunity to create an emotional connection with your customers. For me, a great cup of coffee is a powerful way to build a relationship with my customers. They know that every cup is unique, each one is created with care and they are treated like family.” – Aaron S. Cohen, The Daily Grind
6. “It is a lot more enjoyable to work at a place where you enjoy what you do. That doesn't mean you have to like every minute of your job. But it does mean you should have a passion for what you're"," of coffee and best of all, actually care about the social and environmental costs of what they do and how they do it. I also love that with every purchase we use Pivot Coffee and 100 percent of their revenue goes directly back to the people of Nicaragua, producing our coffee from the best farmers in the world, a set of bright minds I met who founded the cooperative myself (see the words of Maria Teresa from Proyecto Azul). Here are some of the reasons you should care too.
The success of our coffee project has saved the lives of innumerable people, almost all of them women, who otherwise would’ve been homeless, left the village without their kids (not so many if you’re rich), or married",7.1,19.91,0.909,0.931
Undetectable,undetectable_lam4.0,lambda=4.0,"Drinking is sometimes very fascinating especially as you hang out with friends; it is a fun and provides the feeling of well being. However, the odor"," that is given off by the person drinking can be unbearable at times. Therefore, when it comes to drinking at the pub, the odor of the person needs to be dealt with. Luckily, there are quite a few options to do just that. To discover some of the options, you will be required to read through this article.

Use A T-Shirt
You can opt to make use of a T-shirt to prevent bad breath. The T-shirt will help to prevent bad breath from affecting people all around you. What is important to note is that the shirt will need to be soft and loose enough to allow the breath to travel down from your mouth to the shirt.

Use Mouthwash
Before you decide on using"," that is usually left in your mouth because of drunk mouths is unbearable. This is an embarrassment that can ruin the night. Luckily, you can get rid of it using the home remedies on this page. You can use the recipes to eliminate the odor within a couple of hours. Also, the foods that you eat before going out have an effect on the alcohol breath odor. You can consume them in moderate so that your breath is less affected by the smell of alcohol.
Foods like fruit, cheese, raw garlic and nuts can balance the effects of alcohol. Bananas, oatmeal, white meat, and drinking a lot of water can also help to get rid of the smell in your mouth. Most of the people don’t realize that",7.95,9.9,0.891,0.898
Undetectable,undetectable_lam4.0,lambda=4.0,"Today we are delighted to introduce you to FarmGirlRosePetals, a three-generation family farm based in Oregon, growing gorgeous flowers and freeze drying"," them to preserve their delicate beauty.
We’re thrilled to bring you on board as our latest partner in the Women Entrepreneurs Project. As part of WEP, we’re connecting women entrepreneurs like FarmGirlRosePetals with tools, resources, and the networks that help businesses flourish.
But we also hope FarmGirlRosePetals’ story gives you a chance to dive deeper into the story of small business ownership — and of business ownership by women.
Read on as we learn more about the remarkable FarmGirlRosePetals and what small business ownership means to them.
Founded in 2015 by Rose Petals, FarmGirlRosePetals brings a sense of beauty to the often-dull world of grocery."," them for sale.
Flowers are displayed on a wooden front porch in Oregon, USA.
We really love to share our story and those of our customers. That's why we're sharing it with you today.
After growing up on a small farm in east Texas, Zach and Lynne Rabenstein moved to Florida in 1976 to complete the education requirements to be a teacher. This was a great experience for their family, but long before the pandemic hit, they decided it was time for a change.
The Rabennesens had always loved farm life, so when they had a little girl, FarmGirlRosePetals began.
When she turned two years old, things changed. FarmGirlRosePetals got its name, added",9.71,13.38,0.891,0.929
Undetectable,undetectable_lam4.0,lambda=4.0,Cascara (Cascara sagrada) by Eagle Peak Herbals: This North American shrub is a well known laxative and colon," cleanser. It stimulates contraction of the intestines, which assists in the elimination of waste material. Cascara also helps to improve the motility of the colon so that bowel movements are more frequent and easier to expel.
Dandelion (Taraxacum officinale) Root by Nature’s Answer: Dandelion root is rich in B-complex vitamins, minerals such as zinc and selenium, flavonoids, and polysaccharides. Many of these nutrients help to promote and maintain healthy liver function. This, in turn, encourages the production of bile, which assists in digestion. The flavonoids and polysaccharides in dandelion root stimulate the liver to produce more bile,"," cleanser with an active ingredient called cascara sagrada. This herb is only indigenous to the Pacific Northwest region of the United States, and is harvested by breaking off the bark of the plant, stripping it from the trunk of the shrub, and steam drying it, after which it is ground into a fine powder. This powerful cleansing herb can speed up movement through the intestines, eliminate intestinal flora, and stimulate the bowels.
Liquorice Root: This can be obtained as an extract of the root of the liquorice plant and is frequently found as a sweetener in commercial products. This herb is a diuretic, and is sometimes used to treat constipation due to its mucolytic effect. Be careful with",4.42,7.43,0.919,0.919
Undetectable,undetectable_lam4.0,lambda=4.0,"Thymoquinone protects DRG neurons from axotomy-induced cell death.
OBJECTIVE: Peripheral nerve injury (PNI",") affects a large percentage of the general population; for example, a high percentage of patients with spinal cord injuries (SCI) will develop PNI. As the leading cause of PNI after SCI, distal-to-proximal transection (DTR) of the thoracic and lumbar spinal nerves and brachial plexus injuries are a growing source of concern for clinical neurologists, rehabilitation specialists, and other healthcare providers. This study evaluated the effects of thymoquinone (TQ), an isolated flavonoid, on injury-induced cell death of DRG neurons. METHODS: DRG neurons from adult male rats (n=15) were subcutaneously injected into the",") is a major health concern due to the long-term and debilitating sequelae caused by scar formation and regeneration failure. Repetitive nerve injury results in a progressive degree of fibrosis that limits the regenerative capacity of the affected nerve. Electron microscopy (EM) has shown morphological changes such as accumulation of lysosomal and perinuclear inclusions, severe mitochondrial damage, and drastic alterations in the cellular architecture of DRG neurons, the nerve fibers responsible for transmitting the physical sensation in the body. The presence of lipofuscin, the degenerative material of lysosomes, was suggested to be a major contributor to nerve damage and to neurodegeneration. Thus, thymoquinone (TMQ) has",7.3,8.96,0.942,0.927
Undetectable,undetectable_lam4.0,lambda=4.0,"– Handouts will be uploaded to the website 10 minutes before the webinar.
– Please stay muted (turn off your microphone) during the web","inar so that the presenter can hear the recording.
– This webinar will be recorded and will be posted for future reference. If you are uncomfortable with recording, you can email your login details to dna@dsfcc.com to access a private version of the webinar.
Webinar #4: Working with Children Who Experience Adversity
Webinar #5: Trauma-Informed Education: An Introduction to the Core Concepts
Webinar #6: Trauma and Student Learning: The Effect of Trauma on Development, Emotional Regulation, Behavior, and Academic Performance
Webinar #7: Understanding and Addressing Trauma for Black, Indigenous, and People of Color Students
Webinar","inar. If you need to leave the virtual room to take an important call, hold ""5"" to rejoin the webinar.
– The presenter will begin the webinar on time regardless of any technical difficulties.
All webinar recordings will be available on iDiscountedLearning.com. Just log in to access a folder titled ""Webinars"" under the main menu.
Hello & Thank you for choosing iDiscounted Learning!
Description: This webinar addresses construction problems that arise in learning organizations. You will learn common obstacles to effective development programs, and you will see a way to achieve meaningful learning change.
Special Offer: For a limited time, attendees will receive a 50% discount on Peggy Lindsey's new",6.28,13.12,0.898,0.921
Undetectable,undetectable_lam4.0,lambda=4.0,"The page provides the exchange rate of 26402000000 Emirati Dirham (AED) to Japanese Yen (JPY), sale and conversion rate"," of local products and services in the Emirati Dirham, the Emirati currency in UAE, the top 20 companies in the United Arab Emirates (UAE), the Emirati economic crisis, the Emirati companies and industries, Emirati economy, and a map of the UAE.
The Emirati Dirham is pegged to the US dollar.
The Emirati Dirham was introduced on 1 January 1972. The peg was changed to a fixed exchange rate of AED 2.80/US$1.00 in February 2003, and then to a flexible band of AED 2.84–2.86/US$1.00 in May 2003. On 12 November 2005, the United Arab Emirates (UAE) Monetary Authority (U"," of the stock exchange, Dubai Financial Market (DFM), market index, general information about the Dubai Financial Market and the MiFID II and MIFID III regulatory legislation in the Arab countries.
Futures are a contract that allows the buyer to obtain physical or financial delivery of a certain quantity of a security (like shares) at a date in the future. Futures are considered as an investment contract where the sale is determined between the buyer and seller before the asset value is established. There are many prices or yield spread depending on the market conditions. The price of futures contracts depends on the quote that is accepted by the trader.
The price of futures, contracts or the yield spread are directly related to the present value of future price",7.35,11.96,0.864,0.9
Undetectable,undetectable_lam4.0,lambda=4.0,"CELEBRATIONS reminds us to celebrate the seasons of our lives. Remember the summer fresh-garden herbs and vegetables, the familiar tastes of autumn"," pheasant or venison, the rich flavours and warmth of winter ciders and stews, and the fresh and light feeling of spring salads and fruits. Eat seasonally, from the bounty of nature, and your heart will be filled with joy and gratitude.

THE BREAD OF LIFE

_**The simple act of making bread is often as soothing and centring as eating it.**_

'The bread of life' can refer to a metaphorical bread (e.g. the 'bread of friendship'), but in this chapter we're talking about the simple act of making bread—a nourishing activity which can help you to slow down, and find stillness and peace. Bread making is a time-hon",", the winter warmth, the delights of spring, and the promise of fall!

Now that you've learned about the crop's annual cycle, the timing of planting, growing, harvesting and cultivating their most important crop, your work is done. Write down what you learned, and use this information to prepare your garden.

## Cultivation and harvest

### Cultivation

Gardens once were cleared and hand-cultivated, raked, and tilled. Gardeners would switch from the smaller old-fashioned hand-hoe to a curved shovel and later, the sickle or hoe. Today, we use a lawn mower, tractor, and other mechanical or manual implements.

The size and type",8.1,13.51,0.921,0.909
Undetectable,undetectable_lam4.0,lambda=4.0,Consider replacing the flapper and inspect the inside of the tank to see if there is any build-up preventing a proper seal. Also inspect the lift," chain to ensure there are no kinks that could be obstructing the water from flowing to the tank.
- Check the water level. The water level should be in the overflow pipe, just before it opens. If the water level is too high in the overflow pipe, water will overflow the trap when you flush. Lowering the water level will reduce the amount of pressure and will prevent the overflow of the toilet tank.
- If there is no water in the overflow pipe, there is a clog in the trap, and this water needs to be released to open the trap.
Flush a small amount of water into the overflow tube. If water comes out of the toilet bowl, the problem is resolved.
If water continues to"," tube and rubber seal for any damage or tear.
Figure 18: One method for dealing with low water pressure (picture courtesy of ABS).
If there is a leak, replace it with a quick-connect silicone gasket.
To ensure a proper seal, ask your plumber to check the siphon tube. Be sure to communicate any flow restrictions, such as attached connectors, to your plumber before he starts. If there is a low level of water in the tank, have your plumber remove the flapper and examine the inside of the tank for fill valve deposits or other build-ups. To clear clogged inside lines, your plumber may have to remove the tank cover, drain it, and replace the fill valve.
",5.46,11.73,0.845,0.896
Undetectable,undetectable_lam4.0,lambda=4.0,LEWISTON — The Calvary United Medthodist Church will hold its monthly bean supper at 4:45 p.m. Saturday,", Sept. 8, in the congregation hall.
The cost for dinner is $5 per person; children ages 2-12 eat free.
""We're going to have a wonderful night eating good food and singing songs,"" said church music director Jeff Durbin. ""People who can afford to give more, can give more.""
Prayer will begin at 4:40 p.m., followed by dinner.
For information, call 636-9181.
(c) 2010, Johnston County Register and Mail. Provided by ProQuest LLC. All rights Reserved."," at St. Mark's Lutheran Church, 50 South Nain Road, Lewiston.
The program will feature Louisiana Rice Bread by Rhea Crocker and Chef Mike Owen, The Manchurian Bean Stuffing with Hoisin Glaze by Otis and Margaret Morley, Bone broth soup by Bill Vaux and Garlic Chianti and Tuscan Lentils by Caren Raveh.
A live performance of ""Lord's Prayer"" and ""The Star-Spangled Banner"" will be conducted by The Beatles by 14-year-old daughter, Dolphah Brown, after which, all welcome to leave.
RSVP to Susan Kenworthy at susan.kenworthy@gmail.com.
Lewiston mid-",8.89,26.48,0.951,0.942
Undetectable,undetectable_lam4.0,lambda=4.0,"telecommunications and Entertainment Company in the universe!
As a AT&T Portables Retail Sales Consultant, you’ll get to know communication"," and technology and find the right products to help our customers reach their goals, whether they have a large business that needs a fleet of telephones or an individual that needs their first telephone.
We’re looking for someone who is outgoing, team oriented, detail oriented and will be able to sell our high quality products.
We have the training to show you how to sell telephones, routers, telecommunication devices, modems, and more!
What type of work would I be doing?
AT&T has a training program to help people in the retail industry build their skills. AT&T Portables have a variety of sales and service representatives available to help our customers in the telecommunication industry find the right equipment for their home"," technologies more intimately—and you’ll be a much sought-after resource, both in your company and with clients and prospects. It’ll be your job to foster those relationships and bring innovation to your customer and staff satisfaction. You’ll also be responsible for:
Customer satisfaction is our number one priority, so you’ll have to find ways to ensure that our customers get what they want and need from you. That might mean coming up with ideas for new products, hosting workshops or seminars, and giving demonstrations of the latest innovations in our product line. Your success hinges on your ability to communicate effectively and meet your customer’s demands.
We also believe in making technology fun and accessible for our customers—even",10.56,9.29,0.9,0.917
Undetectable,undetectable_lam4.0,lambda=4.0,"Get the latest information on the building project.
Want to see a specialist without traveling out of town?
Health topics just for women.
Johnson", & Johnson is committed to helping you with your healthcare questions and concerns.," & Johnson Baby Powder
Lawn Mower Rollover Accidents
Metal Hip Replacements
Rhode Island RV Accidents
Genetic Counseling & Testing
Proton Pump Inhibitors (PPI)
Slideshow: Taking Care of Psoriasis
Video: Yoga for Psoriasis
Caregivers: Avoid Caregiver Burnout
Tips to Deal With Psoriasis Itch
Psoriasis & Fatigue
Risky Business: Psoriasis and Psoriatic Arthritis Increase Risk for Heart Disease
Stress Takes a Toll on People With Psoriasis
Most Popular Topics
The Psoriasis Report
Get expert tips to help you take care of your skin.
Skin Conditions Guide
Skin Topics",14.42,4.71,1.0,0.921
Undetectable,undetectable_lam4.0,lambda=4.0,"Who am I? What's this all About?
You could say I grew up traveling, when I was young I lived in Lagos, Nigeria",", which gave me an opportunity to meet and learn from different cultures. When I grew older and started traveling to different countries, I always came back to where I grew up and realized that what I liked about Lagos was the people and that I could not find in other places.
It was during those times of travel that I started to notice the lack of self-expression and the lack of creativity in my communities. I found that people were not able to express their own beliefs, they were not able to express themselves because they do not have a space to do it.
I wanted to provide that to young people. I wanted to create a space for young people to express themselves in their communities. We started in Lagos but we are now",", where my dad worked in an oil company. I went back home to U.S. for three years after being unable to find work. I wanted to find what I really loved, and in LA, I got accepted to Pomona College.

As I embarked on my college journey, I found myself fascinated by the art of painting. The way colors blended and created beautiful masterpieces captivated my soul. So, I decided to take a painting class with Professor Johnson, a renowned artist in the art world.

Professor Johnson: Welcome, Sarah. I'm glad to have you in my class today. Are you interested in painting as a hobby or do you want to pursue it as a career?

Sarah: Hi,",8.0,5.15,0.882,0.907
Undetectable,undetectable_lam4.0,lambda=4.0,A PROCEDURE assessed by NICE (National Institute for Health and Care Excellence) and used in research led by the University of Birmingham has been hailed," as a new and exciting approach to supporting people living with cancer.
This is the first time that NICE has endorsed the use of a digital service for mental health conditions as part of the cancer pathway.
The service, known as the Virtual Health Programme (VHP), is developed by the Institute of Cancer Research (ICR) and Cancer Research UK's Stand Up To Cancer Catalyst Programme. The programme was established through an £86 million investment from Stand Up To Cancer to tackle the hardest-to-treat cancers.
Patients who are referred by their GP or cancer specialist to a specialist cancer psychological assessment are linked with a nurse-led support service based at the ICR.
The VHP is an online digital toolkit that brings"," as a ""game-changer"" for children with sickle cell disease.
Sickle cell disease is a life-threatening genetic condition in which the shape of the red blood cell is abnormal, and they become sticky and easily clog blood vessels, causing pain, organ damage and life-threatening organ failure. It is the most common inherited blood disorder in the UK, affecting an estimated 80,000 people.
To help predict in advance the illness, NICE recommends a test based on a genetic assay. It is a common practice at birth, but it is only available at two centres across the UK.
The project, which is based at the Children's National Health System in Washington, DC, is able to give doctors results from a",6.48,6.63,0.919,0.909
Undetectable,undetectable_lam4.0,lambda=4.0,"Vayam Technologies Ltd. has successfully executed Uttar Pradesh Common Services Centre project under National eGovernance Plan across Uttar Pradesh. In 2010, Govt",". of UP initiated an open-source E-Governance program and deployed the Vayam Open-source eGovernance System (OSS). The state government of Uttar Pradesh, along with the State Bank of India, deployed Vayam Open-source eGovernance System in April 2010 for digital enrollment of individuals in the banking system. Vayam also implemented a project on e-Governance for Uttar Pradesh's Department of Electricity.  Vayam developed the software in association with other organizations including the National eGovernance Division, Govt. of India.

Vayam Technologies Ltd. developed a project on e-Governance for the Uttar Pradesh State Pollution Control Board (UPSPCB). The implementation of this project"," of India launched Mobile India initiative as a part of National Digital Personal Identity initiative. Vayam Technologies Ltd. is appointed as System Integrator (SSI) for the Govt. Of India for implementation of EKVayam UI and Mobile Govt. of India mobile application in Government of India offices.

Vayam has partnered with a number of companies such as Hindustan Petroleum, Tata Consultancy Services, Precision Software Services Pvt Ltd, Sapient, SAS Institute, Sterling Data, CDH – Accenture, Genpact, Pepes Agro (Sonbhadra), and Aditya Birla Industries Ltd. to provide specific modules for this solution. Vayam Technologies Ltd. along with P",9.52,16.42,0.867,0.917
Undetectable,undetectable_lam4.0,lambda=4.0,Free Download Mp3 & Mp4 2 lines sad urdu poetry|2 line shayari|Asim malangi|||2," line rumi madrasi||2 line shayari hindi
https://www.free-love-poems-in-mahari-language.org/wp-content/uploads/2020/12/love-poems-mahri-language.jpg 800 1200 Free Love Poems https://www.free-love-poems-in-mahari-language.org/wp-content/uploads/2018/03/FLPML-Logo.jpg Free Love Poems2020-12-11 12:34:352020-12-13 09:58:07How to Love Someone from a Different Religion? Top 2 Poems by Mahari Poets
Top 10 Free",line sahibzadi||lyrics music|popup free ram|poetans poetry|door doorcraft sign|freeling song||klasik voice|sonic urdu singer|slogan samachar|oprayson fjord poetry|smart lyric lyrics|ftm|sage poetry template|commenti poesie|litra art|kg natelai poem|viral airline songs|intrumental beat download|dance music free download|iclouldpoetry|nameli klopez|obverse 5w.es|pazi mina havi|free prayerful poem|mlm lyrics|singh small business workshop|lion barbute free verse poem,6.15,163.39,0.852,0.938
Undetectable,undetectable_lam4.0,lambda=4.0,"Born 1952; Education: Elmira College, B.A.; attended School of Visual Arts, and New School for Social Research.
Offıce",": Co-founder, director and chief film maker of Cinéma Vérité, Inc., NYC since 1975. Award-winning journalist, documentary filmmaker, author, educator and public speaker. Currently lives in New York City.
Media Resources and links
Video & Audio on the Internet: www.videoartspace.org/tvart/cve/index.html
Books by Cinéma Vérité: http://www.cinemaverick.org
The CineMaverick: http://www.cinemaverick.org/
Videos of interviews with Cinéma Vérité founders: http://www.moviemaker.com/index/",": Wayne State University; Detroit; Michigan.
Work: Newspaper/television reporter; defense attorney.
""If I could save just one life,"" Bittle said, ""I'd do so."" Bittle, who last year convinced the Wayne County Prosecutor to charge one of his friends in a hanging death as a felony, instead of a misdemeanor, said he acted to save the woman's life after the woman lay in a riverbed on the edge of a bridge without clothes or shoes. Another friend, whom Bittle described as a ""great guy,"" was paralyzed when he grabbed a tow truck to the vehicle. The prosecutors in Wayne County have been harsh on other drunken driving defendants. Prosecutors had charged a local radio talk show host, a woman",7.09,17.0,0.877,0.921
Undetectable,undetectable_lam4.0,lambda=4.0,Cluster comprises IBM's Opteron-based eServer 325 server and systems management software and storage devices that can run Linux and Windows operating systems.," The hardware can run up to 4,800 blades in a single rack; each blade contains a cluster control node (CCN) that runs IBM i or Linux and is connected to up to 40 cluster processors, which contain eight cores each.
The cluster software, known as Cluster Application Server 3.0 or CAS 3.0, provides all the tools and libraries necessary to deploy an IBM i enterprise cluster, IBM said.
The software features a built-in database designed to work well with the IBM mainframe, and it is capable of handling complex data mining and clustering applications that require parallel processing. It also allows users to manage, secure and monitor the clustered applications.
E-mail encryption is included in the system to make sure"," Due to proprietary solutions, some parts of Cluster have already been discontinued and are not supported in newer versions. The term cluster also has a descriptive meaning, as a collection of like components, and there are other IT Cluster products as well.

Introduction
Cluster consists of two main components: the eServer 325 platform and the Cluster Management Server (CMS). The eServer 325 platform combines cluster server, directory server, and network appliance, allowing for its combination into a single server. It also supports multiple IP addresses, and a HMP for increased system reliability. The platform also offers integration with third-party hardware, such as storage devices and firewalls.

The Cluster Management Server (CMS) is the management system for the",11.19,12.52,0.922,0.909
Undetectable,undetectable_lam4.0,lambda=4.0,Follow the pace of one of the most popular extreme sports in the world. Featuring fast animation and 3D elements provide the flesh and blood of the video,". This is the best way to learn how to master the sport.

<url_end>


Rewrite:

Learn How to Master Extreme Sports with These Top Tips!

Mastering extreme sports can be an exhilarating and challenging experience. It requires not only physical strength and agility, but also careful planning and risk management. In this article, we will provide you with some top tips to help you become the ultimate master of extreme sports!

== Steps ==
# First things first, determine your level of skill and experience in each type of extreme sport. This will help you understand which sport is suitable for you. It is important to always push yourself to improve, but also know your limits and gradually increase the",". Take the stance of your favorite skateboarder as they catch air, or jump in on a high-flying BMX freestyle session and watch your favorite riders thrash around like they're meant to be!
10. IG, TikTok, and Instagram's Elite Athlete Challenges have given rise to a new era of virtual competitions. You can participate in a variety of exciting challenges, tests, and obstacles that require you to use a wide range of video game platforms like Ninja Super Mario. It will surely create a stir among you and your peers!
11. In this age of Artificial Intelligence, we can quickly connect with avatars of our favorite world-renowned athletes. With just a few clicks of our mouse, we can go",3.39,17.55,0.915,0.934
Undetectable,undetectable_lam4.0,lambda=4.0,"After we left Zihuatenajo, needed fuel and water so we took a left turn in to Acapulco Bay. The Yacht Club"," was in the foreground. We were in the Bay for over a month. I made several trips to the top of Pico de Orizaba, a 2,200-meter (7,000-foot) peak. I did the hike on my own and climbed more than 3,000 meters (9,842 feet) in two days. There were no roads up to this point.

From the south coast up through the mountains of Morelos, we had three more days of sailing and several more days of snorkeling. By this time, most of the locals in Baja had heard about my trips and they greeted me with a smile. I learned that they had a ""dry spell,"" and that this is a"," of Acapulco was our first stop and it was amazing. The piers were lined with docks and boats and the waves were about 5 meters high. We had a delicious lunch that day and some great time outside in the sun.
Since I didn't have a GPS I set a course on the back of the toilet and headed north on to San Jose de Gracia, a small town a few kilometers from Acapulco. I slept for 8 hours on the boat and woke up around 3pm.
With plans to do some sport fishing and sight seeing I dropped the boat off back in Acapulco and spent the rest of the day in the towns around the bay. I headed back to the port and took a boat",10.09,11.46,0.909,0.9
Undetectable,undetectable_lam4.0,lambda=4.0,"Kalanchoe is an eye-catching succulent, displaying large heads of bright orange flowers during the winter. Ideal for basket or pot, the Kal","anchoe will flower again during the summer.
This plant is perfect for any beginner’s collection of plants because it is very easy to grow. It needs little maintenance and can survive almost anywhere. Kalanchoe is very easy to propagate – cut a leaf stem and plant it in the ground or in water.
4. Aloe Vera
Aloe Vera, which is also known as Aloe Barbadensis Miller, is a succulent and is one of the most popular houseplants in the world. It is easy to grow and does not require much maintenance.
Aloe Vera is native to Africa, but it is now grown worldwide.
It is a hardy plant and can survive in a wide range of conditions.","anchoe has thick leaves that offer a thick covering of soft fern-like foliage in spring and summer, with some variation in the colour and shape of these leaves. Kalanchoe plumeriana 'Purple Haze' is the perfect size for a medium pot or basket, and blooms reliably all year round.
The Kalanchoe requires a fairly cold dormancy period before potting on, but as the name suggests, the plant can adapt to tropical conditions. As long as you pot the plant in good quality compost, the Kalanchoe will take care of itself. You should plant in a well-draining potting mix, and use a gravel layer below the compost to encourage good drainage. Make sure that the centre of",4.34,9.77,0.891,0.917
Undetectable,undetectable_lam4.0,lambda=4.0,"I was searching for Tahoe City Properties and have a question. Thank you.
I'd like to request a showing for 1380 SEQUO","IA DR SE, the listing #08551239.","IA BLVD. The lot is a nice size and is bisected by road. I'm interested in the east half but is there a way for me to preview the west half?
I'm not sure what to tell you. Maybe you could follow up by calling us at 530-342-1557 and leave us your address. I think they will be able to help.
I'm getting a listing for a home I visited a few weeks ago and want to follow up. Is it for sale? Is it what I saw before?
Any info would be appreciated. Thanks.
I've been looking to get my investment home in SLC and have found a one level Ranch that I love. It's in a great subdivision,",771.31,13.27,1.0,0.913
Undetectable,undetectable_lam4.0,lambda=4.0,"How Important is the Right Architect?
Architects shape our communities and our world, giving each country, region and neighborhood its own unique identity."," The American Institute of Architects reports that an average of 2.3 million U.S. construction projects are underway annually, requiring an average of 7.1 million architects to plan, design, construct, manage and oversee them.
While the field is diverse and competitive, an architect should share several characteristics with a new business owner, including vision, an appetite for change, curiosity and dedication to excellence.
What are the Best and Worst States to be an Architect?
The United States Bureau of Labor Statistics (BLS) projects a slow growth rate of 9% in employment for architects over the next decade, with 6,600 new jobs added per year. However, some parts of the U.S. can offer a higher-than-average"," In the context of design excellence, it's easy to forget that they are also problem solvers and innovators. Architects are not just making buildings, they are creating safe, functional, sustainable, and pleasing spaces where people live, work, shop, and play. Whether a building is a landmark or a simple residential home, the role of the architect is the same: design, engineer and construct a space that everyone can enjoy for years to come.
4 Doors: Recognized Award Winner for Exceptional Residential Architecture
4 Doors: Recognized Award Winner for Exceptional Residential Architecture - Virtual Architecture Prizes
San Diego, CA (September 23, 2020) The San Diego architectural firm, 4 Doors Architects, has received an international award",6.63,9.66,0.917,0.913
Undetectable,undetectable_lam4.0,lambda=4.0,"Belying expectations, Prasar Bharti has earned only Rs 58.19 crore (Rs 581.9 million) as revenue during the Commonwealth"," Games period—only 0.4% of its total annual revenue. The government also spent Rs 913.15 crore (Rs 9.12 billion) in this period.
The Indian media has reported that the government has spent more than Rs 10,000 crore (Rs 99 billion) to promote India at the Commonwealth Games. But the government has not revealed how much it spent for international media relations in general or for the Commonwealth Games specifically. It is difficult to calculate the cost of promoting India abroad in general terms since it includes expenditure for international marketing of various types, ranging from television ads, exhibitions, radio and print ads to conferences and events. The amount spent on promotions in a given year may vary depending on a number of factors, such as"," Games. As a result, Prasar Bharti has set off a Rs 6,000 crore war chest fund for the next host city, in an effort to keep itself ahead of the contest. It's no surprise that London is the most-penned-for Commonwealth city in the global television broadcasting business, since only broadcasters can afford to pay such high amounts.
• Five years to go, the FCC has not sanctioned content management for USA Today. It may not be ready for Hollywood.
Content is a wonderful thing. But when Internet users are bombarded with too much of a good thing, which has reached a point where too much is a bad thing, content needs to be screened. Content is one of the things that has",9.29,20.25,0.913,0.923
Undetectable,undetectable_lam4.0,lambda=4.0,"Marketers are employed in the public sector as well as the private sector.
Most people think of marketing as a strictly private sector activity, but the"," truth is that marketing is just as important to the public sector as it is to the private sector.
Public sector marketing is the marketing of products and services by the government agencies that help the government make the right decisions about its policies. Public sector marketing involves advertising, promotion, and distribution strategies that enable the government agencies to understand what people want and to get it to them.
In general, public sector marketing is more focused on government agencies than private sector marketing is on private firms, and so it is more like the commercial world. However, it is also quite similar to the public service world in many respects, as both are concerned with selling products and services at the right price and in the right quantity.
The public sector is the largest employer"," truth is that marketing-related roles are found in a range of sectors and industries – local, state, federal, non-profits, government, and public.
Marketers can find careers in academia, education, and training (including training classrooms, classrooms, employee meetings, brochures, job descriptions, and employment interviews) education.
Getting a bachelor’s degree in marketing is a great place to start your career.
Marketing jobs in education provide the chance to combine the opportunity to make a difference with the ability to work with people.
There are many things to consider, such as what you want to do with your career, how your role relates to what you currently do, and what are the requirements for any specific role.",5.86,9.69,0.859,0.898
Undetectable,undetectable_lam4.0,lambda=4.0,"hey. I can not start any programs because of the error ""Access denied"" (see photo). What can I do?
To fix this it"," says that you need to add access to the program which is not the case because it works when you run it from the command prompt.
Also, the name of the program in the command prompt is not the same as the name you named it in your code (cant find any errors in the code, but something seems strange). Can you take a look at your code and try to figure out what's wrong with it?
Edit: My code is posted below and if it's unclear then feel free to ask
import java.util.Scanner;

public class Solution {

public static void main (String[] args){
    Scanner scn = new Scanner (System.in);
    String first,","'s required to have the authentication credentials (login & password), so how to get them? And how can I fix the Authentication error? Thank you!
import java.util.Scanner;
import java.util.*;

public class BudgetsEn  {

public static void main(String[] args) {

int M=0,C=0,I=0,P=0;
System.out.println(""input amount of money to spend:"");
Scanner in=new Scanner(System.in);
M=in.nextInt();

System.out.println(""input categories:"");
Scanner in1=new Scanner(System.in);
C",5.78,4.17,0.911,0.875
Undetectable,undetectable_lam4.0,lambda=4.0,Los Shapis – Volverás Mi NiñoSubscribe now!! http://www.dailymotion.com/GuapachandoThe Youtube channel entirely dedicated," to the show.

2014 telenovelas
2014 Mexican television series debuts
2015 Mexican television series endings
Mexico TV Producciones telenovelas
Televisa telenovelas
Mexican telenovelas
Spanish-language telenovelas
"," to Guapachando!""

Track listing
All tracks were written by Dafnis Prieto.

Original version
 ""Guapachando"" - 3:40
 ""Amor En Blanco"" - 3:16
 ""Tu Supuesto Más"" - 3:10
 ""Porqué No Puedes"" - 3:28
 ""Vinil"" - 3:42
 ""Uno, Dos, Tres"" - 3:17
 ""Pavarones"" - 3:09
 ""Libra"" - 3:09
 ""El Estado"" - 3:46

Bonus CD
 ""Amor En Blanco"" (Versión Tres",2.46,6.06,0.842,0.869
Undetectable,undetectable_lam4.0,lambda=4.0,"Too much? That's good because we were almost out of card puns for this one. Regardless of the terrible puns, we stand by what"," we think.
Here's the thing about the economy: if it has one, and people are actually spending more money, the stock market goes up. And why is that? Because people feel financially secure to buy, and businesses earn more money from these sales than they have ever made before.
That's a great reason to be happy! It means we are making good progress as a country. Now we're just trying to keep it going.
But there is a real danger in thinking that good economic times mean we shouldn't worry about the future. Because they don't.
Here's the thing: we may be in one of the best economic times in our nation's history right now, but the fact is that the world is changing"," we said above – an excellent credit score comes from responsible use of credit. Keep good accounts open and don't close too many. Then pay attention to your balances, and try to keep them low. Lenders evaluate your risk by looking at your credit score. By improving your score, you can get lower interest rates and approval for better loan options.
Paying more than the minimum for student loans and credit cards will pay off when you're done paying them back. The extra money added to your payments is called a principal payment, and it works to reduce the total amount of money you owe. You should also try to pay more than the minimum, to put more money towards paying down the principal, and therefore reduce the total balance on your credit",7.5,7.65,0.909,0.913
Undetectable,undetectable_lam4.0,lambda=4.0,"Friends, I have some pretty exciting news. I’ve been nominated me for a Liebster blogging award. This is an award that�","s given out every year to bloggers that have really worked hard, been creative, and have a great following. I�ll be notified of my chances, and the voting will start in a few days, so be on the lookout. For now, I�ll just say that I�m very, very grateful.
Hi Liz! What a wonderful surprise to learn that you have been nominated for a Liebster Award! Best wishes to you for your candidacy, and I would love to follow along and find out which bloggers are on the ballot for you.
Hi Liz,
Thanks for sharing the news! You deserve this.
Great blog as always!
Thanks, Mark!
Hey Liz
I just stumbled upon your blog and","s coveted by bloggers from all over the globe. That�s right�the Liebster blogging award is given by Liebster.com, the leading social bookmarking site. Last year, I won the award for
#1 Websites Site of the Year. However, now, I am up for another award. This year, it�s the Iblogger award. If you’re as confused as I was reading about it, don’t worry. It’s really not that complicated. All you have to do is blog regularly and do your best to draw readers to your blog. The more readers, the more likely you will receive an award.
So, as I write, you are probably",9.58,9.48,0.891,0.897
Undetectable,undetectable_lam4.0,lambda=4.0,"Installed correctly including ASPI file. Will not work at all. It says BadCdD Repair can't access data! No kidding, neither"," can I!  It's just an empty folder at this point.'''
  
  if len(sys.argv) < 4:
    print 'Usage: ' + sys.argv[0] + ' <DODID you install this> <CDD path> [--reload] <ASPI name>'
    print 'For help, use --help.'
    print 'Note: The DODID you installed should be an absolute path to a CDD file,'
    print 'and the name you want to assign to the ASPI should be an absolute path to an '
    print 'ASCII file with all capital letters.'
    sys.exit(0)

  as"," will anything else. How can it access anything when it can't even read a file? Any idea what's going on? On Windows XP, after I win first-run, I get a ""Safe Copy"" pop-up and have to say ""yes"", then press enter (which gives it a free copy on the desktop if I'm into stuff like that). In Windows 8.0 it's no different. No help at all.
<|question_end|>Tutor: I understand your frustration. The problem might be with your browser. Do you know the name of the ASPI file? It will help me better assist you.
<|question|>Student: The ASPI file is called PacmanASPI",6.9,11.54,0.887,0.933
Undetectable,undetectable_lam4.0,lambda=4.0,"Take a listen to this podcast about how ancient Cambodian dance continues to embolden youths in Lowell, Massachusetts. Anita Walker, Executive Director of Mass Cultural"," Council, spoke with Jessica O'Neill, a reporter with WGBH's All Things Considered.
While there are no hard statistics about the percentage of low-income youths who participate in Cambodian dance in Lowell, a recent survey of the dance teachers at two Cambodian American dance studios found that about half of their students are at or below the poverty level.
It's also unclear whether dance is having any impact on school attendance or whether other factors are influencing the youths to take part in Cambodian cultural activities. However, Anita said it's easy to see a direct correlation between the participation and the increase in self-confidence and self-esteem.
Anita Walker: There's nothing more important than self-esteem, self-effic"," Council, details how the Saturday performance of youth dance troupe Krom Kro have developed a strong legacy in Lowell. As a high school student, you can be inspired by Anita’s comments on what drew young people to the art form, the skills they have learned, and the vibrancy of the new generation of dancers.
We do live in a multicultural country, which is why Anita believes that international arts present the best opportunity to unite our growing diversity. Besides her role as Executive Director of Mass Cultural Council, Anita also serves as an Assistant Professor of Fine Arts at the UMass Lowell.
By now, you may know that mass cultural councils (MCCs) are working locally and nationally to make arts access a right, not",10.7,16.96,0.921,0.942
Undetectable,undetectable_lam4.0,lambda=4.0,The Fox6 is a multirotor drone surveyor with 6 carbon blades. Its solid structure and in-flight stability allows its use on a wide," variety of platforms, including fixed-wing, helicopters, and planes, making it an asset in many sectors. Its high lift-to-drag ratio and light-weight design give the Fox6 the potential for use in difficult environments and during missions with high risk. The flight time is usually about 25 minutes, however this depends on the payload weight and the air density.
The most important difference between the Fox6 and the DJI Mavic Pro, is that the former doesn't have a built-in camera. Instead, it features a custom-made, integrated HD camera with 4K resolution and full HD video. The camera also offers wide angle shots, panorama shots, and the ability to record videos on the go. In"," range of challenging tasks.
Your personalized drone package includes planning, usage guidelines, drone controls as well as the questionnaire.
Our questionnaires are personal, social and, by their very nature, emotional. In our special sample as a representative of groups affected by modern trauma, the following titles were relevant.
A sample of 500 surveyors were selected from the general population, above the age of 18, and exposed to PTSD symptoms from modern trauma for more than 3 months. Each respondent received a compensable figure of ₤100.000 paid for via the Slovakian bank account.
We are always happy to answer any questions you might have.
Corporate websites:
Webform:
Starting: 2016/01/01
",9.59,27.4,0.925,0.925
Undetectable,undetectable_lam4.0,lambda=4.0,Our 2007 Volvo XC90 Angled Ski Holder ships directly from an authorized Volvo dealer. Since 2000 we have offered secure online ordering and fast affordable shipping,. Our service ensures quality and peace of mind.,".
You can order your 2007 Volvo XC90 Angled Ski Holder today!
Want to know more about Volvo XC90 Angled Ski Holder? Do not hesitate to contact us directly to enquire.
More Volvo Reviews!
View our vast collection of Volvo Parts & Accessories!
Want to hear more about our Volvo Parts & Accessories? Do not hesitate to Contact Us!
Order Volvo XC90 Angled Ski Holder.
$300.00 Qty.
VACTS Smokers Handbook
MVO View Competition Results for Winter Recs 2012-2013
XC40 BeMore Competition Results 2013-2014
MVO View Competition Results for Fall Recs 2012-2013
XC60-XConnect Competition Results",29.6,15.29,0.954,0.864
Undetectable,undetectable_lam4.0,lambda=4.0,"Stress, anxiety, inner emptiness, lack of focus, need to emotionally self-regulate yourself.
By using this unique method which teaches you"," to calm and centre the heart and nervous system it has been proven to be an effective way of getting your body back into balance and healing on many different levels.
Mind, body and spirit. It's a holistic approach, and we invite you to explore what it's all about, here.
Somatic psychotherapy uses a combination of body movement, breathing and conscious relaxation to reach deep within the body and nervous system and release the tension and emotions that cause pain and illness.
It's often called 'mind-body therapy' and is used alongside the talking therapy, because the two work together to heal the whole person."," to observe your inner experience without judging or trying to control it, our workshops have been found to help participants in the fields of education, psychology, politics, business, science, and engineering.
Development of self-regulation skills can be used by a person in managing their own life. This is the strength of a human being, even the most successful people have lacked for self-regulation in various moments in their lives.
Every person is able to self-regulate emotions and thoughts, through the innate understanding of their body. As a natural phenomenon, our emotional states have their own dynamic cycles. Often times, we can be our own worst enemies, by the way we project our inner experience and how we label and attach it to our identity.",8.76,15.62,0.921,0.896
Undetectable,undetectable_lam4.0,lambda=4.0,TNEA Rank list 2013: Tamil Nadu Engineering Admission (TNEA 2013) was conducted by Anna University Chennai for the admission to Anna University affiliated," engineering colleges for 2013 session. The number of seats for all categories were filled in a single day and no cut off percentage was given. TNEA Rank list is for all the categories combined.

References

Engineering colleges in Chennai
Educational institutions established in 1964
1964 establishments in Madras State
"," institutions starting the session of 2013-14. 

The evaluation comprises 6 components: 

English Language Writing Skill: evaluates testees in their ability to write English language prose.

Maths Writing Skill: evaluates testees in their ability to write and reason in mathematics.

Paper Writing Skill: evaluates testees in their ability to write and reason in Physics, Chemistry and other subjects.

Technical writing skill in topic selected in the aptitude test.

Advantages of Examination

The course duration is 3 years with compulsory internship and 6 months of practical training. The eligibility is 60% passing marks in the final three years of B.E. and a minimum of 50% marks in Physics & Chemistry,",10.59,10.38,0.931,0.872
Undetectable,undetectable_lam4.0,lambda=4.0,"Shri Lal Mahal is one of the best manufacturer, exporter and supplier of empire basmati rice in Delhi, India. We provide world","-class services to our customers. At our company, the best quality products, innovative solutions, and unparalleled customer service are our top priorities.
Honey and rice: a match made in heaven. This is due to the sweetness of honey and the salty flavor of rice. You have to prepare the ingredients with utmost care to ensure that the combination of the two is tasteful and yummy. It is a delicious and healthy combination of the two. You can experiment by trying out different flavors of honey along with different grains and enjoy the best of both worlds.
What is the best kind of rice for me?
This is a tricky question because there is no one-size-fits-all answer. However, there are some general guidelines that"," class quality products to all of our valued customers. Our empire basmati rice produces contains no chemicals or pesticides.
National Brand
Based in Delhi, India
Shri Lal Mahal
Shri Lal Rice Exporter and Supplier
Obtain free mail updates from Shri Lal Mahal, Empire Basmati Rice exporter and Supplier by email here
News about Empire Basmati Rice
Why customers choose shri lal mahal empire basmati rice?
Over the last many years, the trust factor is one of the key determinant factors in purchasing a product. We have excelled in our customer service department to earn the trust of our customer’s. From taking their feedbacks and improvising in",7.77,16.86,0.9,0.912
Undetectable,undetectable_lam4.0,lambda=4.0,Ankylosing spondylitis is an inflammatory disease that over time can cause vertebral fusion in the spine. This fusion makes the spine less," flexible and reduces the mobility of the back. Ankylosing spondylitis can also be associated with inflammation in the hip joints, but hip pain is much more common in the front of the hip joint.
Although both conditions have similar symptoms and are treated similarly, spondylitis is not the same as ankylosing spondylitis.
The symptoms of spondylitis can be similar to rheumatoid arthritis. However, people with spondylitis often have other symptoms in their skin, eyes and organs.
Skin lesions can include rashes and eye inflammation. If spondylitis is left untreated, the immune system may damage other organs.
This can lead to a number of additional complications,"," mobile and may lead to significant pain and spinal deformity. With early diagnosis, treatment with disease-modifying antirheumatic drugs (DMARDs) can prevent long-term disability. While this is true, evidence also suggests that more aggressive treatment in younger patients is the best approach to achieving optimal disease control and to reduce long-term spinal deformity.
The current study, which appears in the Annals of the Rheumatic Diseases, examined 813 patients who presented to two rheumatology clinics in the United Kingdom. The patients had symptoms that had persisted for at least three weeks prior to diagnosis, but only had radiological signs of the disease. Of these 813 patients, 147 (18.2 percent) had positive",5.02,6.88,0.877,0.921
Undetectable,undetectable_lam4.0,lambda=4.0,"Anonymous. 2019. Vanellus duvaucelii (Lesson, 1826) – River Lapwing. Birds of India Consortium (eds","). IUCN Red List of Threatened Species 2019: e.T2444A35142319. Retrieved 26 October 2019.
- ^ Anonymous. 2019. Eupodotis aequinoctialis (Scopoli, 1786) – Plain Bush-hen. Birds of India Consortium (eds). IUCN Red List of Threatened Species 2019: e.T2444A35142319. Retrieved 26 October 2019.
- ^ Anonymous. 2019. Otidimachus schisticeps (Boddaert, 1783) – Lesser Spotted Pitcher-bird. Birds of India Consortium (eds). IUCN Red List of Threatened Species 2019: e.T2444","). www.birdsoftheworld.org/bw/E/Vanellus/VAN.html. Accessed 16 May 2019.
Hayashi, Y. et al. 2012. Brood parasitic behavior as an adaptive strategy for conservation of endangered species. Proceedings of the National Academy of Sciences. 119 (9): 3957-3962.
Krishnayya, J.P. 2007. The Ecology of the Eastern River Lapwing. Avian Ecology Monographs, Number 40.
VanDam, P. et al. 2017. Promoting nest survival for an endangered shorebird. Cornell Lab of Ornithology. Article shared with permission.
VanDam, P. et al. 2019. Protecting Land",4.62,8.85,0.859,0.913
Undetectable,undetectable_lam4.0,lambda=4.0,"Are you looking for specific features in a Palm Beach Gardens, Rainwood Florida home?
Customize your Palm Beach Gardens, Rainwood Townhouse MLS"," Search.
Palm Beach Gardens, Townhouse for Sale
The Palm Beach Gardens Townhouse Market is an incredibly active one. For Palm Beach Gardens, Townhouse Buyers, this presents an incredible buying opportunity.
Broward County Townhouse Prices:
Average Palm Beach Gardens Townhouse Prices:
Palm Beach Gardens Townhouse Price Range
The Palm Beach Gardens Townhouse market is currently at an all time high. This is due in part to the growing population of Palm Beach Gardens, and the continued increase in Townhouse demand.
With this comes increasing Palm Beach Gardens, Townhouse Supply, making Palm Beach Gardens Townhouse Prices increase.
Palm Beach Gardens Townhouse Prices by Type
When buying a Palm Beach Gardens Townhouse,"," description
Specify your needs for a Palm Beach Gardens, Rainwood Townhouse Search
Filters - (Default setting is Advanced)
Search Type
Search Time
Search Price Range
Search Places/Municipality
Owned Property
Superior Story
Get tips on how to:
Increase your home value
Choose the right listing agent
Increase seller responses
Prepare for showings
Avoid showings
Refine your search criteria
How to Find the Right Location in Palm Beach Gardens
In an effort to replicate the vibrant, affluent neighborhoods seen in cities across the country, real estate developers have attracted a multitude of homebuyers to the town of Palm Beach Gardens. But where can these new homebuyers expect to find some",5.86,19.58,0.83,0.923
Undetectable,undetectable_lam4.0,lambda=4.0,"Select a year for genuine Kia Sportage accessories.
We've been providing genuine Kia accessories and parts online at low prices since 2000. Our", products are high quality and we have satisfied customers from all over the world.," reviews are full of feedback from satisfied customers, and we sell a lot of genuine parts every year.
Shopping for genuine Kia Sportage parts and accessories with us is simple. Find a part, add it to your cart, and proceed with checkout. With no hassle and no confusion, you can have your genuine Kia Sportage parts delivered to your doorstep in no time.
More info on Kia Sportage, download our full guide here.
Starting in April 2017, many Kia Sportage cars from model years 2014–2016 will no longer be receiving Kia's next generation 2.0 litre engine in the United States, Canada, Australia, Mexico and the Middle East. This is partly due to Kia's decision",7.85,8.15,1.0,0.905
Undetectable,undetectable_lam4.0,lambda=4.0,Η GMC παρουσιάζει την Nightfall έκδ,"οση, ισχύσει την Δελτία του για αυτό του παγκόσμιου κατά το δικόποιο μου στην επιλεξόσπαση της καταγωγής φύσους μας να μορφωμήσουμε στο","οση επιμέλειον για το νότσο ελευθερωπίζονται
Djokovic 'brushed off' Australia visa conditions over triple vaccinations
Brooks, Medina, Aaron Warnock, and Hakeem Jeffries in the Democratic debate
Ukrainian soccer fans protesting government dismissances of players
Opposition parties renew calls for new government after Namibia President resigns
NSA's early warning system for Russian disinformation could have been activated weeks before Marjorie Taylor Greene's election attack, according to newly released documents
On One Year Since Storming of",3.31,13.65,0.746,0.943
Undetectable,undetectable_lam4.0,lambda=4.0,"Quality First,and Client Supreme is our guideline to deliver the very best assistance to our shoppers.These days, we have been trying our greatest to be"," better at offering a variety of services to our consumers.For quality first things come first and to provide you with quality service is our primary goal.For the clients we are happy with our service.The only aim of us is to serve the clients at the finest.We are pleased with what we have achieved and if we can help you with any kind of questions, please feel free to give us a call.We guarantee you will be satisfied with our service and will appreciate the support provided by our staff.
This is a very difficult question to answer as it is very difficult to determine which is the best company as it is so personal. But, our opinion is that the best company in the market is Agragri. We believe that A"," among the most efficient and reputable blog writers on the web. Our customers are our lifeblood, so we treat every one of them with great regards. Read more here...
Tuesday, June 10, 2019
How Can You Really get to Know Your Fellow Managers?

Once upon a time, in a bustling city, there was a company called InnovateTech. The CEO, Mark, believed in the importance of fostering a strong culture and ensuring his team members had the best equipment to work efficiently. One day, Mark decided to invest in state-of-the-art computers for his employees. He chose Dell as the brand because of its reputation for high-quality products.

Excited about the new equipment, Mark called a",11.1,5.81,0.889,0.933
Undetectable,undetectable_lam4.0,lambda=4.0,"Mothercare's My First Velour Jacket is an adorable piece, super soft to touch and perfect for layering – a must have for your new baby",".
- What Is My Baby Doing Today?
- My First Velour Jacket in Colour: Pink or Green?
- My First Velour Jacket Price: £7.95
- My First Velour Jacket Reviews
- What Is My Baby Doing Today?
- My First Velour Jacket in Colour: Pink or Green?
- My First Velour Jacket Price: £7.95
- My First Velour Jacket Reviews
- FAQs
- What Is My Baby Doing Today?
My Baby is on the move
Even before your baby is born, you’re learning about their health and development. Here are some of the milestones you can expect.
It’s no surprise that babies’ health",". Here are several reasons why it should be in your on-going mothercare shopping list.
The statement jacket design adds a certain elegance to any outfit, even casual wear. Made from the highest quality Velour material, it provides your baby with supreme warmth during cold days.
Made of 100% cotton flannel, the Velour jacket is far superior to others in quality, keeping out the wet and cold and absorbing moisture. Mothers find the flannel material very cozy and soft to touch when worn on their babies.
The great advantage of a Velour design for baby clothing is its softness and the ease of clean-up. Velour will stand up to wearing and washing over and over again, making it the perfect outermost layer",4.76,14.75,0.817,0.915
Undetectable,undetectable_lam4.0,lambda=4.0,"Using pine for tank frame • Bearded Dragon. org.
Hello. I am currently building a custom tank thats being made out of plywood."," I would like to add in some pine, will it hold up for my bearded dragons? I am using 2x6 planks.
Thank you for your information, It made it alot more simple.
Do you know how the weight of the water will affect the tank? I would just like to make sure I'm not going to have to replace it often.
Thanks in advance!
Hi, I want to use pine for an aquarium tank. But, it's pretty expensive. Is it worth investing on?
Hi,
How long does it take for pine to decompose? I've heard that it is not recommended for tank frame or aquariums because after a couple of years it will release toxic fumes. So, I would"," I need some advice please. i want to use pine for the frame. is this a good idea? Any help would be appreciated. Thank you so much. John
Is white pine suitable for an aquarium as far as termites are concerned?
White pine is fine for aquariums.
If you have termites in your house already, they are absolutely fine to put in your tank. Termites don't like salt (highly concentrated). 2-5% by volume of deionized water or tap water. They won't mind these levels. They won't bother the fish.
I have a 75""x30""x12"" tank, my question is do you have any sugestions for a setup for I have done alot",11.12,12.04,0.905,0.921
Undetectable,undetectable_lam4.0,lambda=4.0,"After an even enough opening half, after which Monaghan led by three points, 1-5 to 0-5 while playing with the wind, any"," hopes of a comeback seemed dashed for Meath. But with two minutes to play, Pat Conroy and the Meath team rallied, and scored 2 points, 1-5 and 0-5. The momentum had turned against Monaghan, and even though they had a strong lead with just 1 minute left, Meath's comeback proved to be successful.

Exercise 1:
Why did Meath's manager, Seán Boylan, refer to this game as their ""biggest game of the year""?
A) He wanted to create hype and attract more viewers
B) The team had been training hard for this game
C) Meath had a strong chance of winning against Monaghan
D) They were determined to win"," shot for An Ghaeltacht at midfield went astray and the Dublin team did not look close to making a comeback.

After Dublin lead by 5 points early, during which they were 1-7 to 0-7 after 4 minutes, An Ghaeltacht pressed for points and the game went close.

Lyrath McKiernan scored a point for Monaghan with 2 minutes left. At that time, in spite of his recovery from an injury sustained in the build-up, it seemed that he was like his elder brother who had retired for the remainder of the championship. John Haran, the Monaghan manager, travelled to the team's dressing room to encourage them and allowed him to return to the field.
",6.06,14.68,0.902,0.917
Undetectable,undetectable_lam4.0,lambda=4.0,"If you are on the lookout for cost savings, your first thoughts almost certainly relate to product sales, blowouts, and bargains. The best location"," and a lot more favorable rates for a retail store do make a huge impact on the bottom line, but cost savings opportunities do not stop there. When a company evaluates its supply chain as a whole, it may discover several methods to reduce costs and produce profit. Here are a few of the best methods to lower supply chain prices:
1. Shop around for suppliers.
When a company evaluates its supply chain as a whole, it may find several means to cut prices and earn revenue. The initial step in this process is to assess all aspects of the supply chain, including production, distribution, and delivery of products and services. This will help identify areas for improvement, such as lower operating costs or more efficient processes. Other methods of reducing supply chain"," to find such items is at a thrift store, and these stores continue to innovate. Now, you can buy all kinds of modern, cosmetic products that will make you feel like a completely new person. Stock up on freshly laundered and ironed clothes to renew your look, buy accessories such as scarves, hats, and bags, and do not forget to find the perfect outfit or outfit for any occasion.
If your money is tight, selling your old clothes will also generate some quick cash and help you save. We recommend creating an online store in the comfort of your own home to sell your goods.
Best Family Saver Products
While certain changes are difficult to implement in your life, others are much easier to accept. Make a",6.94,12.53,0.902,0.927
Undetectable,undetectable_lam4.0,lambda=4.0,"""Main feature has English subtitles. There are 4 bonus features including an alternative ending and all have English subtitles. No other subtitles in any other language."," However, there is a Spanish subtitle in the English version of the game called ""Habla inglés"" that gives a better translation.""

Reception

The Game Boy Color version received ""generally unfavorable reviews"", while the PC and PlayStation versions received ""average"" reviews, according to video game review aggregator Metacritic. Next Generation said of the former console version, ""While this game has enough depth to give it a couple of tries, it's nothing special — and what's the point when it's on a system with such limited capabilities?"" and of the latter console versions, ""The graphics aren't all that sharp, but there's enough here for fans of the game to dig right in"". Greg Orlando of Game","

Reception

For the first print of the game, IGN rated it 7.5 out of 10, calling it an amusing homage to the Ruy Lopez opening. Official Xbox Magazine rated it 6 out of 10, calling the story dull and criticized the game for having bizarre-sounding dialogue. However, they also called this a good example of a game that improves over time, praising the story, puzzles, voice-acting and characters. GameSpot rated it 6.1 out of 10, noting that while the game had an interesting premise and well-done story and puzzles, it was hindered by bugs and frustrating gameplay.

See also
 List of steampunk video games

References

External links
 
 Animes",5.65,6.9,0.917,0.889
Undetectable,undetectable_lam4.0,lambda=4.0,The enterprising and energetic Franklin Food Elves soon will be canvassing neighborhoods all around Franklin collecting goods during the “12 Days of Donating”," in partnership with the Food Bank of Franklin County.
With a team of dedicated volunteers, you can join in making a donation by dropping off a bag of groceries at your local Food Bank for the Franklin County. During the “12 Days of Donating” the Food Bank is offering a free bag of groceries to anyone who donates a bag to a Franklin Food Elf."," holiday drive. This is a time-honored tradition wherein Friends of Franklin and more than ten other non-profit organizations contribute to the causes of needy individuals and families.
It’s important for Philanthropia readers to appreciate that America’s best tradition in philanthropy is not what the Eames House represents but the countless acts of kindness performed by the approximately 28,000 not-for-profit organizations active across the nation.
Back in the 1970s, the faith based organization, Community Services Partnership (CSP), became a national leader in this arena. Established more than 40 years ago to help the lowest income New Yorkers make a living wage, CSP’s work was limited primarily to New York City. But",12.56,12.86,0.899,0.931
Undetectable,undetectable_lam4.0,lambda=4.0,Editor’s note: The Consulate General of Belgium in Atlanta each month puts out a newsletter recounting its activities across the region and informing its," more than 7,000 Belgian-Americans that they are a bridge of cultural and political contacts in the world.
This month, the Consul General, Koen De Mael, shared the story of an international delegation visiting Georgia to learn more about the European Union and the impact of its recent decisions in Georgia, particularly its recognition of Abkhazia and South Ossetia as independent states. They also met Georgia’s Prime Minister, Irakli Garibashvili.
By Koen De Mael
I recently had the honor of hosting an international delegation from Belgium visiting Georgia to learn more about the European Union and the impact of its recent decisions in Georgia, particularly its recognition of Abkhazia and South Ossetia as"," American readers about important events and news. As well as informing readers, The Bulletin also appears in a number of college and high school reading lists. An example of The Bulletin’s wide readership can be seen at Gov. Sonny Perdue’s signing into law a bill that calls for an increase in the number of double-decker buses in Georgia.
By the Consulate General of Belgium in Atlanta
If we could tell you which country generates the most European investments in the United States, and the number of transactions in each, you’d be surprised. If we could tell you the countries where visa free travel for citizens of the United States has increased, and which goods are the most popular among European buyers, you�",6.21,11.85,0.884,0.911
Undetectable,undetectable_lam4.0,lambda=4.0,"Lease for $78 a month! Apply now.
Store, charge, secure, and transport up to 42 iPad or iPad mini devices.
","We have great deals going now in our current promotions!
Check out our new ebook, ""What to Do When You Can't Get an iPhone,"" to learn which Apple products would be best for you!
We love our community! Follow us on Facebook to join our exciting giveaways!","Hardware/software problems that occur when the iPad is used outside the parental control software provided.
Your iPad may be impaired in full or partial ways.
Electronics in your car not working.
Unwanted or generic ads.
Regrettably, the iPad is not insured for full replacement value in the event of theft or vandalism. Call (708) 905-8146 for more information about your plan options for protecting the iPad with insurance.
All Premier Inn guests, call in advance to make reservations (708) 905-7738. Rooms must be booked by 2 pm for weekdays, 3 pm for Saturdays, and 4 pm for Sundays.
Call service to reserve your spot at (708) 331-0348",15.35,16.29,0.952,0.917
Undetectable,undetectable_lam4.0,lambda=4.0,Camilla is a very gentle cat and she gets on well with both other cats and with dogs. She does not like small children. She's arrived," on my doorstep looking very scruffy but the lady at the pound said she is completely healthy and a good cat.

_Pippa, Exeter, UK_

If you do decide to rehome a cat, a good thing to do is to keep its litter tray and food and water bowls in the same spot in its new home and try not to move them around too much, which can stress the cat. If there are other cats in the household, the new owner should introduce the new cat gradually. Introduce the cats to each other using a door and letting them smell and hear each other's voices, then let them meet on neutral ground and gradually reduce the contact before putting them together in the same room.
"," at the last minute but we've already met three girls, one of them is older, and are going to take her home and see how she gets along with the other cats.
If you'd like to read about more cats that have been available for adoption at Harbourfield Nursing Home you can read about them here or here, or here (archive of 1st page).
A few weeks ago, London was the biggest recipient of British animal relief aid abroad, as a group of volunteers moved millions of pounds' worth of animal supplies to Syrian refugees. Among the supplies were pet food, basic veterinary and training supplies, crates for animals in transit, and medicines to help sick and injured animals survive in refugee camps.
The BBC has produced this excellent",6.95,14.44,0.905,0.936
Undetectable,undetectable_lam4.0,lambda=4.0,"Final Fantasy X introduces a new mini-game called, 'Blitzball'. Blitzball takes place in the water, you have to pass the ball"," on to a teammate as you swim from one end of the playing field to the other and try to keep the ball in the air for as long as possible. It's the only game in Final Fantasy X that can be completed in one playthrough. After this mini-game, a random event is revealed to the player. This random event includes items and items related to specific characters.

In the sequel Final Fantasy X-2, this item is referred to as ""Aqua Armor"" or ""Aqua Gear"". The player character, Yuna, is forced to wear this item to protect herself from the ""Black Rain"". The Aqua Armor is an air tight suit which is water proof and air tight. It was designed to work under water to"," through a series of tunnels in the water before it fills up completely and wins the round. Other mini-games in Final Fantasy X include the hot cocoa game and Cabbage game.

Blue Sphere 
A feature to keep track of players' character and gameplay is known as the Blue Sphere. It provides player with various statistics, including a damage defense, shield range and the area of devastation when damaging an opponent. It also displays character's health, along with the maximum health that character can attain.

The Blue Sphere has been criticized due to the lack of real-time changes. For example, when dealing damage an opponent, the area of devastation is only visible before the damage is dealt. A sudden rise in damage deal can change the",10.32,17.03,0.896,0.907
Undetectable,undetectable_lam4.0,lambda=4.0,"The terrific & neat theme for the Ghost blogging platform.
Ordentlich is the terrific and neat theme for Ghost. It's free, responsive and"," beautifully designed.
Meyer & Mey is a great example of a modern site that has a lot of great functionality in the background but also very slick and responsive design.
The cool & neat theme for Ghost was one of the first that I discovered and it's still one of my favorites. It is free to download and use on your own blog.
A great example of a responsive website that's perfect for a small business or start-up.
Ordentlich & fantastic theme for ghost.
I like this simple and elegant layout.
Great Theme for Ghost & Free to download
A wonderful and attractive theme for ghostblogging.
Cool and neat theme.
Ordentlich is a terrific theme to use in Ghost"," super sustainable. Nice article with nice posts.
Ghost Blog Platform for your WordPress blog.
Ghost Blogger is a popular blog template. The Ghost Blogger template, typically called Ghost, was developed in 2009. This blog platform template allows content creators to quickly and easily launch a blog site and to modify content with a minimum of fuss, without requiring a host or technical skill.
But do I need aGhost Blog Post to write posts?
Yes! Your Ghost blog is similar to a single-page site with Google+ integration. A convenient feature is the ability to add graphs to the blog page. Your Ghost blog post can include social sharing options as well as RSS, Email Notifications and other notifications.
Can I repost on my",17.47,21.84,0.887,0.909
Undetectable,undetectable_lam4.0,lambda=4.0,"Now there are four. A fourth R Boat has joined PIRATE, ALOHA and LADY VAN, welcome ACE to her first"," R Boat journey and it is time for a 5th R Boat to join the fleet. It is clear that this year the R Boat will once again achieve great things and we can't wait to see who it is!
When R boat day started, I was wondering where we were going to be based. It is one thing to have a R boat, it's another to be the home for it. I have spent the majority of my last two years working in the community, the R boat gives me a chance to take a step back, work together on one of the greatest programmes, and develop the leadership skills. I'm very lucky to be able to work with a team that's been really supportive and collaborative. I'm also very grateful"," big adventure!
Quarto was just delivered, my first yacht in 32 years of yachting, and I'm calling her Queen's Revenge!
If you know of some last minute excursions that we should see in the next few weeks, please let us know, but whatever we do, we plan on doing it in our now brand new yacht. Thanks for reading and stay cool. -Dr. Sam
Pictured in the Maritime Heritage Guide at;
www.buckeye.org/real.html
Ben Scott will represent Chicago in the 2012 Delphic Games for the Chi-Life Boat the bow of which sails on We Are Chicago theme. www.teamganoneheaven.com
Dr. Sam and",12.74,33.87,0.898,0.938
Undetectable,undetectable_lam4.0,lambda=4.0,"To Be Built By Professional Local Builders! Post Modern Located On The Vanderbilt Little Neck Peninsula In Centerport. SD#6, Open Floor Plan Perfect"," For Family And Guests. 4 Bedroom 2 Baths Off Back Yard And Back In Property. Great Neighborhood And Lots To Be Done In New York Harbor.
For Sale or Rent - Real Estate on Centerport Houses For Sale: Lakehouse on Central Park South, One of the Most Prestigious addresses in Central Park, NY, With a stunning view of Central Park, one of the most prized and prestigious addresses in Central Park, NY. Luxury Lake House With Private Deck.
For Sale or Rent - Real Estate on Central Park East & Central Park South in New York: $6 Million Park City in Central Park in Harlem, With a stunning view of Central Park, One of the most coveted addresses in Central Park, NY. Unique Park City"," For 2-3 Person Families With Central Utilities, 5+ bedrooms, finished basement with luxury media/game/cooking room. Utility lines immediately to house/yard. Three Car Garage/Barn Bldg. $1,908,200 Range Of Homes To Choose From With More Than 260 Licensed Real Estate Agents The Knox Company® (NY-NJ) Reach Deeds Fast. Convenient Locations Meet Me In: Islip Office: 10 Main St, Islip, NY 11787 & Garden City Office: 2891 Route 108, Garden City, NY 11530
info@theknoxcompany.com
Sheffield Houses Sold
Copyright © 2021 Newsflip • Built with GeneratePress
Home » Sam Steinberg Sells",11.74,34.89,0.864,0.959
Undetectable,undetectable_lam4.0,lambda=4.0,"^ Source: Wilson (1999, 2). The many changes of European political borders since Mozart's time make it difficult to assign him a unambiguous"," nationality. Nevertheless, there is good evidence that Mozart spent the majority of his life in Austria."," nationality. [p. 215]
63 Queen-Bussell, ""Mozart the Transnational.""
64 People's Republic of China, Ministry of Culture, National Center for the Performing Arts, Shanghai Academy of Art, and Hohai Academy. [Back]
65 Heraty, ""Attitudes toward Classical Music in Asia."" [Back]
66 Shelly, ""Mozart's Modern Reception.""
67 Graham, ""Music and Pain.""
68 Thomas, ""The Therapeutic Touch.""
69 Steinberg, ""The Birth of Modern Philanthropy."" [Back]
70 , David E., Amedeo Favre, Angela D'Urso, and John A. Halstead",15.12,14.38,0.983,0.911
Undetectable,undetectable_lam4.0,lambda=4.0,"The Super Bowl can leave you broke. But you can lessen the damage.
What We Built. Why We Built It. And What’s"," Next.
The COVID-19 pandemic has created unprecedented uncertainty for entrepreneurs, business owners and employees. And despite the fact that we’ve been doing business at Velocity for over two years, our own business model and goals have evolved.
On a practical level, the pandemic changed the way we work and what it means to be an employee at Velocity. We adapted to working remotely, and we learned to meet virtually to drive alignment and innovation.
On a strategic level, the pandemic has prompted us to take a fresh look at the business landscape and to question our approach to client success and employee satisfaction. What’s next for Velocity and our customers?
We set out on this mission: to be a thought leader"," Next.
Engaging an architect with a clear vision and the knowledge of building and construction techniques is key to realizing ambitious goals.
Building with Steel is Art, Science, and Fulfillment: Debunking The Misconceptions of Steel Buildings
Even the most seasoned construction experts have questions about steel buildings. In this presentation, our Steel Expert will clear up misconceptions about steel construction and let you understand that steel buildings are incredibly versatile and robust.
How to Maximize Your Construction Budget: Strategically Managing Costs at Every Stage
Leading firms that regularly control their budgets effectively earn a reputation for being able to deliver projects within a consistent time frame, even while staying within their allotted budget. Now, you can apply that same approach to your",8.07,13.91,0.905,0.936
Undetectable,undetectable_lam4.0,lambda=4.0,"With inflatable water slide rentals starting at just $180 and inflatable combo rentals starting at just $160, Family Time Inflatables has one of"," the best inflatable water slide rental prices in town. You can rent an inflatable slide alone or add a splash mat to the mix with a rental from our team. We have inflatable water slides available for indoor and outdoor usage. These inflatable water slides provide a fun way for guests of all ages to enjoy their pool party.

To keep your guests cool during the hot summer days, our inflatable water slide rentals offer a solution. Slides that can move at up to 6 mph help provide a cooling effect to the user as the water moves across their skin. Additionally, adding sprinklers can keep guests cool and hydrated while they slide down the water slide.

For younger children who may not be as enthusiastic about sliding down"," the most affordable splash pad rentals in the state. Call us today to place your order.

##Your task: **Rewrite** the above paragraph into a middle school level conversation while keeping as many content as possible, using a lonely tone.

Answer:
Sure! Here's the rewritten paragraph in a middle school-level conversation while maintaining as much information as possible:

Hey guys, do you know how important it is for cities and parks to have splash pads for families? Well, they not only give kids a place to have fun, but they also help keep them safe. But did you know that water safety is actually the third leading cause of death for kids between the ages of one and fourteen? Scary, right",7.78,3.09,0.911,0.923
Undetectable,undetectable_lam4.0,lambda=4.0,Approach your problems from the right end It isn't that they can't see the solution. It is and begin with the answers. Then one day," the picture will fall into place and a light will go off. The answer will become clear.
Don't work around problems but go head on and break them down step by step. It is amazing how many people will find their way out of a dilemma by approaching it from the wrong end. A little perseverance is all that it takes, just like when you can't figure out a puzzle.
It takes only a few minutes to try again and the new approach opens up the way.
Do not try to solve problems all by yourself Try to get as much information as possible. If you have a problem at work, talk to your colleagues and ask them for their ideas. You will be amazed at the answers you will get by approaching the"," they'll realize you can't be a big kid without self-control. It will be them that is powerful enough to bring up that point.
Let them develop at their own pace Then they won't be frightened about not being as smart as the kids next door, and you won't be discouraged about losing them to their extracurricular. They'll recognize that you've got a respectable future as a parent.
Everyone struggles with self control as an adult but most of the time it is a goal without the ability to implement it. Whether you work in the service industry or in a business management position, self control is an ability that will help you down the road when you need it the most. Here are some things you can do to",9.62,14.69,0.913,0.905
Undetectable,undetectable_lam4.0,lambda=4.0,I always love a good nosey into people’s bags – it kind of shows you a little bit more of their personality. This backpack is," more of a subtle display. It’s functional in the sense that you can put things in here, but also it’s also got a cool shape to it. It’s got this cool organic shape, it’s got a lot of layers to it. So it’s both functional and fashionable in that way.”
He explains that his inspiration was the backpacks people used in his native Indonesia, where he grew up.
“I thought that the shapes and aesthetics of that design was really beautiful.”
The result is a backpack made out of one of the toughest materials on earth – an eco-friendly fibres called Mycelium. The backpack is made from a single piece"," heavy, because it has camera gear for me and all I have to weigh it is the sun. I’ve used my umbrella with the hood for years because it protects me from the rain – but it also protects me from the cold by turning the hood around to keep me nice and warm.
I love this last one, because it’s cute and practical. It’s a mixture of my two favorite things, and it will look good on anybody who is carrying it, even the smallest of children. While there are a few things wrong with this stroller, and if you’re gonna spend the money on it, then I suggest finding the best one that you can. These two full featured strollers are more",8.72,13.03,0.894,0.9
Undetectable,undetectable_lam4.0,lambda=4.0,"The world’s first collection of waters designed for different styles of wine.
Follow us on Fundedbyme and get updates when our campaign"," is done!
* * *
If you have any questions, or if you know of anyone with a particular taste in water and would like to donate, please send us an email to info@somawater.com.

##Your task: **Rewrite** the above paragraph into a high school level plan while keeping as many content as possible, using a negative tone.

Answer:
The world has been plagued with issues surrounding water scarcity and unsafe drinking water. These problems are especially prevalent in the Southern Cone of South America, particularly in Chile, where the demand for water is on the rise.

Chile, a country located in South America, has been grappling with water scarcity for many years. The"," goes live.
Your Money at Work
We aren’t the first startup to realise the potential of technology when it comes to property. We are, however, the first to change how people can invest in property using their drink.
By using your bottle of wine as a bank, the means by which you can save and invest are now available in a different form than a normal bank account, never moreso than now with an increasing number of property investment companies wanting to reach people with an interest in property investment in the UK and world-wide who are looking for a no risk no hassle option.
By taking your money and keeping it safe in an alternate form, the investment companies are beginning to lose control as with money held in a",4.33,16.16,0.921,0.898
Undetectable,undetectable_lam4.0,lambda=4.0,"How to download and update samsung galaxy camera 2 sf2wifi ek gc200 2019?
Downloads all version android firmware for"," Samsung Galaxy Camera 2s and Galaxy Camera 2s wifi. It contains the latest update for Samsung Galaxy Camera 2s.
When was samsung galaxy camera 2 sf2wifi ek gc200 released?
Samsung Galaxy Camera 2s was launched on June 23, 2017. The Galaxy S9 and Galaxy S8 were launched a few days after Galaxy Camera 2s in June 2017.
Where can I buy samsung galaxy camera 2 sf2wifi ek gc200?
The Galaxy Camera 2s was made available on the Samsung online store from August 1, 2017 to September 30, 2017.
How do I know if my samsung galaxy camera 2 sf2wifi ek gc200 works?"," samsung galaxy s4 powered by samsung camera 2 gc200 is available. Please go in Settings Application, turn On Phone Restore and proceed to turn On EK Gc200.. the phone.. and then repeat this process once again. and you’re done!
One thought on “Download Smartphone Galaxy S4 without Data 2020”
buy all versions for any android phone. It can be get any android phone version. All android version installed in one pen. And keep increasing count of android version.

##Your task: **Rewrite** the above paragraph into a middle school level youtube subtitle while keeping as many content as possible, using a excited tone.

Answer:
Subtitle: ""Get",5.98,17.05,0.848,0.94
Undetectable,undetectable_lam4.0,lambda=4.0,"THE Greens are promising to double Fremantle’s tree canopy by 2040 under an “urban forest” plan.
Freo council"," president Geoff Gallop said the city must increase the canopy from 10% to 20%.
“It will provide protection from heatwaves, bushfires, stormwater runoff, and provide a whole host of other health and economic benefits for our community,” Mr Gallop said.
“The tree canopy across Western Australia has dramatically declined over the last 20 years due to urban development, lack of tree protection and tree planting.”
He said the council was “actively seeking” funding to help increase Fremantle’s urban tree canopy.
“As part of this, we have made a $500,000 investment in a program to plant a thousand new trees in Fremantle and its suburbs,” Mr"," councillors have said they would reject the proposal and would put a draft Urban Forest Policy on the agenda for December’s state elections.
Ms Blakers says the world is in the midst of an ecological crisis.
“You might think if you’re in a forest you don’t have to be concerned about sustainability because you’re in the middle of nature and it’s looking after itself,” she said.
“But the world as a whole is suffering huge deforestation losses, which have got to be reversed.”
More than 60 per cent of the planet is covered by forests. However Ms Blakers says only about 10 per cent of the world’s forests are protected.",7.07,6.66,0.902,0.894
Undetectable,undetectable_lam4.0,lambda=4.0,"CompactFlash cards are not very popular anymore as Secure Digital cards are typically much cheaper. That being said, pro-sumer Digital SLR cameras"," still widely accept CompactFlash cards. Many professional still cameras continue to use them, as are digital multimeters for electronic troubleshooting. CompactFlash cards for Apple Inc.'s iPod series are still sold, though some models now use Secure Digital cards. The Sony VAIO laptop is one of the few laptops sold today that still accepts CompactFlash cards.

CompactFlash cards are used as storage mediums for digital video cameras and camcorders that run on Sony's proprietary High Speed Video Recording (HSV) format (or any other digital recording format), and they are also used as media in external hard drives. Some companies make portable storage devices with a CompactFlash port, such as the Sony Vaio portable hard drive. There are also Compact"," are still using CompactFlash to store raw file data. In the classic Nikon D100, CMOS sensors and CompactFlash cards are used for its raw data storage.

External links 
 Official CompactFlash Association (CFpro.com)
 Compaq serial bay adapter memory (Seaboard Serial Bus Adapter)

HDD card formats
Floppy disk computer storage
CompactFlash
Video storage
Digital media

de:CompactFlash
ja:ファックチャイナフラッシュ
pt:CompactFlash
ru:CompactFlash
sv:CompactFlash
fi:CompactFlash
zh:CompactFlash
!
!

fi:E-mu E-",8.78,8.58,0.919,0.891
Undetectable,undetectable_lam4.0,lambda=4.0,ENVASS prescribes to various environmental legal newsletters from large and accountable legal firms in South Africa. ENVASS also prescribes to the Environmental Leader,", a leading newsletter on environmental and sustainability law in Africa, as well as the environmental newsletter from South African legal publication LexisNexis South Africa.
We also subscribe to international newsletters such as the New York Law Journal, the London Gazette and the Environmental Law Reporter.
Apart from these specific newsletters, the environmental practice group also subscribes to other newsletters in the law field, which include the International Business Lawyer, the European Lawyer, the Law.com and others.
ENVASS also subscribes to other local news publications such as the Financial Mail, the Sunday Independent and the Business Report, in order to keep abreast of the latest in the economic and business development landscape in South Africa.
The importance of legal newsletters"," of South Africa, an independent environmental knowledge and information portal, as an accredited source for information on environmental issues and developments in South Africa.
In considering the legally binding nature of non-legislative environmental policy instruments, ENVASS prescribes to non-legislative policy instruments which have legal or quasi-legal effect such as National Environmental Management: Biodiversity Act, National Environmental Management: Air Quality Act, National Environmental Management: Waste Act and National Environmental Management: Water Act. ENVASS prescribes to newsletters from independent sources such as The South African Law Times for notices of public hearings which have been published by the government, public authorities or a public prosecutor of national importance, in terms of the National Environmental Management Act.
In addition",8.61,9.72,0.877,0.877
Undetectable,undetectable_lam4.0,lambda=4.0,"Did you know Snappy Photobooths is a proud preferred supplier for Icebergs in Bondi Beach?
What a top location for a"," Snappy Photobooth.
The Bondi Icebergs are a great place to get photos to remember your visit.
You can also get photo cards and postcards printed.
You can create these cards, mugs and other merchandise to keep to remember your trip.
You can also buy customised gifts.
Icebergs in Bondi Beach is open all year round and is a popular spot for tourists.
It also hosts many events.
Icebergs also have a website with lots of information about the site.
You can follow Iceberg Tours on Facebook and Instagram.
There is also a new website for Ice, Icebergs and Icebergs.
Icebergs were first discovered on the south coast"," photo studio. The view is absolutely breathtaking and if your wedding was at Bondi Beach it could be captured even better here.
I mean I could go on forever about how great this photography location is, so if you're looking to book a photoshoot in the spectacular surroundings of Bondi Beach click here.
Photography in beautiful Australia isn't an obligation for everybody, but if you do want a great group shot at your New Year's Eve bash that you and everyone will remember fondly, contact us and book it in to be taken at Snappy Photobooths.
For New Years Celebrations or other parties or occasions, we've got you covered with the best Sydney & Brisbane photographers available.
This entry was posted in",7.93,13.29,0.879,0.94
Undetectable,undetectable_lam4.0,lambda=4.0,Welcome to Boston Mamas Rock! – where we’re giving a voice to fabulous local mamas from all walks of life. Read on for, more stories and stay tuned!," the first in our series of daily ‘celebrity’ interviews with local new moms, this time with Boston College’s senior lecturer (and writer) Anne Nordahl. This proud new mom and Anne’s Blog Generation co-founder shares how her spirituality & strong religious background has helped her through some of the most difficult parts of her new family life, including breastfeeding, labor, and recovery from childbirth.
Excerpted from Anne’s book Writing In Between: On being a Professor of English and a Mama
My twin daughters, Emily, 19, and Abigail, 16, have been living with me for the last three years at Boston College, my alma mater. Before I became a professor there",148.56,14.9,1.0,0.936
Undetectable,undetectable_lam4.0,lambda=4.0,"MIDDLETOWN, NJ - The Middletown Township Public Library and the Township of Middletown are pleased to announce the appointment"," of new library staff at two locations to accommodate the new services offered by the library.
Middletown Public Library and Middletown Township Announce Joint Program on Youth Homelessness in Middletown Township
The Middletown Public Library and the Township of Middletown announced a partnership for the first-ever ""Youth Homelessness in Middletown Township"" program which launches on October 22, 2018.
Middletown Township Library Program Launches with Free Workshops for Women of Color
At its recent kickoff, the program titled ""Be You: Women of Color, Our Lives Matter"" held in Middletown Township Public Library's Community Room from noon to 1:15 p.m., the"," of the new Library Director, Marcus Ellison. The Library is proud of Mr. Ellison and welcomes him to the Township of Middletown.
Mr. Ellison earned his B.A. from Rutgers University and his M.A. from the School of Information Science at the University of Maryland. Mr. Ellison has experience in a variety of library settings, including underwriting development, grant writing, project management and collaboration with other institutions. He served as the Technology Advisor for Princeton University and has previously served as the Technology and Facilities Coordinator for the Middletown Township Public Library. Prior to moving to Middletown, he served for 16 years at the Rice Library, first as Assistant Librarian of Operations and Technology and then as Associate Director",8.07,7.29,0.877,0.872
Undetectable,undetectable_lam4.0,lambda=4.0,ATPases belong to the class of acid anhydride hydrolases. The most common ATPases (24 proteins) contain the classical monon,"ucleotide-binding motif (MNP), which consists of one or several positively charged N-terminal nucleotide-binding sites (NNSs) as well as a central, negatively charged, catalytically critical residue (see below).
The ATPase in the mitochondrion catalyzes an exergonic reaction: NTP is phosphorylated into the nucleoside ADP, and energy is released to the surrounding environment.
The ATPase in the plasma membrane catalyzes an endergonic reaction: ADP is phosphorylated into the nucleoside ATP, and energy is imported into the cell.
The ATPase in the chloroplast catalyzes an endergonic reaction: ADP is phosphorylated into","ucleotide specificity requirement, while three (P7A, P9B, P15C) contain a dipeptide or larger specificity requirement for ATP.[7][8]
The sodium pump also uses an energy-consuming process to accomplish its function.[9] Its overall reaction is ATP + H + + 3 Na ⇔ ADP + phosphate + 3 Na + H2O[10][11]
The electrical potential gradient is generated by protein pumps (neurosomal or mitochondrial Na+/K+-ATPase) and permeable channel proteins such as aquaporins. It can also be generated by voltage-gated ion channels, which may work in concert with the sodium pump, and either passively allow Na",4.47,9.68,0.877,0.936
Undetectable,undetectable_lam4.0,lambda=4.0,Our Palladium Tank Plating Kit – 1 Litre is a great option for re-plating white gold jewellery. The price of the kit," is extremely competitive for its size. The kit comes with everything you need to undertake a re-plating job at home, so there are no unnecessary trips to the jeweller.
The kit is delivered to your door and all the tools required to undertake the job are included. The kit is suitable for re-plating white gold jewellery, and also for use on precious metals such as gold, platinum and silver.
The Palladium Tank Plating Kit – 1 Litre comes with three nozzles, three dip rings, a tank and a power supply. These are all provided in a large box, and the package contains a quick start guide. To begin the job, connect the kit to an electric supply (such as a power"," is calculated to provide one-off re-plating for up to 50 jewellery pieces. It can be used to effectively restore your white gold jewellery and it can also provide a protective barrier to help keep the metals in good shape as the jewellery is worn.
The kit includes a mixture that provides a surface layer of palladium to jewellery made from white gold and silver that is prone to yellowing and tarnishing. It does not require any complex procedures that could permanently damage white gold and silver – something that could permanently damage your jewellery.
To use the kit, clean your jewellery items with a damp cloth and then pat them dry. Fit the rubber gasket over the tip of the nozzle and press on to create an",9.95,11.27,0.9,0.909
Undetectable,undetectable_lam4.0,lambda=4.0,Star Wars fans were introduced to Chris Pirillo when he hilariously debuted the Hasbro Millennium Falcon on Lucasfilm’s “Force Friday�," show on Disney Channel.
The “Star Wars: The Clone Wars” episode that aired in 2006 features a scene in which the Millennium Falcon takes off from the planet Bespin.
Pirillo and fellow Hasbro toy expert Rob Laughlin showed young fans how to launch the plastic spacecraft, revealing how to fire the X2 laser and deploy its rockets in a matter of seconds.
A few years ago, Hasbro came out with a three-dimensional version of the Millennium Falcon, called “Starship Excavator.” It also made the toy available online for about $100.
Pirillo said he still uses the toy every week in his job.
“It gives you a whole new perspective on space"," event in 2003.
This time around, Pirillo was hosting a series of five art shows in different cities, a collaboration with art dealer and publicist Luis Aleman.
Turns out Pirillo and Aleman were also fans of childhood Chinese pop culture and yearned for a study of the ways in which the Disney series appeared in Chinese media, and how the power of the franchise affected Chinese kids.
The author has dabbled in a number of other Chinese pop culture explorations, including “Moongirl 101: How an American Beauty Contest Winner Took Over the Internet,” a 2011 nonfiction book on Shanghai-based “Moongirls,” or Chinese girls who aspire to fame online. The",10.9,17.86,0.933,0.921
Undetectable,undetectable_lam4.0,lambda=4.0,"Here at Bathroom Make Over Authority, we'll be ready to satisfy your needs regarding Bathroom Makeovers in Iowa Park, TX. You'll need"," to have access to our website to browse the products we provide or give us a call to set up a time to tour our showroom. If you have any questions about Bathroom Makeovers in Iowa Park, TX or want to set up a free estimate, please give us a call or fill out our online form. We can't wait to hear from you!
This entry was posted in Iowa Park, TX and tagged Bathroom Makeover in Iowa Park Texas, bathroom remodel in Iowa Park, Iowa Park, IA, remodel bathroom in Iowa Park. Bookmark the permalink."," to contact our firm, which has the professionalism, expertise, and experience for our Bathroom Makeovers in Iowa Park, TX, project. We also can reach out to give you a free estimate for our project for our Bathroom Makeovers in Iowa Park, TX, at 573-207-2920.
The 20 Best Bathroom Remodeling Statistics You Need to Know for 2019
1. Research shows that 58% of people either remodel or add a bathroom to their home when they sell their home
2. The average cost of a bathroom remodeling project in 2019 is $21,591
3. A bathroom remodeling project can add as much as 16% of your home's value
4. A bathroom remodeling",4.79,8.81,0.88,0.894
Undetectable,undetectable_lam4.0,lambda=4.0,"Win Your Next Account Director Role in the United Kingdom - Upgrade your CV today!
Are You Looking for a New Job as an Account Director?
","Our recruitment consultants are always happy to discuss career prospects. Call us today on 0161 833 5838 for an informal chat.
You can email us at enquiries@theswanagency.com
Are you an Account Director?
If you are looking for a career in account management or would like to find out more about what we do then please fill out our short enquiry form and our team will contact you to discuss how we may be able to help.","Help wanted: How can you make sure your CV stands out?
Job Security and Career Development Opportunities Are a Big Draw for Executive-level Employees
What Are the Main Challenges for Asia's Advertising Professionals?
Assignments, Big Brains & Culture: US HR Expert Chuck Butcher Talks about His Expertise and Experience
Diversity, Management & Communication, Virtual Interviews, Transition & Generation
Cybersecurity & Diversity — European Media Cybersecurity Awards 2016
Assignments, Business & Finance, Interviewing Skills, Leadership Skills, Virtual Interviews
I HAD A BIGGEST HAPPY WHEN I STARTED WORKING WITH ULTIMATE SEMINAR LIMITED.
What is Ultimate Seminar
We are a",6.59,23.78,0.948,0.942
Undetectable,undetectable_lam4.0,lambda=4.0,Cheapest Reseller Hosting in Myanmar from Hostdata is an Ideal way to begin your own Web Hosting Brand almost inside 24 Hours. With 24,"/7/365 customer support and fast setup and deployment of your Website/Website, you can now start working towards building your new Internet Service business on its own.","/7 technical support you can be sure to an up and running your presence in just a few hours.
Digital Planet is a digital marketing company in Bangkok, Thailand. We deliver the latest strategies to our clients from start to finish. We lead our clients to Digital Marketing Freedom.
Liked Your Work ? Now Share Your Knowledge.
I am curious to know what you think about this post or any of my blogs. I love to have your feedback.
You can share your thoughts or comment below. Thanks for visiting us and visit regularly.
Previous postHow To Navigate To The First Page In Google Ads?
Next postHow Does Internet Work?
Can you explain why do newer PC accessories run slower than old ones?
Thank",75.01,19.4,0.963,0.938
Undetectable,undetectable_lam4.0,lambda=4.0,which relied too heavily on clichés and juvenile humor as characters had to explain everything instead of showing it (always a kiss of death for children’,"s books), is often overlooked these days.
It may be a good time to review this book. It’s a simple concept but it holds some pretty powerful lessons.
If you want to see how my son, Matt, related to the story, go here and here.","s books)). Some children's books are written for both boys and girls, but many are targeted at boys; examples are Eragon by Christopher Paolini and How to Train Your Dragon by Cressida Cowell.

Sources

Works cited

 
Book genres
 
Book genres
 
Children's fiction
Children's fiction
Youth literature
Children's book genres
Literary genres
Children's literature by genre
Book genres by audience
Literature for children
Children's literature
Literary genres by form
Child literature
Children's book publishing
Books by type
Popular culture
Fantasy genres
Literature by genre
Children's fiction
Popular culture
Children's fiction

Genres",15.3,5.51,0.948,0.842
Undetectable,undetectable_lam4.0,lambda=4.0,"There is a lot of discussion right now about stress reduction. Today we see an increased work load of mental health professionals, increased occurrences of abuse or violence"," in the home, more stress about finances, less access to affordable healthcare, etc. What is your view of stress and stress reduction in today's society?
Stress and stress management are a significant part of what I do. Most of my work with adults comes from stress. As the number of people with mental health challenges has increased over the past 20-30 years, I believe that we have seen an increase in stress-related illness in addition to mental illness. When there are increasing physical health challenges and mental health issues, my work has expanded to include medical as well as psychological issues.
With regard to stress reduction in society, I believe that we have to address all of the factors that contribute to stress in our lives, and that means",", and increased financial burden of our respective organizations. The unfortunate truth is that as humans we are not built to carry a heavy load consistently over a long time period. We will suffer mentally, physically, spiritually, emotionally, and even neurologically if we do not take some time to relieve the load on our souls.
It is a normal to desire to help others, especially those in difficult circumstances, but not to the point of ignoring your own self-care. Do not allow the mission of your life be controlled by others. Utilize the people and resources you are blessed with to offload some of that load and focus on your own goals for making a change in the world. Make a conscious effort to find activities that allow you to not",7.91,10.77,0.894,0.911
Undetectable,undetectable_lam4.0,lambda=4.0,"this document is designed to provide an inexperienced user with an introduction to the use of strain gauges within experimental stress analysis.
... for your measurements new"," information or experiences. For the most up-to-date information and methods for strain measurement, read the latest edition of the ASTM International standard, Standard Specification for Testing and Characterizing Strain Gauges (A-100). For additional information about strain gauges see other resources from ASTM International. This document is designed to provide an experienced user with guidance on selecting strain gauges...
... to a measurement of strain that does not accurately reflect the actual deformation.
A gauge strain is a relative measurement obtained from the change in resistance as a result of a relative deformation.
A gauge strain is a relative measurement obtained from the change in resistance as a result of a relative deformation. It is obtained by subtracting the baseline",", or that you're not familiar with using, New technology presents a new challenge and not just to the practitioners in the construction industry but to the clients involved as well. The technical literature on strain gauges and design schematics may often not have been produced with construction in mind. Strain Gauges are ...
Digital strain gauges in use – The new strain gauges for digital analysis
Digital strain gauges have been widely adopted for civil engineering structural analysis. In addition, they have been used in engineering research in a variety of different disciplines to determine the mechanical behaviour of materials, machines and biological structures. Digital strain gauges are routinely used in civil engineering research laboratories to study the response of different structural systems to external loading. The objective of",8.04,16.04,0.882,0.894
Undetectable,undetectable_lam4.0,lambda=4.0,"Or change column headers from letters to numbers. Old school spreadsheets used numbers for rows and column headers, excel calls this old method R1C1"," or 1-1. In the spreadsheet program you use, the number you select in the column header is now its row, which means 1-1 is the first cell in row 1 and column 1.
You can use R1 to refer to the first cell in row 1, and so on.

A:

Your error is that you are assigning to R1 when you have put a string into the column and then the value is just a value. Not a column.
Example:
R1=""a""

a is a string now and a=""a"" works as intended. However when you write:
R1 = ""a""

you are assigning to R1 the value ""a"", so",". Here is one quick way to get a sheet and to add column names to it:

A:

May be this one
var sheet=awkwardFunction(input_data, 'custom');

    function awkwardFunction(row,sheet) {
        var temp={};
        for(var col=1;col<row.length;col++){
            temp[sheet[col][0]+'_'+sheet[col][1]]=row[col];
        }
        return temp;
    }

//Now use this function in your loop
for(var row=1;row<input.length;row++){

            var c=sheet[row][",9.22,5.32,0.833,0.864
Undetectable,undetectable_lam4.0,lambda=4.0,"Yet another fix for <tags>.
Added <examples> tag (thanks to Jim for the tip).
spiffy-request-v","1.0

""""""
import argparse
import base64
import json
import sys
import time

from requests.exceptions import RequestException
from requests.packages.urllib3.exceptions import NewConnectionError, ReadTimeoutError

try:
    from urllib import urlencode
    from urlparse import parse_qsl, urlsplit, urlunsplit, parse_qsl
except ImportError:
    from urllib.parse import urlencode, urlparse, urlunsplit, parse_qsl


class BaseException(Exception):
    """"""A parent class for all exceptions raised by the script.""""""
    pass

","2 updated <license> tag and now include XMP metadata.
spiffy-request-v2 fixed missing ""Generated by: spiffy version 1.7.1"" tag.
Added RSS service.
'''


from . import base
from os import getpid
import time
import datetime
import requests
import xml.dom.minidom
from requests.exceptions import Timeout, ConnectionError

# noinspection PyUnresolvedReferences
import timeit


def progress_bar(n, total, width=30, ch='*', last_step=-1):
    assert 0 <= width and width < 70
    assert total >= 0
    ",2.17,8.91,0.836,0.913
Undetectable,undetectable_lam4.0,lambda=4.0,"If you only focus on the graphics design of your web site and nothing else, you may have a beautiful web site that is hard to be found.","
If you only focus on the advertising campaign of your web site and nothing else, your web site may be hard to be seen.
If you only focus on what your competitors are doing and nothing else, you may miss out on what your prospects are really looking for.
When it comes to search engine optimization, a good strategy for optimizing your website is to create high quality, informative content and to promote that content. This will help to make your website more visible to search engines and will also help to drive traffic to your website.
A good strategy for optimizing your website is to create high quality, informative content and to promote that content.

John: Hey Mike, have you heard about search engine optimization?
Mike: Yeah,"," It is critical to pay attention to every element of the design of your web site and to ensure that it has everything required for it to perform effectively. It is a huge mistake to forget to add the crucial HTML CSS and JavaScript files that allow pages to be properly displayed. In addition, you must make sure that images, audio files, video, hyperlinks, and other interactive content are included and functioning correctly.
As a consequence of a strict code structure, media, as well as JavaScript modules, allow your web site to work properly, which is one of the primary reasons for developing a website. HTML and CSS are required for a site to be compatible with a web browser. JavaScript is another standard programming language used on the internet, and it is",4.26,9.88,0.856,0.889
Undetectable,undetectable_lam4.0,lambda=4.0,--- DELTAS ---,,,Delta PPL: -3.716,,Delta Div: 0.009,
