Scheme,RunLabel,Parameter,Prompt,No Watermarked Response,Watermarked Response,PPL (No Watermarked),PPL (Watermarked),Log Div (No Watermarked),Log Div (Watermarked)
PRC,prc_c4_s100_t300_n2048,n=2048;g=128;t=1;r=2028;eta=0.005;zeta=0.045,"The woman who died after falling from a bridge over the A21 has been identified as a Sevenoaks mum.
Marta Kendle, 37",", lost her battle with injuries on the M2A5 Bridge at Longbridge on July 24 after the car she was in fell off a height of around eight metres.
She was a mother of two, as well as a nurse, and lived in the village of Selsdon with her children, William, 12, and Ava, 5.
She was travelling to work when the accident happened and she died at Kent and Medway NHS Trust hospital in Swanscombe on Thursday, a spokesman said.
Fellow nurse and friend, who wished to remain anonymous, said: ""It's a tragic thing that has happened. She was such a lovely, kind, generous soul who would go out of her way to help people.
",", a mother of three from Leeds, was pronounced dead on the scene of the collapse of the Oldcastle bridge in Upton, Kent, on the afternoon of Saturday (22 October).
She was trapped for three hours under the concrete girders of the bridge but her husband, Adam Kendle, says rescuers found her after an hour of being able to go in and out of the bridge.
He said: ""After the initial search, he was given the all clear but she was on a waiting list for removal to hospital.""
Chief Inspector Liz Beesley, from Kent Police, said: ""We extend our deepest condolences to the family and wish them a happy family occasion.""
An inquest into Mrs Kendle's death is set to begin at Maidstone Magistrates Court on November 3.
The accident followed weeks of residents complaining that cracks had appeared in the path of the bridge across the A21 on September 20.
Mrs Kendle's brothers in Australia were keeping an eye on the construction site and she told them how worried she was because she noticed some cracks in the structure.
One of them was living across the road from the construction site so he went round to speak with the workers and showed them pictures of the cracks.
At the time of her death, Mrs Kendle was working at her home care agency in Leeds.
She has been posthumously awarded The George Medal, Britain's second highest civilian award for valour.
Her father-in-law",9.31,8.93,0.913,0.906
PRC,prc_c4_s100_t300_n2048,n=2048;g=128;t=1;r=2028;eta=0.005;zeta=0.045,"messaging system designed as a plugin-based system.
Doubtless the kopete people would disagree with me here, but I'd say"," they're on pretty solid ground.
It all comes down to a combination of good marketing and good development:
Good marketing, because, really, there's just one kind of ""software"" that's ever sold — software that provides benefits, which means it needs to be marketed as benefits, not features.
Great development.
Posted in Software
Tagged with marketing, OpenMRS
Posted on 24 October, 2011 by Peter
I've been invited to join the steering committee for this new blog by the person in charge of OpenMRS — Jim Kim, the MD.
We'll probably meet online and then, if we're all still on board, we'll eventually meet at the ODI to discuss things.
It sounds"," that the penguin from South America isn't as much of a clown as the kopete bird. It is after all the world's most despicable fowl. What fun to insult it and then watch it turn around and insult you.
Treisch said,
3 Oct 2018 08:55:01 -6 hours ago
It just so happens that there are several species of penguin that are found in the Southern Hemisphere. The most common, and the one found in African Sub-Sahara is the Galapagos penguin. The closest relative to these birds would be the black-faced and yellow-eyed gull.
As long as the kids can accept that there is a big difference between penguins and penguin-like birds, you should be fine. The Galapagos penguin is actually an entirely distinct species.
Melody Redding said,
The little penguin is just fantastic.
They are in and out of the water in seconds. I've been lucky enough to see them jump down from ships in Port Phillip Bay. At night they form large groups, including at the Swan River. Sometimes they flush and chase other water birds right past you.
The little penguin is one of the few native bird species in Australia that still spends a great part of its time on land. When young they breed on sea cliffs and come to the shallow waters in Port Phillip Bay as adults to feed. In Southern Tasmania the adults nest offshore in burrows on sp",12.77,12.87,0.915,0.904
PRC,prc_c4_s100_t300_n2048,n=2048;g=128;t=1;r=2028;eta=0.005;zeta=0.045,"CHARLES H. MEISNER, one of the prosperous and highly-esteemed business men of Birnamwood, Shawano county, was born"," here, on the twenty-ninth day of January, 1833. He lived here until he was five years old, when he was moved to Oshkosh, and was educated there until the age of fifteen. He was then removed to Milwaukee, and was educated there for two years, at a school in the village of Menomonee Falls, and two years at a private school in Waukesha. In October 1847, he was sent to New York City, to study bookkeeping in the office of a respected member of the mercantile firm of H. E. and W. A. Leffingwell. He remained in New York for about a year and a half, while finishing his course, and then"," in Manlius, N. Y. August 8, 1815. He graduated from Yale College in 1835, studied at Fitchburg, Mass., and shortly afterwards commenced business at his native place.

From 1839 to 1843, he built up a flourishing business as a silk dealer; and in 1843, entered partnership with his brother-in-law, Corroon, for the manufacture of paints and other alkaline substances. One of the principals in this enterprise was a boy of exceptional beauty and promise, young Henry Clay Francis (d. 1865).  The enterprise was highly successful, and very richly rewarded the partners.  They built a large home on what is now Lincoln Avenue in Shawano.

Charles attended the industrial classes of Professor H. W. Braden in Brownville, Maine, (1845-1846), and upon returning home went into the ministry.  He was appointed the first principal of the newly established academy in Ripon, Wisc., July 18, 1851. At the commencement of the summer session, 1852, he resigned and commenced the business of a farmer near Oxford, where he took an active interest in the agricultural science of the county.  To augment his income he built an extensive machine factory in the village of Birnamwood, a veritable factory town.  The firm, owned by himself, produced pumps, cotton presses and other power-raising devices.  At the success of the factory he",5.68,11.69,0.887,0.908
PRC,prc_c4_s100_t300_n2048,n=2048;g=128;t=1;r=2028;eta=0.005;zeta=0.045,"EVER WONDER WHY SOME PEOPLE CAN WORK NIGHTS AND SLEEP EASILY DURING THE DAY?
A new study from"," the University of Massachusetts Medical School (UMMS), published in the journal Current Biology, reveals that a molecule known as the protein arginine vasopressin (AVP), also known as the ""bedtime"" hormone, can suppress sleep and promote wakefulness. Scientists previously believed that it was the opposite: that AVP was primarily a wake-promoting hormone.
""We discovered that AVP acts on neurons in the brain to suppress sleep,"" said lead author Paul Kelley, PhD, senior lecturer at UMMS. ""AVP and its receptor are concentrated in a brain region that is responsible for sleep, and when it was activated, sleep was suppressed.""
The researchers found that in the brain, AVP and its receptors are primarily"," the Norwegian University of Science and Technology shows that people have an internal clock which causes us to have a different body temperature at different times of the day. The night-active workers were found to have higher temperatures at night and lower temperatures during the day.
It was found that their internal clocks works on a 24-hour cycle when they are awake at night.
According to a statement from the New Scientist, the internal clock has to shift depending on whether we're working during the day or at night. Researchers at the Norwegian university discovered that this has to do with circadian rhythms and the fact that it's hard for people to wake up when they are at their lower body temperature.
Researchers at the Norwegian university discovered that our body temperature plays a much bigger part in the circadian rhythm than previously thought. They measured four sets of blood temperature measurements on three groups of people. One group slept during the night, while another group stayed awake and had to continue working during the day.
The third group were paid by the hour, and had to move between sleep and work at 12-hour intervals. The researchers found that the internal temperature clocks were organized by day, although those who worked at night had a lower body temperature in the morning and higher during the night.
One of the researchers commented, saying that it's interesting to find out that your internal clock influences whether you want to work during the night or the day.
And according to IFLScience, the reason why some people sleep during the",5.25,7.2,0.905,0.87
PRC,prc_c4_s100_t300_n2048,n=2048;g=128;t=1;r=2028;eta=0.005;zeta=0.045,"Conduct effective product control and valuation control of treasury products and derivatives in banking book.
Duties include daily P&L reporting and analysis, balance"," sheet analysis, and treasury operations management. In addition, they review and approve treasury transactions and are responsible for maintaining treasury and bank relationship.
Treasury managers are also responsible for ensuring that proper cash flow management procedures are in place. They work with customers to ensure that funds are available when needed.
Treasury managers need a bachelor's degree and must meet regulatory and compliance standards.
Financial advisors help individuals and corporations manage their money, including investments, insurance, mortgages and other financial products. Their advice is intended to increase the financial well-being of their clients.
Financial advisors must be able to understand and explain financial products to clients. They also must have excellent communication skills so that they can effectively explain how to use financial products to meet their clients"," sheet accounting for all financial instruments. Daily forecasts, review of key metrics, and procedures covering issuing sales, checks, withdrawals, deposit and settlement.
Adhere to Rules applicable to Risk and Stress Testing (Statutory Requirements).
Reporting and communication of relevant information to the management team, the Compliance Office, the HR team, and the internal audit team.
Assisting and advising the department on risk, compliance, internal audit, operational controls, anti-fraud, anti-money laundering, and training and education regarding compliance standards.
Overall risk assessment and monitoring in compliance with all internal and external expectations, to ensure alignment of internal risk management with risk management programs.
Consulting and advising on areas of interest/key challenges/current activities/risk assessment program performance and trends in the reporting company and in the market for treasury and securities transactions.
Properly processing and reporting of information on daily, weekly, and monthly basis, as required by law, regulation, government agency guidelines, company policies, and external financial reporting.
Reviewing exceptions and adjusting accordingly.
Maintaining internal control as per the required internal policies and procedures.
Assist the organization in preparing for business scenarios and potential audit findings in risk management and controls.
Managing the reviews and administrative tasks required to prepare periodic reports and presentations, submitting them on time, and assuring the quality of their work.
Assisting the training team in the development of training materials related to compliance activities and handling non",6.28,18.3,0.902,0.882
PRC,prc_c4_s100_t300_n2048,n=2048;g=128;t=1;r=2028;eta=0.005;zeta=0.045,Stayed here about four years ago and they helped me out this weekend. Thankfully Citadines had a double apartment room for our stay. Usual," staff at Citadines, very helpful and clean. Thanks again Citadines.
My daughter and I stayed a week at Citadines recently. The staff and accommodation was great – we'd recommend it very highly to other families going on holiday in Dubai!
This is the best accommodation I have stayed at for over a decade and I will recommend it to anyone I meet."," itinerary with several activities and we enjoyed every minute of it. The atmosphere is so relaxing, and the staff is friendly. The only thing is prices are very high and they don't accept many tourists. I would recommend it for domestic travelers and couples only.
You can find the best hotels in Columbia: http://www.hotels.gob.co/
Minority Brings Sustainability to Fashion
'Best Polluted Countries in The World,' Is Sorting it Out
COUNTRY TRIP 963
Is going abroad really worth it?
APAC IN EDUCATION January 20, 2020
A Star of England February 8, 2020
British investors head to Colombo February 7, 2020
FAR Eastern Europe January 14, 2020
Big landlords set sights on cafes and restaurants January 15, 2020
A Beacon of Light February 11, 2020
A place to find what moves you
CECEDS
President Mahinda Rajapaksa, a witness to economic and social change, outlined Sri Lanka's efforts to generate inclusive growth and social well-being. Dr. Rajapaksa, who is currently attending the Davos World Economic Forum in the Swiss city of Davos, observed that the unique culture, vibrant capital of Colombo and friendly
Sri Lanka: 30 Years of Democracy and Peace - Destination Sri Lanka
Sri Lanka: 30 Years of Democracy and Peace – Discover Sri Lanka We are pleased to present a site to provide travellers with",11.92,18.29,0.905,0.917
PRC,prc_c4_s100_t300_n2048,n=2048;g=128;t=1;r=2028;eta=0.005;zeta=0.045,"It’s the end of the world,” said the caterpillar.
“It’s the beginning of the world,","” said the butterfly.
The caterpillar was right. The world as we know it will be altered. A lot of people will experience hardships that have never been experienced before. But, we also have a chance to rebuild the world that we want to see.
If the world is to be a better place, we need to build our world differently. To do this, we need to create a world that supports our individual wellbeing and the wellbeing of all people. Here are 5 ways to do this.
First, we need to focus on education. Education is the foundation for understanding the world around us. Without a good education, we will never truly understand how to work together to create a better world.
Second, we need to","” said the butterfly.
##OUTPUT
This excerpt from Aesop’s Fable “The Butterfly” is a clear example of a moral lesson. The caterpillar's attitude of resignation and gloom is contrasted with the butterfly's optimism and zeal, which showcases the power of positive thinking and the rewards it can bring. It suggests that no matter how dire the situation may seem, there is always hope and a chance for a better future.
![Analyzing the symbolism in the excerpt from Aesop’s Fable “The Butterfly”
A caterpillar, on the verge of death, talks about the end of the world while a butterfly, experiencing a transformation, sees it as the beginning of the world.](./media/example3.png)
![Analyzing the symbolism in the excerpt from Aesop’s Fable “The Butterfly”
A caterpillar, on the verge of death, talks about the end of the world while a butterfly, experiencing a transformation, sees it as the beginning of the world.](./media/example3.png)
![Analyzing the symbolism in the excerpt from Aesop’s Fable “The Butterfly”
A caterpillar, on the verge of death, talks about the end of the world while a butterfly, experiencing a transformation, sees it as the beginning of the world.](./media/example3.",6.08,2.49,0.877,0.807
PRC,prc_c4_s100_t300_n2048,n=2048;g=128;t=1;r=2028;eta=0.005;zeta=0.045,"Fasnet 2015: Spindrift & Prince de Bretagne, ""Neck to neck""
Spindrift reports that After 48 hours of"," riding the race was neck and neck, with both riders struggling to cover the mountainous course.
Spindrift and Prince de Bretagne are riding a close gap, however in a last-ditch move in the penultimate climb, Spindrift dropped his chum but then had to give way to another rider in a move that left him in danger of colliding with other competitors.
Spindrift finished fifth and Prince de Bretagne, who dropped out just before the finish line, finished sixth.
RIDE ON! (2016): Mere Morte & Vrijman de Nood, ""A little bit of luck""
Mere Morte was the only Dutch rider at the 2015 Paris–Nice race and it was"," patchwork bridging, resistance between La Chaux and Florence was 10 kilometres. The 5½ kilometres of in-water bypass was completed by ""a kind of two-person spanking, with Lana ... fending off challenges from Harry"" and that the project was ""slow at times"". Report p.2. It is well-known that the river has a wild stretch here between la Chaussade, near La Chaux-de-Fonds, and the main town of Bonfol and also well known for its paddle rafting. The following day they turned round to head back to La Chaux.
Another remote project was the still apparently unfinished ""12 kilometres of tidal in-water bypass in Gibraltar"" (traditionally 130 kph), ""during which several megahearts"" were deployed ""repeatedly from the cable-laying ship"". Lance Bertsch of Honey-Lanta asked how ""many megahearts (than the number of inlets) that have been plugged up in Gibraltar so far, with large pontoons?"" And although Hudson Bay is naturally deep enough, ""ship Montebello had to install rafts — there are large tides in it, too"" (Tracy 2010: 69).
Finally, the network's first truly large project, the 24,000 km of built dykes and the 4000 km of man-made channels and barrages on the Mekong (2017: 234), are reported as having a ""potentially contentious status",16.73,36.27,0.921,0.929
PRC,prc_c4_s100_t300_n2048,n=2048;g=128;t=1;r=2028;eta=0.005;zeta=0.045,"As the nation’s largest no-reserve internet auction firm specializing in construction and agricultural equipment, Purple Wave is focused on transforming the way in"," which rural infrastructure is financed, developed, owned and serviced.
Purple Wave is dedicated to serving contractors in rural areas who are unable to access conventional lending products and markets. As an experienced leader in no-reserve equipment auctions, we leverage technology to help contractors access new opportunities that match their specific needs, allowing them to obtain the equipment they require to complete their projects.
Purple Wave provides contractors with direct access to auction sites where equipment is available, allowing them to find what they need in one place. This service gives contractors the advantage of avoiding overpriced, over-market equipment and making sure that their projects are completed on time and within budget.
Purple Wave’s commitment to excellence and the satisfaction of its customers is"," which contractors connect to customers and equipment dealers. With a unique platform offering purpose-built data analytics, the company leverages a national broadcast of constructions site information and more than 30 million selling events to provide contractors with greater sales transparency.
Read the full 2016 Artificial Intelligence in Construction Trends and Report.
Endurance: Drone Deployment Optimization and Utilization
A GEODIS Group company, Endurance brings extensive experience developing innovative solutions to address material movement industry challenges. Through a unique combination of on-the-ground application expertise, highly advanced software engineering skills and unparalleled customer experience, Endurance creates intelligent software solutions that increase operational efficiencies, reduce capital and operating costs, optimize assets and improve safety across a diverse range of manufacturing, construction, distribution, material handling and logistics applications.
Read the full 2016 EASA Computer Vision Applications in Digital Transformation Report.
Omnitracs: Object Detection and Insight
As a leading provider of hardware and software for fleet operations, Omnitracs offers companies the ability to achieve their business goals through enhanced operational visibility, safety and business intelligence. The company’s partnership with Stanford University, UC Berkeley, MIT and other academic partners with real-world application ensures that Omnitracs technology is leading the field and developing the latest technological breakthroughs in computer vision.
Read the full 2016 Computer Vision Applications in Digital Transformation Report.
Dentsu Aegis Network: Advanced Image-Based Marketing Platform
After closing its acquisition of Tacoda",11.63,13.83,0.909,0.921
PRC,prc_c4_s100_t300_n2048,n=2048;g=128;t=1;r=2028;eta=0.005;zeta=0.045,"Stretch Therapy (ST) is a comprehensive system that includes stretching, fascia remodelling, strengthening, neural re-patterning, and relaxation. We"," are all born with an efficient and balanced fascial system. Yet due to lifestyle and environmental factors, this system can become unbalanced and less efficient.
Stretching is not just about extending and lengthening tight muscles. It is a whole process that is designed to reestablish an ideal balance, mobility, elasticity, and function for the muscles. In addition to relieving tight muscles, stretching can also help with range of motion, posture, gait, sports performance and the pain associated with them.
Fascia is the soft connective tissue that surrounds and supports every muscle in our body. The myofascial system is the body’s support framework and is involved in every physical activity we undertake. It is often"," will continually teach our students to connect the mind with the body through breathing techniques, mindful meditation, guided imagery, and relaxation exercises. This will be completed alongside stretching and structural massage. Stretching is described as the most under utilised, and the most important and powerful element of ST.
The best tool to help a student stretch correctly, is to first loosen their muscles through soft tissue techniques (FT) or manipulation. Then after the soft tissue is loosened, the next best tool is the hands of the practitioner. These techniques can help undo some postural damage that has been created. The emphasis on reflexes and superficial fascia, can also help untangle our muscle memory – and opens a door to movement!
What to expect in a ST class
After 1 or 2 weeks of class, you will notice a range of benefits. Your body will feel more relaxed, muscles will be more mobile, range of movement will increase, pain and tiredness will decrease. During ST classes, class time is focused on different body parts and tissues that are strained from repetitive movement, and holding into fixed postures. We have different ‘hands on’ adjustments for different parts of your body to loosen up various tight muscles and fascia, and release scar tissue. Adjustments are very gentle, because we aren’t trying to resolve structural dysfunctions, but mostly focus on releasing tightness, and restoring normal flexibility and range of motion.
Basic movements for people to practice at",7.35,14.79,0.921,0.909
PRC,prc_c4_s100_t300_n2048,n=2048;g=128;t=1;r=2028;eta=0.005;zeta=0.045,"The sport of Bocce Ball is alive and well in Holliston.
""Throwing balls toward a target is the oldest game known to mankind",","" said Peter H. Schar, executive director of the Bocce Federation of America. The Bocce Federation is the national governing body for Bocce. The sport was brought to America by Italian immigrants in the late 19th century. A similar game was brought to the United States by the British in the 17th century. The earliest known games of Bocce were played in the United States as early as the early 1800s. The first Bocce Ball Club in North America was founded in Montreal in 1867.
The National Bocce Championship is played in Florida and has been held there each year since 1964. This year's tournament is scheduled to be held June 29 through July 1 at the University of West Florida."," and the sport of bocce ball has been around for hundreds of years,"" said the MLCB in a press release. ""It is one of the most beloved leisure sports across the world and remains as popular today as it ever was.""
MLCB says that in recent years, it has seen a tremendous increase in the membership among its regular players.
""More than ever, our members are looking for quality activities to participate in at the club,"" said the group in a statement. ""In particular, many of our members are retired and are looking for ways to stay active and enjoy life. While Bocce Ball is the most popular sport amongst our members, we also see a diverse range of sports as well, from golf, to tennis, to squash.""
The league is a voluntary organization and does not seek to place any restrictions on its players.
While bocce is a very popular sport, the organization says it is important to keep in mind that the game involves throwing stones at a large target.
""There are two ways to play the game of bocce. In the first, a group of boccatori throw a ball at a fixed location on the court, while in the second, boccasers throw a ball over a line that extends outwards from the center of the court,"" said the Massachusetts bocce organization.
The boccesol is the lowest ball in the game of Bocque. Boccace is also known",5.21,6.73,0.889,0.871
PRC,prc_c4_s100_t300_n2048,n=2048;g=128;t=1;r=2028;eta=0.005;zeta=0.045,"A month ago, India had commissioned world’s first 100 percent solar-powered airport in Cochin. Recently, India’s greenest"," city, Thiruvananthapuram, achieved its goal of cutting dependency on power from thermal power plants by 45 percent in the last seven years.
However, a major question remained unanswered: Why were solar panels and windmills not installed in most Indian homes? As of now, only one or two percent of our country’s population resides in households that are powered by solar energy, which can be attributed to a lack of access to solar panels. This brings us to our first template.

Person A: Did you hear about the solar-powered airport in Cochin?
Person B: Yes, I did. It's amazing how they managed to power the entire airport using solar energy.
Person C: I think"," airport raised the bar by becoming the first in the world to commission the solar-powered thermal management system, is reported The Hindu
Can this be possible for other airports in the world? I think so. And there’s ample research and progress available to other airports, particularly the airports that are in hot areas.
So, let’s see how they are doing that so far.
Solar energy has indeed proved to be the life-saver in the current times. It’s huge prospects in aviation sectors are getting bright.
Certain challenges for implementing this technology need to be addressed. Designing an aircraft/airport with innovative technology is the key to achieving a sustainable future, and we need to think of investing time and money in developing solutions for these challenges.
Reduce dependence on fuel and carbon emissions
Energy conservation is the key in achieving your carbon footprint reduction goals, it’s one of the most prominent and successful ways to tackle climate change. Reducing carbon emissions and reliance on fuel can help airports achieve their sustainability goals.
With that said, solar energy at airports is expected to play an important role in mitigating the risk of aircraft warming and provide a great opportunity to reduce carbon emissions. Furthermore, it offers great benefits such as cost savings, energy independence and security, and durability, etc.
In the current situation, we are witnessing a massive shift in passenger traffic in a short period. This surging growth creates a strong demand for additional energy.",5.91,13.2,0.931,0.902
PRC,prc_c4_s100_t300_n2048,n=2048;g=128;t=1;r=2028;eta=0.005;zeta=0.045,"Stately palm trees reach to the blue sky.
The city of Split, and majestic mountains, far off in the distance.
Looking up from"," the city to the sky.
Cultures throughout the Mediterranean.
The water in the city is so clear.
With its green valleys and the sparkling water of the Adriatic Sea.
The beautiful Mediterranean coastline.
Dotted with the green mountains of Dalmatia.
A great mountain near the town of Trogir.
Stands tall above the city of Split.
The town of Trogir.
The small town of Paljatica on a hilltop.
The great mountain of the Plitvice Lakes National Park.
The famous town of Trogir.
The mountain on the outskirts of Split.
A great mountain in Dalmatia.
A beautiful mountain overlooking Split.
Mount Ris"," the mouth of the sea.
What we need to remember is that our world is full of art, and that we, as humans, are capable of making our way out of our dark and messy world. You may find your art is in the smallest places, or might be something that you draw during your spare time, but the fact remains that it is within all of us to use our hands to make something beautiful.
Hand-drawn art, be it of something of art itself, or simply a picture for your notebook, is perhaps more important than ever. It is the generation who lived through a century of technology, and it is our responsibility to remember that today, and to not let things become too impersonal, to the detriment of the value that art holds in our lives.
Posted in Culture, Education, Society	| Tagged art, Culture, Environment, Film, Film Adaptation, Films, Graduation, History, inspiration, Inspirational, Inspiring, Inspirational Speakers, Industry, Interview, Journaling, Lecture, Learning, Memories, novella, Podcast, Pop Culture, Reading, Reading List, School, School Life, Schooling, society, students, Speaker, The Great Gatsby, Thoughts, Writing	| 3 Replies
Laughter, The Key To Success
Posted on November 7, 2017 by Juan
Life is difficult, sometimes joyous, and quite often both at the same time. Stress is the word",8.8,9.74,0.845,0.895
PRC,prc_c4_s100_t300_n2048,n=2048;g=128;t=1;r=2028;eta=0.005;zeta=0.045,"Showcasing Mosaic hops and a delicate blend of malts, this Extra Special Bitter was brewed with the very finest ingredients available. Naughty",", naughty!

To brew this delicious beer, you will need 500g of barley, 300g of light-colored malt extract, and 300ml of fresh hops. Let's get started!

Brewing the beer:
1. Heat up water to a temperature of 80C (176F). This will be used to create a solution that will help your ingredients mix together.
2. In a big pot, mix the barley with the heated water and let it sit for 45 minutes.
3. Now, add the malted barley extract and let it simmer for an hour.
4. After an hour, add in the hops and let it boil for 20-40 minutes.
5. Once the boiling is done"," by Nature first introduced this beer at the American Society of Brewing Chemists National Convention in Atlanta in 2006, and it quickly gained popularity among beer enthusiasts. However, the unexpected twist is that this beer is not just any regular beer. It is infused with the knowledge of Biology, Genetics, and DNA sequence.

You may be wondering, how can a beer be related to Biology and Genetics? Well, let me explain. In the world of brewing, the fermentation process relies on the presence of yeast, a microorganism that consumes sugar and produces alcohol. Yeast is essential for turning the sugars in the malt and hops into alcohol, and its selection plays a crucial role in the final product. This is where genetics come into play. Yeast strains are carefully selected based on their genetic makeup, which affects their ability to ferment sugars and produce desired flavors and aromas.

The DNA sequence of yeast plays a crucial role in determining its characteristics. It is a genetic code that contains instructions for the yeast cells' metabolism, reproduction, and other vital processes. By studying the DNA sequence of different yeast strains, scientists and brewers can gain insights into their genetic traits and select the most suitable ones for brewing.

Now, let's bring this knowledge into the world of Naughty by Nature's Extra Special Bitter. The brewers at Naughty by Nature meticulously select the yeast strains with the most favorable DNA sequences for their unique brewing process. These yeast strains have been specifically chosen to produce the desired",4.45,3.32,0.898,0.888
PRC,prc_c4_s100_t300_n2048,n=2048;g=128;t=1;r=2028;eta=0.005;zeta=0.045,"Refind is featured in Swedish business weekly ""Veckans Affärer""
The future is finally here. That's what an article in Ve","ckans Affärer (in English: ""The Financial Times of Sweden"") proclaims on the cover and also, in a new section, titled:
""The Future is in Your Head"". The new section will present technology news that matters from a societal perspective.
Forskning is also featured in Swedish business weekly ""Industra""
Articles about the future of work with research-based solutions to the challenges of digitalisation are being published in Industra. In one article, researcher Ingrid Högbo and professor Lars Henrik Wennberg introduce the term ""Refind"" and use the example of Swedish media company, Norstedts, which has made great use of the term in their internal strategy development process.","ckans Affärer magazine had to say. This is the continuation of a series of previous articles by Dr. André Kieff.
The future is here
Editorialist and professor Ralf Leemans also refers to a collaboration between Dr. Kieff and Dr. Niels Jespersen, president of Oxford DeepMind. It may turn out to be one of the longest collaborative research projects in history. The goal: predict future behavior based on current data.
The experiment features a simple 4 by 4 grid game. The player either places a stone (player one) or takes a turn (player two).
The players move in a simple configuration. There is no capture or exchange of stones. Each turn, the player makes the move that leads to the most (potential) future stone positions. A player that captures three stones in a row wins. That can happen in four ways.
The bot is not a conventional agent. It does not look for potential future positions of stones and choose the best possible move. Instead, it determines whether any of its own positions may be surrounded by a ring of stones. It also selects those positions where the available stones are likely to create many future stones of a similar shape.
If the bot succeeds in doing this, it then determines the most promising move, based on what kind of stones it will create in the future.
But how does a bot that cannot foresee future moves know that a particular stone shape may appear",21.62,13.6,0.94,0.894
PRC,prc_c4_s100_t300_n2048,n=2048;g=128;t=1;r=2028;eta=0.005;zeta=0.045,DOLPHIN FASHION CORP. is an entity registered at NEW YORK county with company number 2297344. DOLPHIN F,ASHION CORP. is recognized as a charitable organization under the tax code.,"ASHION is committed to creating clothing which will emphasize the beauty of these uniquely beautiful, endangered, and aggressive ocean mammals while informing and educating public support for endangered species. We aim to change the way clothes are seen by society, offering ""fashion for conservation"", clothing that is appealing, fashionable, and safe for all ages. Our active participation in the campaigns of ocean protection will be carried out through the website www.sigourneycottage.org, an online platform that connects wildlife specialists and adventure guides with adventurous customers and participating stores. By design, our clothing will provide enjoyment and add to the health of the endangered ocean environment.
*Mandate: Each product must contain one visible 30% Minimum Annual Percentage Based Minimum Amount of Donations of either: 25% of net profits or 10% of annual sales (whichever is greater), to the protection and recovery of the critically endangered Southern Right Whale, the official National Marine Mammal of the State of Massachusetts, and the species is found in the waters off the west coast of the United States of America.
$1.00/item for sales over $100.00 in any one transaction (call your local retailer to find out if your favorite DOLPHIN store is participating in this unique ""Fashion for Conservation"" program today).
*Switching partners: February 2010 – With regards to giving contributors the ability to choose another organization or brand on which to donate our full cost basis, we were not able to get the methodology right",24.17,21.22,0.977,0.929
PRC,prc_c4_s100_t300_n2048,n=2048;g=128;t=1;r=2028;eta=0.005;zeta=0.045,"Congratulations, this is no B.S. free zone!
Visual artists are visual thinkers! So we made anatomy books for artists. They don't"," need science to draw or sculpt. They don't need anatomy. They just need to know how a body works, how bones and muscles work.
The Art Anatomy app helps you do just that, with more than 12,000 photographs from hundreds of human models and figures, complete with labeled bone, muscle, joint, and nerve structures.
When you've finished this app, you'll find that your models can move better. When they can't move, you'll see what's wrong. And when you're ready for the real thing, you'll have the body mechanics, so the training will come easy.
With the right body mechanics, you'll never be afraid to try again.
If your artwork is moving or non-moving"," have to be terribly big or expensive. If they contain only black and white line drawings of the body, so much the better. But they shouldn't be too large to carry around or too small to be of use. The purpose of this book is to help beginners become more confident in using their hands. Since an understanding of anatomy is the foundation of any drawing technique, the volume should cover every part of the human body.
Athletes, medical students, and others who need to know how the body functions should buy the anatomical reference books rather than those specifically designed for artists.
Size is not particularly important. It should be large enough to be handy, without being so large that a bookcase needs to be purchased. We have tried to make anatomy books as user-friendly as possible, making them as large and clear as possible. They should, however, be less expensive than art books of the same size.
What other books has The Creative Writing Center produced?
We have provided feedback and writing prompts for poets, songwriters, playwrights, cartoonists, and more. Read our literary fiction blog to get tips and ideas from today's top writers about making the most of your creative practice.
How can I order books for more than one class?
Order in bulk if you have more than 15 students. We will reduce the price if you order more than 20.
Order only the books you need for your students. Don't order anything else.
If you",11.63,9.51,0.911,0.903
PRC,prc_c4_s100_t300_n2048,n=2048;g=128;t=1;r=2028;eta=0.005;zeta=0.045,"The stock market is the place where stocks and bonds are traded. Stocks are units of ownership in a company, and so they can sell their stock"," for a profit, or lose money if the company does poorly. Bonds are loans that you can give to a company, and you are promised a certain rate of return (which can be in the form of interest payments) over a certain period of time.

Finally, there are options. An option is a financial contract that gives the owner the right, but not the obligation, to buy or sell an asset (like a stock) at a certain price, within a certain time period. Options can be very useful when you want to make a quick profit, but they can also be very risky if you don't understand them well.

Now, let's talk about how all of this is related to the sentence ""What could it be"," at any time. Bonds are debt securities that a company or government issues to raise money.

Individuals can buy stocks and bonds through a variety of financial institutions such as banks and investment firms. These institutions allow investors to purchase stocks and bonds in different packages called mutual funds. Mutual funds pool money from many different investors and use it to buy a variety of different stocks and bonds.

The value of a stock or bond is determined by the company or government that issued it. If the company is doing well, the stock price may go up. If the company is not doing well, the stock price may go down. Bonds, on the other hand, pay a fixed amount of interest until they mature. When the bond matures, the investor receives back the original amount invested plus any interest earned.

Ethical Dilemma:

In the years 1650-1700, many colonial settlers in North America were involved in the slave trade. Slavery was common in many parts of the world at this time, but it was also widely criticized as immoral and unethical.

The slave trade was driven by the demand for cheap labor in the colonies, which needed workers to grow crops such as tobacco and cotton. Many plantation owners relied on slave labor to make a profit, and they were willing to pay high prices for slaves in order to get the labor they needed.

However, there were also many people who opposed the slave trade. They believed that it was wrong",3.11,2.36,0.9,0.886
PRC,prc_c4_s100_t300_n2048,n=2048;g=128;t=1;r=2028;eta=0.005;zeta=0.045,"You can rely on Sure Betbuilder S to present the very best service when it comes to Builder in Mc Leansville, NC. You'll need"," to get in touch with them if you're looking for the very best builder or remodeler in Mc Leansville, NC, and you'll be able to rely on them for a complete solution. You'll never ever need to depend on a building company that's not well known for their high quality work.
The best solution to find a professional contractor for house remodeling, renovation, or building is to look at the previous jobs they have executed. If they are not able to present you with photos or videos of prior jobs, then they are probably not ready to make that call. You'll have to take into consideration what is essential to you and what type of house remodeling or building you are attempting to do.
When hiring a"," to come up with a trustworthy and reliable contractor as well as you don't want your home to be a disaster due to the fact it was not well built or the materials that were utilized are of the cheap variety. We will assist you in finding the best builder Mc Leansville, NC, that will ensure your project is done properly as soon as and for all. While you may think it's not important to seek the services of a house building company, nevertheless, that's far from the truth. You have to choose the services of a building company that makes use of the best equipment and materials. Even for the most straightforward of building, you must seek the services of Mc Leansville, NC, to provide you with superior home builders who are highly trained as well as knowledgeable.
It is a must to thoroughly select the services of the builder Mc Leansville, NC. Making the best option can make the difference between a good and a fantastic home for you and your family. You will need to find a constructor that has years of experience in offering excellent services. There are some people that have the tendency to make mistakes when they are starting a building project. An error could cause problems down the road and can trigger you significant headaches. That's why it is essential to choose the services of Mc Leansville, NC, home builders that have years of experience as well as have provided excellent services in the past. When you work with the services of a reliable and reputable builder, you",8.43,7.67,0.896,0.86
PRC,prc_c4_s100_t300_n2048,n=2048;g=128;t=1;r=2028;eta=0.005;zeta=0.045,The more times your children go under general anesthesia but it's not. This will be the 3rd time one of my children gets to experience this., He had to have a procedure in May of 2009 and he has a 1/2 hour gap between the first two and the third one.," The outcome they seem to have is similar after surgery and the days of recovery, a very bad case of the stomach bug, and short temper.
I think the question is when do you start bringing up the results of a screening test? I realize your kid isn't old enough, but it's best to be prepared.
Sorry for the late answer. He's 3 years old now and we are all adjusting. I am learning about how to discuss pain and why and how he will want to say when he needs help. He's pretty speech delayed (late talker) but is very bright. I'm at work most days with no relatives who I could be coming home to let me care for him and my anxiety is higher. These are all things that are causing stress for us and everything is on his tumor board meeting this afternoon. Hopefully I can have some extra brain power to process this next weekend. We will find some time. I think we are a good family. He adjusts fast and will heal so fast. I think we just need to use our powers of prayer. It's hard when you lose faith and good nerves.
This sounds like a stressful time. I'm not sure if you should share your news with your son's preop team; they likely have experienced similar times and hopefully, they will support and assist.
I'll be home on Friday and will see you as soon as I get home (I won't be there while the kids are at preschool Friday",22.16,20.3,0.966,0.91
PRC,prc_c4_s100_t300_n2048,n=2048;g=128;t=1;r=2028;eta=0.005;zeta=0.045,"Alameda is a locals town, which is why we opened a local, non-corporate coffee joint, run by people who love an amazing cup"," of coffee.” – Ben Lamm, The Bigger View, Inc.
5. “When you run a successful business that focuses on a small audience, you have the opportunity to create an emotional connection with your customers. For me, a great cup of coffee is a powerful way to build a relationship with my customers. They know that every cup is unique, each one is created with care and they are treated like family.” – Aaron S. Cohen, The Daily Grind
6. “It is a lot more enjoyable to work at a place where you enjoy what you do. That doesn't mean you have to like every minute of your job. But it does mean you should have a passion for what you're"," of coffee. We believe that most of our guests have spent years becoming accustomed to the ritual of the big-box coffee shop. When they first arrive at Out in Alameda, many of them say ""I've never had coffee like this before, this is incredible.""
We understand that everyone's body is different, but if you haven't had coffee like this, you're missing out.
We put coffee that really matters into every cup. Our ground green coffee beans are sourced straight from the South American region of Choco Crisp. We take the full roasting of our beans to a whole new level, as well. We roast our coffee to a high point of temperature in a special roasting oven, where the barista controls the roast time and temperature exactly to meet your taste. We use a combination of medium and dark roasts.
Like that, the coffee beans come from the farm to our roastery and then to Out in Alameda for you. That makes a huge difference in the taste. Why? If we used pre-ground coffee, the coffee would just be reheated and reheated, until it just tasted like… coffee.
At our roastery, we've designed a fun and efficient, open-flow facility that allows the coffee to be prepared with an open flame, a small grinder, and your favorite hot water.
But here's the most interesting part: We take our fair share of responsibility too. Every pound of coffee we roast,",7.1,10.7,0.909,0.897
PRC,prc_c4_s100_t300_n2048,n=2048;g=128;t=1;r=2028;eta=0.005;zeta=0.045,"Drinking is sometimes very fascinating especially as you hang out with friends; it is a fun and provides the feeling of well being. However, the odor"," that is given off by the person drinking can be unbearable at times. Therefore, when it comes to drinking at the pub, the odor of the person needs to be dealt with. Luckily, there are quite a few options to do just that. To discover some of the options, you will be required to read through this article.

Use A T-Shirt
You can opt to make use of a T-shirt to prevent bad breath. The T-shirt will help to prevent bad breath from affecting people all around you. What is important to note is that the shirt will need to be soft and loose enough to allow the breath to travel down from your mouth to the shirt.

Use Mouthwash
Before you decide on using"," that emanates after a drinking session is something that can make you very embarrassed. The good news is that there are some remedies that you can employ when you return home after a night out.
Looking at the good side, when you are the one drinking, you might decide that you are not wanting to get behind the steering wheel. This is the time when it is important to remember to also do a number of activities to get rid of the bad odors that might be left by your clothes. The first thing that you should do is to wash your clothes well with detergent. Make sure that you are putting it in the dryer so that all the moisture is removed. You can then spray your sweat ridden clothes with the disinfectant odor eliminator spray and let it dry up in the sun. The second thing that you should do is to wear the sweater for one day. This is to ensure that the moisture will help to eliminate the bad smell.
There are some things that you should look out for when you are out with your friends and considering remedies that you can employ; you should be aware that there are many things that can cause the awful smell to emerge from your clothes. It is important to note that these problems include women’s deodorant, perfume, lotion, antiperspirant as well as various medicines and foods. Most people will agree that the most common cause of the odor after a night out will be alcoholic beverages which are known to cause the metabolism",7.95,8.28,0.891,0.876
PRC,prc_c4_s100_t300_n2048,n=2048;g=128;t=1;r=2028;eta=0.005;zeta=0.045,"Today we are delighted to introduce you to FarmGirlRosePetals, a three-generation family farm based in Oregon, growing gorgeous flowers and freeze drying"," them to preserve their delicate beauty.
We’re thrilled to bring you on board as our latest partner in the Women Entrepreneurs Project. As part of WEP, we’re connecting women entrepreneurs like FarmGirlRosePetals with tools, resources, and the networks that help businesses flourish.
But we also hope FarmGirlRosePetals’ story gives you a chance to dive deeper into the story of small business ownership — and of business ownership by women.
Read on as we learn more about the remarkable FarmGirlRosePetals and what small business ownership means to them.
Founded in 2015 by Rose Petals, FarmGirlRosePetals brings a sense of beauty to the often-dull world of grocery."," them for you. We are most excited about our new PlantNuts!
Where are your farm girl rose petals grown?
Our farm is located in the Columbia River Gorge in the foothills of the Cascades. It is a beautiful area known for its abundant natural beauty, but it is also a very fragile ecology, marked by old growth forests, steep slopes and eroding stream banks. Oregon has a rich history of cooperative research on sustainable farming and herding practices that have helped farmers there reduce risks while maintaining profitability. We are fortunate to be located in a county with a cooperative extension service and three great universities and several other land grant institutions. All of these are dedicated to research and education that benefit sustainable farming.
We have learned from experience how important local markets are in supporting the kind of small scale farming that is most effective. While farmed in an economically viable manner and managed to reduce environmental impacts, we would never be able to maintain this small-scale operation without a robust market for our product. There is simply no substitute for fresh flowers grown locally when it comes to color, quality and flavor.
How did you get started?
Rose gardens first arrived in Oregon in the 1840s and most were located in areas higher in the mountains. Around 1890, market gardening began on the Columbia River floodplain, initially growing garden vegetables. The next decade or so saw the rise of cherries, which became the state's leading fruit crop. This in turn, spurred the emergence",9.71,11.56,0.891,0.93
PRC,prc_c4_s100_t300_n2048,n=2048;g=128;t=1;r=2028;eta=0.005;zeta=0.045,Cascara (Cascara sagrada) by Eagle Peak Herbals: This North American shrub is a well known laxative and colon," cleanser. It stimulates contraction of the intestines, which assists in the elimination of waste material. Cascara also helps to improve the motility of the colon so that bowel movements are more frequent and easier to expel.
Dandelion (Taraxacum officinale) Root by Nature’s Answer: Dandelion root is rich in B-complex vitamins, minerals such as zinc and selenium, flavonoids, and polysaccharides. Many of these nutrients help to promote and maintain healthy liver function. This, in turn, encourages the production of bile, which assists in digestion. The flavonoids and polysaccharides in dandelion root stimulate the liver to produce more bile,"," cleanser that also stimulates the liver. It promotes a healthy flow of bile which is used for cleansing in the digestive tract. Although not very pleasant to take on its own, mixing it with juice or adding to tea may help. Some minor side effects may include abdominal cramping, diarrhea, nausea, heartburn, or headache. Be sure to consult with your physician before using this herb.
Tannic Acid: It is used to help treat diarrhea and aid in the elimination of waste from the digestive tract. It acts like an astringent and causes the membranes in the colon to contract. It can be taken orally as a tea or as an oil topically. Some side effects may include diarrhea, stomach upset, and headaches. The dosage varies from person to person but should be no more than ten grams in any one sitting.
Fennel (Foeniculum vulgare) by Eagle Peak Herbals: This herb is beneficial to the liver, helps with spasms of the digestive tract, relieves colic and constipation, and detoxifies the system. It is also a known antispasmodic. Some side effects may include gas, diarrhea, cramps, or headache. This herb is best taken internally for upset stomach and used topically for colic or as an astringent. The dosage is about a teaspoon of the herb two or three times a day.
Burdock (Arctium lappa) by Eagle Peak Herbals",4.42,5.94,0.919,0.893
PRC,prc_c4_s100_t300_n2048,n=2048;g=128;t=1;r=2028;eta=0.005;zeta=0.045,"Thymoquinone protects DRG neurons from axotomy-induced cell death.
OBJECTIVE: Peripheral nerve injury (PNI",") affects a large percentage of the general population; for example, a high percentage of patients with spinal cord injuries (SCI) will develop PNI. As the leading cause of PNI after SCI, distal-to-proximal transection (DTR) of the thoracic and lumbar spinal nerves and brachial plexus injuries are a growing source of concern for clinical neurologists, rehabilitation specialists, and other healthcare providers. This study evaluated the effects of thymoquinone (TQ), an isolated flavonoid, on injury-induced cell death of DRG neurons. METHODS: DRG neurons from adult male rats (n=15) were subcutaneously injected into the",") causes axonal injury and neuron death that induces a range of neurological deficits including epilepsy. Currently, we have no established treatments that reduce these side effects of PNI. Preliminary studies have suggested that Thymoquinone (TQ), a major constituent of ginger, inhibits extracellular Ca2+ levels, changes neuronal activation and reduces cell death. The aim of the present study was to evaluate whether TQ can protect DRG neurons from cell death induced by craniotomy following PNI. METHODS: THP-1 neurons were differentiated into DRG neurons by seeding DRG precursors, followed by culture in continuous medium supplemented with TQ. After 15 d of differentiation, primary neurons were killed with paraquat-induced PNI or fluroquinolone (FlQ). At 3 h post-PNI/FlQ treatment, cells were washed and cultured in 24-wells plates for 24 h. Cell death was measured as percentage cell survival, and fluorescence activated cell sorting was used to determine apoptotic and necrotic cell death. In separate studies we investigated TQ's effect on neuron viability, in vivo morphine-induced cell death, and LPS-induced cell death. RESULTS: Mature DRG neurons cultured with TQ had a significantly increased percentage cell survival compared to neurons treated with saline or vehicle. TQ-treated neurons had reduced Cr+ uptake, and greater neuronal activation compared to untreated control neurons. We also found",7.3,8.26,0.942,0.914
PRC,prc_c4_s100_t300_n2048,n=2048;g=128;t=1;r=2028;eta=0.005;zeta=0.045,"– Handouts will be uploaded to the website 10 minutes before the webinar.
– Please stay muted (turn off your microphone) during the web","inar so that the presenter can hear the recording.
– This webinar will be recorded and will be posted for future reference. If you are uncomfortable with recording, you can email your login details to dna@dsfcc.com to access a private version of the webinar.
Webinar #4: Working with Children Who Experience Adversity
Webinar #5: Trauma-Informed Education: An Introduction to the Core Concepts
Webinar #6: Trauma and Student Learning: The Effect of Trauma on Development, Emotional Regulation, Behavior, and Academic Performance
Webinar #7: Understanding and Addressing Trauma for Black, Indigenous, and People of Color Students
Webinar","inar to prevent disruption.
– This is not a recording and recording will not be uploaded, we will assess the learning afterwards.
SUMMARY OF THE WEBINAR
The rise of lobbying and unpaid political influence:
A brief overview
Disclosure of lobbying activities, limits of the political traditions of this country, governmental legal changes, new regulations
Relationship between lobbying and the Independent Adjunct Professorships (IAPs) in law
The influence of the law on lobbying. – Which issues has lobbying come to affect? Which areas, sectors, etc. are lobbying now illegal or subject to internal restrictions?
Disputes arising in relation to lobbying, with a focus on breaches of regulation.
Lobbying and diplomacy. – Which methods are used to lobby politicians and authorities? Who gets to do that? How does that affect other states?
Constitutional constraints on lobbying. – Which are the legal limitations concerning lobbying in Germany? Which provisions already affect lobbying activities? What can be done to reduce undue influence by lobbyists?
Blurred lines between business and politics. – Why is corruption such a major issue? Where does lobbying become corruption? What is the difference between lobbying and donations?
Sign up here for the next HHLG webinar. To find out about more HHLG webinars, please visit www.hofgek.de/ollgs-webinar.html.
Financial obstacles to giving
Political risk in",6.28,14.97,0.898,0.91
PRC,prc_c4_s100_t300_n2048,n=2048;g=128;t=1;r=2028;eta=0.005;zeta=0.045,"The page provides the exchange rate of 26402000000 Emirati Dirham (AED) to Japanese Yen (JPY), sale and conversion rate"," of local products and services in the Emirati Dirham, the Emirati currency in UAE, the top 20 companies in the United Arab Emirates (UAE), the Emirati economic crisis, the Emirati companies and industries, Emirati economy, and a map of the UAE.
The Emirati Dirham is pegged to the US dollar.
The Emirati Dirham was introduced on 1 January 1972. The peg was changed to a fixed exchange rate of AED 2.80/US$1.00 in February 2003, and then to a flexible band of AED 2.84–2.86/US$1.00 in May 2003. On 12 November 2005, the United Arab Emirates (UAE) Monetary Authority (U"," of exchange. Japanese Yen can be utilized in countries such as China, Thailand, Vietnam, Malaysia, South Korea, Taiwan, Cambodia, Singapore, Indonesia, Bangladesh, Taiwan, the Maldives, Myanmar, Pakistan, Laos and Burma.
Our customer support team is always on standby 24/7. Therefore, we are always happy to assist the public on any matter, whether it is questions about our products, or inquiries on request. Feel free to contact us anytime!
OUR COMMITMENT TO THE COMMUNITY:
Promoting environmental awareness to fight deforestation and save environment by working with several environmental organisations such as the National Nature Foundation, which projects the current threats of nature-based human damage to be irreversible and urges for the community to have healthy, diverse and safe habitats.
Our business practices are in full compliance with Singapore's Anti-Money Laundering and Counter-Terrorism Financing legislation. We also offer the BOI Fast Track (Traditional) and B2B VAT registration.
PRE-BUY EMERGENCY SOLUTION
ADVANCED COMPUTER SYSTEMS
GIVING BACK TO THE COMMUNITY
5th Feb 2018 – AU
5th May 2018 – PH
14th Jun 2018 – IE
http://www.mtmconsulting.com/
Address: 13,3041, Hong Kong Concessions, Ma Liu Kwan Road, Tsim Sha Tsui, Kowloon, Hong Kong, China
Get to know",7.35,13.26,0.864,0.933
PRC,prc_c4_s100_t300_n2048,n=2048;g=128;t=1;r=2028;eta=0.005;zeta=0.045,"CELEBRATIONS reminds us to celebrate the seasons of our lives. Remember the summer fresh-garden herbs and vegetables, the familiar tastes of autumn"," pheasant or venison, the rich flavours and warmth of winter ciders and stews, and the fresh and light feeling of spring salads and fruits. Eat seasonally, from the bounty of nature, and your heart will be filled with joy and gratitude.

THE BREAD OF LIFE

_**The simple act of making bread is often as soothing and centring as eating it.**_

'The bread of life' can refer to a metaphorical bread (e.g. the 'bread of friendship'), but in this chapter we're talking about the simple act of making bread—a nourishing activity which can help you to slow down, and find stillness and peace. Bread making is a time-hon"," and winter? When is the last time you ate a meal that you grew yourself? There's a hunger and a need for community that returns when we return to our connection to our land and our dependents. We will bring you recipes and ideas for making meals using herbs, roots, greens, fruits, and vegetables.
Kliatsaris, Leland. The Rewilding Process: Ecosystem Restoration Approaches to Water, Plants, and Animals. White River Junction: Chelsea Green Publishing, 2017.
Albu, Tyler, and Alan Heilbrun. Rewilding for Health. White River Junction: Chelsea Green Publishing, 2015.
Rouse, John and John Christensen. Bringing the Wild Back: The Ecosystem Restoration Movement in America. White River Junction: Chelsea Green Publishing, 2004.
Huey, Edward. The Season of Our Lives. New York: Harper Collins, 2010.
Write your own: Get Your Readers Involved: Retest Them!
For many writers, marketing advice tells us how to cast our net over a wide area, so that readers find us. We're caught in the maw of a sieve and screen, with our valuable words flowing past. We get a little shell-shocked. And then there's the idea of getting back to our real story: our own particular brand of fiction, and learning how to play the advertising game.
To be blunt, get out of your own head to get to the head",8.1,13.95,0.921,0.904
PRC,prc_c4_s100_t300_n2048,n=2048;g=128;t=1;r=2028;eta=0.005;zeta=0.045,Consider replacing the flapper and inspect the inside of the tank to see if there is any build-up preventing a proper seal. Also inspect the lift," chain to ensure there are no kinks that could be obstructing the water from flowing to the tank.
- Check the water level. The water level should be in the overflow pipe, just before it opens. If the water level is too high in the overflow pipe, water will overflow the trap when you flush. Lowering the water level will reduce the amount of pressure and will prevent the overflow of the toilet tank.
- If there is no water in the overflow pipe, there is a clog in the trap, and this water needs to be released to open the trap.
Flush a small amount of water into the overflow tube. If water comes out of the toilet bowl, the problem is resolved.
If water continues to"," chain to ensure it’s the proper length and not worn out. In some cases, the entire flapper may need to be replaced.
*This article is intended as general information and is not intended to provide specific advice concerning your particular circumstances. Always consult with a competent professional in connection with any aspect of home improvement and plumbing projects.
Standard
Regular
Repair
Purchase
Replacement
Puppy Training Service in Fair Oaks Hills: a
Puppy Training Service in Fair Oaks Hills:
Some pet owners look into dog trainers before they buy their puppies. And that’s a good idea. But what happens when the puppy is not potty trained or puppy destructive? A puppy that never stops barking? A puppy that does not respond to commands? This is where a dog trainer comes in and offers puppy training courses. The great thing about puppy training is that it teaches new behaviors as a puppy grows. A dog trainer is a great investment to see how your puppy will grow and develop.
A good puppy training course should teach basic behavioral manners, such as, sit, stay, down, heel, and obedience. However, the purpose of these courses is much more than these basic commands. The aim of a puppy training course is to teach your dog a good set of values, which includes training your puppy how to behave appropriately around other dogs and people.
Training your dog properly will help to make him or her more enjoyable to own. These training courses",5.46,8.06,0.845,0.897
PRC,prc_c4_s100_t300_n2048,n=2048;g=128;t=1;r=2028;eta=0.005;zeta=0.045,LEWISTON — The Calvary United Medthodist Church will hold its monthly bean supper at 4:45 p.m. Saturday,", Sept. 8, in the congregation hall.
The cost for dinner is $5 per person; children ages 2-12 eat free.
""We're going to have a wonderful night eating good food and singing songs,"" said church music director Jeff Durbin. ""People who can afford to give more, can give more.""
Prayer will begin at 4:40 p.m., followed by dinner.
For information, call 636-9181.
(c) 2010, Johnston County Register and Mail. Provided by ProQuest LLC. All rights Reserved."," at Quality Food Market at 4005 W. Bellefonte Ave.
A few years ago, a man with a hearing aid asked a friend for a favor. The friend asked him to come to the Calvary United Methodist Church to learn sign language.
The man arrived at church around noon, was in class for an hour and a half, then drove back home.
Such stories are not uncommon.
People with disabilities or who have caretakers often feel left out. That's where the Bean Supper initiative comes in.
""We felt there was a need for a program that would be accessible to and inclusive of people with disabilities, the elderly, and people caring for someone who is disabled. We also wanted to connect this organization with agencies that could serve people with disabilities,"" said Pastor Ann Tickner.
The group had planned to hold the weekly bean supper on the second Tuesday of each month. However, in talking to people in the area, members found that Calvary and its immediate neighbors all want to have a supper on Saturday nights instead, Tickner said.
The bean supper is free and open to everyone, and may include hot dogs, steamed vegetables, baked potatoes, cornbread, soups and fruit punch.
Tickner said the event won't be shuttled into any other building so it can be ""accessible to all.""
The Calvary United Methodist Church has a wheelchair ramp, wiffle ball field,",8.89,10.05,0.951,0.914
PRC,prc_c4_s100_t300_n2048,n=2048;g=128;t=1;r=2028;eta=0.005;zeta=0.045,"telecommunications and Entertainment Company in the universe!
As a AT&T Portables Retail Sales Consultant, you’ll get to know communication"," and technology and find the right products to help our customers reach their goals, whether they have a large business that needs a fleet of telephones or an individual that needs their first telephone.
We’re looking for someone who is outgoing, team oriented, detail oriented and will be able to sell our high quality products.
We have the training to show you how to sell telephones, routers, telecommunication devices, modems, and more!
What type of work would I be doing?
AT&T has a training program to help people in the retail industry build their skills. AT&T Portables have a variety of sales and service representatives available to help our customers in the telecommunication industry find the right equipment for their home"," devices and audio/visual equipment that our customers will use to connect with family, friends, customers, and the world.
The Role of a Telecomm / Entertainment Sales Consultant
The success of any business relies heavily on customer satisfaction. As a telecomm / entertainment sales consultant, you’ll work closely with our sales team to increase customer satisfaction.
Your primary responsibilities will include:
- Solving customer issues
- Meet with and discuss products and services
- Work to ensure a positive customer experience and increase customer satisfaction
- Create unique client proposals to bring a new perspective to clients
- Attend sales training workshops
- Pitch new solutions and products to potential customers
- Work within your company to support the following goals: customer satisfaction, retention, and exceeding sales quotas
A typical day might consist of:
- Give technical product demonstrations or in-depth presentations
- Meet face to face or via phone/Skype/Videophone with customers to determine their needs
- Evaluate company-customer relationship and identify opportunities for improvement
- Attend regular meetings with sales and operations teams to share progress updates and new strategies
- Create sales plans and implement them
- Visit clients to provide training, troubleshoot issues, and share updates
- Attend industry trade shows and conferences to network with other professionals
You may also get to sell the latest AT&T products!
Schedule a Consultation
AT&T Offers Competitive Benefits to Telecomm Sales Consultants",10.56,8.43,0.9,0.898
PRC,prc_c4_s100_t300_n2048,n=2048;g=128;t=1;r=2028;eta=0.005;zeta=0.045,"Get the latest information on the building project.
Want to see a specialist without traveling out of town?
Health topics just for women.
Johnson", & Johnson is committed to helping you with your healthcare questions and concerns.," & Johnson site doesn't work
This site is for informational purposes and is not a substitute for professional medical advice, diagnosis or treatment. © 1995-2021 Johnson & Johnson Consumer Inc. All Rights Reserved. This information is not intended or implied to be a substitute for professional medical advice, diagnosis or treatment. © 1995-2021 Johnson & Johnson Consumer Inc. All Rights Reserved. This information is not intended or implied to be a substitute for professional medical advice, diagnosis or treatment. All trademarks are property of Johnson & Johnson or its affiliated companies. You are being directed to jnj.com/get-help for assistance with a medical emergency. Call 911 immediately if you think you are experiencing a medical emergency. To contact Johnson & Johnson Consumer Inc., visit jnj.com/contact-us.
Tick-borne Disease Map
Read the latest health and medical information from Johnson & Johnson in English and Español.
Copyright ©2022 Johnson & Johnson Consumer Inc. All Rights Reserved.
Global Products
Consumer Safety and Recalls
Careers at Johnson & Johnson
Careers at Johnson & JohnsonJ&J Careers
Corporate/Ethics
Patient Assistance Programs
Notice of Privacy Practices. This Privacy Policy details how your personal information is used and may be disclosed when you access and use Johnson & Johnson's websites and certain mobile apps. Please see the Legal section on our main site for additional information on our legal entity and our international operations.",14.42,3.43,1.0,0.869
PRC,prc_c4_s100_t300_n2048,n=2048;g=128;t=1;r=2028;eta=0.005;zeta=0.045,"Who am I? What's this all About?
You could say I grew up traveling, when I was young I lived in Lagos, Nigeria",", which gave me an opportunity to meet and learn from different cultures. When I grew older and started traveling to different countries, I always came back to where I grew up and realized that what I liked about Lagos was the people and that I could not find in other places.
It was during those times of travel that I started to notice the lack of self-expression and the lack of creativity in my communities. I found that people were not able to express their own beliefs, they were not able to express themselves because they do not have a space to do it.
I wanted to provide that to young people. I wanted to create a space for young people to express themselves in their communities. We started in Lagos but we are now"," for 8 years and I returned to the States and I went to a couple of different high schools. I was a writer, I love, the more words you could come up with the better. I also came from a religious family. I grew up a Jehovah's Witness. I've been to prison. I spent 4 and half years in prison. Now, I spend a lot of time in the System. Like you, my 4th-grade reading level is in the 1st or 1st-1st grade range.
I have a few times done the Portland Mason prison six month program. I have a lot of trouble when I get out. I've lost my license a couple times because I can't read my traffic tickets. I've been in and out of jail because I can't read my traffic tickets. I have been on parole three times and twice I've broken the law on parole. I have a lot of really bad credits on my record. I have 35 felony convictions that I have to explain to the probation officer every time I get out.
Rhoda: Why do you want to get into the system? Why do you want to get educated? What is your motivation here today?
Healing Our Community Reentry Program
I remember going to school and like I said earlier I didn't understand anything. I was getting into trouble a lot because I didn't understand what was going on around me. It really angered me because I didn't understand why I",8.0,9.58,0.882,0.873
PRC,prc_c4_s100_t300_n2048,n=2048;g=128;t=1;r=2028;eta=0.005;zeta=0.045,A PROCEDURE assessed by NICE (National Institute for Health and Care Excellence) and used in research led by the University of Birmingham has been hailed," as a new and exciting approach to supporting people living with cancer.
This is the first time that NICE has endorsed the use of a digital service for mental health conditions as part of the cancer pathway.
The service, known as the Virtual Health Programme (VHP), is developed by the Institute of Cancer Research (ICR) and Cancer Research UK's Stand Up To Cancer Catalyst Programme. The programme was established through an £86 million investment from Stand Up To Cancer to tackle the hardest-to-treat cancers.
Patients who are referred by their GP or cancer specialist to a specialist cancer psychological assessment are linked with a nurse-led support service based at the ICR.
The VHP is an online digital toolkit that brings"," as one of the best predictors of future heart problems following a heart attack.
The research, which was published in The Journal of the American Heart Association (AHA), also found that while these risk factors cannot be changed (such as age and sex), most can be improved.
A study of more than 12,000 heart attack patients across 53 hospitals and 140 doctor practices in the West Midlands found that predictors of future cardiovascular events differed for women compared with men.
The research also identified that those at the highest risk of a future cardiovascular event were significantly younger, had a history of diabetes, and their disease was diagnosed within a few years of a previous event.
The preventative procedure is designed to identify people at high risk of future cardiovascular events and health deterioration and suggest lifestyle changes and medication to prevent these occurring. The procedure takes around three to four minutes to administer and requires a nurse to apply a special do-it-yourself adhesive patch to the patient's chest.
Professor Peter Weissberg, medical director at the British Heart Foundation, which helped fund the research, said: ""While we know that heart disease is not inevitable, knowing if you are at high risk of having heart attack or stroke in the future can help you make lifestyle changes and think about how you would cope if it happened, so you can start preparing and planning.
""But we also know that helping people to manage risk factors such as high blood pressure, smoking, poor diet or obesity is crucial to",6.48,6.4,0.919,0.904
PRC,prc_c4_s100_t300_n2048,n=2048;g=128;t=1;r=2028;eta=0.005;zeta=0.045,"Vayam Technologies Ltd. has successfully executed Uttar Pradesh Common Services Centre project under National eGovernance Plan across Uttar Pradesh. In 2010, Govt",". of UP initiated an open-source E-Governance program and deployed the Vayam Open-source eGovernance System (OSS). The state government of Uttar Pradesh, along with the State Bank of India, deployed Vayam Open-source eGovernance System in April 2010 for digital enrollment of individuals in the banking system. Vayam also implemented a project on e-Governance for Uttar Pradesh's Department of Electricity.  Vayam developed the software in association with other organizations including the National eGovernance Division, Govt. of India.

Vayam Technologies Ltd. developed a project on e-Governance for the Uttar Pradesh State Pollution Control Board (UPSPCB). The implementation of this project"," of Rajasthan signed MoU with Vayam Technologies Ltd. to implement Non-Tax Revenue Generation through-PRINT at Automated Enquiry and Filing Application. In 2011, Govt of Rajasthan signed MoU with Vayam Technologies Ltd. to implement Non-Tax Revenue Generation through-Print at Direct Benefit Transfer. In 2011, Govt of Chhattisgarh signed MoU with Vayam Technologies Ltd. to implement the eGovernance programme under NAM Akansha programme and the Best Practices MPS. Government of Karnataka State signed MoU with Vayam Technologies Ltd. in January, 2012, to implement and support the State eGovernance Programme. The state government of Maharashtra signed MoU with Vayam Technologies Ltd. in 2012 to implement Electronic Service Delivery Project and various eGovernance initiatives in the state. Government of Orissa signed MoU with Vayam Technologies Ltd. on the eGovernance Project in October, 2012. Vayam Technologies Ltd. has also implemented nearly 50 Govt projects across the country.

Political career
Vayam had started his career as political aide for former MP, Dr. Lata Mangeshkar. In 1999, while researching for his doctoral thesis at JNU, Vayam met Dr. Anwarul Islam Khan, who was the president of JNU Students’ Union at that time. Vayam got interested in politics after hearing about the Bengal",9.52,6.8,0.867,0.869
PRC,prc_c4_s100_t300_n2048,n=2048;g=128;t=1;r=2028;eta=0.005;zeta=0.045,Free Download Mp3 & Mp4 2 lines sad urdu poetry|2 line shayari|Asim malangi|||2," line rumi madrasi||2 line shayari hindi
https://www.free-love-poems-in-mahari-language.org/wp-content/uploads/2020/12/love-poems-mahri-language.jpg 800 1200 Free Love Poems https://www.free-love-poems-in-mahari-language.org/wp-content/uploads/2018/03/FLPML-Logo.jpg Free Love Poems2020-12-11 12:34:352020-12-13 09:58:07How to Love Someone from a Different Religion? Top 2 Poems by Mahari Poets
Top 10 Free"," love poem in hindi hymn|||Malgo Songs|||At-Tariqa-Salah|Takiya Salah |Kislah |2 Muslim Tablighi Jouz|Sultanbhai binar/buthin/bharbhai/bhiari/nilbandh
Hope I managed to solve the problem! :)
Posted by: Biglamanj^2074: It's currently on the 2nd. day at 14:10 Ithoor munnu packoo|006079|10th musharaf 1827|poo me hain||bin gayo me hain||calamChrisdbroken.html|hamdelaina||5 months ago|||Khalifa Abdul Wadud| |13th August 2022||February 2022
mp4 turkish song download free of pr | Dramas and comedy singles in hindi without tts download|Classify poems in english|Portuguese sad love poem| 100 easy songs audio without vocals in english download|Music and trailers original english dub |clark combs lyrics|shivya single - song|español deslibrando el contento|romans and josephus grief poem|
Hi - can you please delete the ugly section between the lines. Thanks!
-
Some bloopers from this song, plus links to hiPP concert that I performed at!",6.15,101.71,0.852,0.935
PRC,prc_c4_s100_t300_n2048,n=2048;g=128;t=1;r=2028;eta=0.005;zeta=0.045,"Born 1952; Education: Elmira College, B.A.; attended School of Visual Arts, and New School for Social Research.
Offıce",": Co-founder, director and chief film maker of Cinéma Vérité, Inc., NYC since 1975. Award-winning journalist, documentary filmmaker, author, educator and public speaker. Currently lives in New York City.
Media Resources and links
Video & Audio on the Internet: www.videoartspace.org/tvart/cve/index.html
Books by Cinéma Vérité: http://www.cinemaverick.org
The CineMaverick: http://www.cinemaverick.org/
Videos of interviews with Cinéma Vérité founders: http://www.moviemaker.com/index/",": publisher, Love Quarterly.  Married and mother of two young daughters.
#refer_reg_source_edition
January 5, 2019: New York, NY – for Columbia University Press 
Title: Black Girl Dangerous
ISBN: 978-0-231-51876-3
ABOUT DR. LEONARDA-KAREN DANIEL-HERNON
Leonarda-Karen Danielle-Hernandez is an anthropologist who researches on Voodoo, Pan-Africanism, Feminist Philosophy, the feminist motherhood studies, race, Africana studies, the Media, and Culture.
She has taught in High Schools, in the University and Community Colleges as an adjunct professor.
She has also been a Guest Lecturer and Visiting Scholar at several schools including; City College, Bard College, New York University, Rutgers University, Columbia University, State University of New York at Purchase, Peter Lang Graduate School of Applied and Professional Psychology, Queens College, and New School for Social Research.
According to Amazon Books review for Black Girl Dangerous, ""I wish I had found Danielle-Hernandez earlier when I was going through my Mom-Brain: dang, there's a weight behind every step, I have no time for hobbies, I'm never seen without a child, I'm setting a bad example for my daughter and I know she's holding me back – these days I use the term 'Mom-Brain' to describe how",7.09,13.52,0.877,0.918
PRC,prc_c4_s100_t300_n2048,n=2048;g=128;t=1;r=2028;eta=0.005;zeta=0.045,Cluster comprises IBM's Opteron-based eServer 325 server and systems management software and storage devices that can run Linux and Windows operating systems.," The hardware can run up to 4,800 blades in a single rack; each blade contains a cluster control node (CCN) that runs IBM i or Linux and is connected to up to 40 cluster processors, which contain eight cores each.
The cluster software, known as Cluster Application Server 3.0 or CAS 3.0, provides all the tools and libraries necessary to deploy an IBM i enterprise cluster, IBM said.
The software features a built-in database designed to work well with the IBM mainframe, and it is capable of handling complex data mining and clustering applications that require parallel processing. It also allows users to manage, secure and monitor the clustered applications.
E-mail encryption is included in the system to make sure","
""This offering will be a most effective management and compliance tool,"" said Wipro's CTO, Nigel Hilton. ""Within a limited number of organization-wide initiatives, this can augment internal Linux management and compliance through global vendor governance, management and monitoring. It will integrate the eStore with IBM Security SMT Software so that it can easily manage the big data systems and source code databases used by the applications. The components of the management service provide an effective and easy to use integration into the environment.""
Clusters will manage databases and access files, such as source code, revision control applications, web applications, email files, SharePoint and other document files. With other institutions having years of experience in deploying and managing software and servers, this outsourcing project is the next logical step in digital management and compliance of large volumes of data.
More enterprises are moving away from using proprietary operating systems to Linux, such as Red Hat Enterprise Linux. These types of high-value operating systems not only pose risks for security, reliability and long term viability; however, organizations have struggled to identify best practices for keeping software and operating systems up to date with patches and requirements, even with complete coverage of servers. Newer software uses fewer components and integrates better into new services. With the volume and velocity of data, even newer systems may pose a challenge in deployment.
This service is available now in the UK, Ireland, Australia and New Zealand for a range of industries, including financial services, pharmaceuticals,",11.19,22.59,0.922,0.912
PRC,prc_c4_s100_t300_n2048,n=2048;g=128;t=1;r=2028;eta=0.005;zeta=0.045,Follow the pace of one of the most popular extreme sports in the world. Featuring fast animation and 3D elements provide the flesh and blood of the video,". This is the best way to learn how to master the sport.

<url_end>


Rewrite:

Learn How to Master Extreme Sports with These Top Tips!

Mastering extreme sports can be an exhilarating and challenging experience. It requires not only physical strength and agility, but also careful planning and risk management. In this article, we will provide you with some top tips to help you become the ultimate master of extreme sports!

== Steps ==
# First things first, determine your level of skill and experience in each type of extreme sport. This will help you understand which sport is suitable for you. It is important to always push yourself to improve, but also know your limits and gradually increase the"," that makes it so visceral and compelling. It turns the seemingly complex task of building a community from the ground up into a gut-wrenching tale about the callousness of human survival instincts in a cutthroat environment.
A brief crash course in microfilm
Cinema Smackdown: Inside the Midway: Roger Ebert gives us another hit film in his review of ""Aurora"".
Take the ice again: The new Elsa.
Those familiar with Disney's media mogul-esque The Walt Disney Company will recognize its recent deal with Universal Pictures (U-B-S) to release movies on the new microfilm rollout from the likes of DreamWorks and Sony Pictures.
The deal, brokered by DVD distributor PUSH Worldwide, stems from the multi-year partnership that has allowed digital distribution powerhouse PUSH Worldwide to gain access to the studios' reels of film that had been relegated to the vaults and mothballed in the wake of the digital revolution and the digital cinema boom.
As the animation film industry moves to the alternative-exchange-trading desk on Wall Street, the companies will swap film and animation rights to seven films, including an eight-part cartoon series, ten action movies, a TV show and a TV movie.
There was nothing more sinister than knowing which credits were found in the air.
How they roll: A glance at how much money is being spent on building digital cinema in the U.S.",3.39,19.64,0.915,0.927
PRC,prc_c4_s100_t300_n2048,n=2048;g=128;t=1;r=2028;eta=0.005;zeta=0.045,"After we left Zihuatenajo, needed fuel and water so we took a left turn in to Acapulco Bay. The Yacht Club"," was in the foreground. We were in the Bay for over a month. I made several trips to the top of Pico de Orizaba, a 2,200-meter (7,000-foot) peak. I did the hike on my own and climbed more than 3,000 meters (9,842 feet) in two days. There were no roads up to this point.

From the south coast up through the mountains of Morelos, we had three more days of sailing and several more days of snorkeling. By this time, most of the locals in Baja had heard about my trips and they greeted me with a smile. I learned that they had a ""dry spell,"" and that this is a"," was very proud of their immediate improvement.
Their only brother for a short time, now a French sailor.
Aquarium me, my family, one more time, one more set of grand kids.
Beautiful Mississippi River sunset.
Chosen as winner of the 20,000 Prix de l'Esprit Naturel article of 1999.
I found a blacked out 7 blade screw propeller from 1954 sitting on the side of the road when I was planning to repair the right motor to make the bottom pound again. We also had to replace some cracks in the keel. We spend the night in the boat making repairs. That's the beautiful thing about a 40 year old shell it's still new.
Gambian Whale Shark is a truly solitary dweller of the deep. This majestic creature weighs more than 2 tons and is 3-6.5 m in length. Specialists have found live Humpback Whales in the North Atlantic, but the likelihood of finding the Gambian Whale Shark in the Mississippi River Estuary is unknown.
- Dr. Alex Dieser, Integrated Biology Florida Atlantic University Graduate Program in Biological Sciences – Coastal Marine Researcher International researcher and author of 200 scientific publications in 44 years (50% in 2001-2018) for: Marine Taxonomy, Ichthyology and Evolutionary Biology.
One of the wonders of nature!
What is love? That question comes up all the time in interviews with famous people. Bill",10.09,26.78,0.909,0.933
PRC,prc_c4_s100_t300_n2048,n=2048;g=128;t=1;r=2028;eta=0.005;zeta=0.045,"Kalanchoe is an eye-catching succulent, displaying large heads of bright orange flowers during the winter. Ideal for basket or pot, the Kal","anchoe will flower again during the summer.
This plant is perfect for any beginner’s collection of plants because it is very easy to grow. It needs little maintenance and can survive almost anywhere. Kalanchoe is very easy to propagate – cut a leaf stem and plant it in the ground or in water.
4. Aloe Vera
Aloe Vera, which is also known as Aloe Barbadensis Miller, is a succulent and is one of the most popular houseplants in the world. It is easy to grow and does not require much maintenance.
Aloe Vera is native to Africa, but it is now grown worldwide.
It is a hardy plant and can survive in a wide range of conditions.","anchoe may also be suitable as a trailing plant. Kalanchoe comes in a range of sizes, so selecting a plant from a pot is often a better option than purchasing one from a nursery in the spring or summer. The Kalanchoe grows best in bright indirect sunlight; avoid direct sunlight as too much light can burn and scorch the plant. Kalanchoe tolerates low humidity, so allow it to dry out between waterings.
One of the most popular plants for basket-making is cascading geraniums. This particular variety will be known for its lush, dark-green foliage and prolific flowers that will cascade down the sides of baskets and containers. Geraniums are very drought tolerant and resistant to fungal diseases. The geranium prefers a sunny and warm climate.
Get the name of a reputable supplier or distributor. A lot of local nurseries stock basket making plants, and some even offer classes on how to make baskets from a variety of plants. If your area doesn't have any basket making classes or suppliers, you may need to find someone with the time and skills to teach you how to make baskets.
Choose a plant that has the most foliage and is tall enough to reach the basket you are making.
Place the plant where you will be making the basket.
Plant it in the center of the basket.
You can also have a portion of the basket gather around the roots of the plant.
Cut away any parts of the plant that",4.34,7.34,0.891,0.891
PRC,prc_c4_s100_t300_n2048,n=2048;g=128;t=1;r=2028;eta=0.005;zeta=0.045,"I was searching for Tahoe City Properties and have a question. Thank you.
I'd like to request a showing for 1380 SEQUO","IA DR SE, the listing #08551239.","IA AVENUE LATE OCTOBER 29th . I appreciate your prompt response.
I need to sell my home asap. Can you offer any more guidance?
This service is honest and courteous, plus they are very knowledgeable about real estate. So far, I have not had to fix anything and I have listed my home on the market.
Excellent service. He was always available to answer any of my questions and was honest with me about the entire process. He was very knowledgeable and forthcoming. I also recommended him to my friends and their experiences were just as positive as mine!
Thank you for the first time I have found someone I can really trust in the Reno Tahoe area. Mr. Flynn and his team are knowledgeable and answer all my questions and are extremely helpful and friendly. I would recommend hiring this team if you are looking to sell a home in the Reno Tahoe area.
I am both impressed with their knowledge of the market and the professionalism that they show when representing their clients. I am very satisfied with everything that the team at ForSaleByOwner has provided thus far.
They are honest, professional, and always willing to help! They are more involved with the sales process than I would have liked. I trust them with so many important things and feel very confident that they have my best interests in mind.
Just recently looked into buying a home. This all happened at 3 a.m. one night…thank goodness my wife",771.31,9.56,1.0,0.9
PRC,prc_c4_s100_t300_n2048,n=2048;g=128;t=1;r=2028;eta=0.005;zeta=0.045,"How Important is the Right Architect?
Architects shape our communities and our world, giving each country, region and neighborhood its own unique identity."," The American Institute of Architects reports that an average of 2.3 million U.S. construction projects are underway annually, requiring an average of 7.1 million architects to plan, design, construct, manage and oversee them.
While the field is diverse and competitive, an architect should share several characteristics with a new business owner, including vision, an appetite for change, curiosity and dedication to excellence.
What are the Best and Worst States to be an Architect?
The United States Bureau of Labor Statistics (BLS) projects a slow growth rate of 9% in employment for architects over the next decade, with 6,600 new jobs added per year. However, some parts of the U.S. can offer a higher-than-average"," Form follows function; design follows logic. But good design need not sacrifice economic need and the aesthetics of a building.
History has many examples of great buildings — from the First to Third Republics in France, Greece, and Spain, the ""Harmony in Design"" movement in Scandinavia, or the classicist architecture of Germany's Weimar Republic — places that were either leading or pioneering in their art and design.
A good architect is someone with many years of experience who can see design and creativity and master it to realize the business and economic needs of a project.
F.R. Michael Associates is a German born, American educated firm. Our team includes 25 senior architects and engineers that work closely with our clients to solve problems and create value. As architects we collaborate with the developers and clients to design buildings that work for their business and local community. Over the years we have learned to balance creativity and the high performance and efficiency of modern structures.
The most important person in any architectural project is the owner. But we recognize that there are many stakeholders, from realtors, financiers, contractors, consultants, neighbors, and government agencies that are all part of the larger picture. Our goal is to balance the needs of all the stakeholders to make sure that our client gets the best quality project within a reasonable budget and schedule.
We take on projects of all sizes, from the business office to a cluster of new apartment buildings to a new performing arts venue to the redesign",6.63,12.64,0.917,0.9
PRC,prc_c4_s100_t300_n2048,n=2048;g=128;t=1;r=2028;eta=0.005;zeta=0.045,"Belying expectations, Prasar Bharti has earned only Rs 58.19 crore (Rs 581.9 million) as revenue during the Commonwealth"," Games period—only 0.4% of its total annual revenue. The government also spent Rs 913.15 crore (Rs 9.12 billion) in this period.
The Indian media has reported that the government has spent more than Rs 10,000 crore (Rs 99 billion) to promote India at the Commonwealth Games. But the government has not revealed how much it spent for international media relations in general or for the Commonwealth Games specifically. It is difficult to calculate the cost of promoting India abroad in general terms since it includes expenditure for international marketing of various types, ranging from television ads, exhibitions, radio and print ads to conferences and events. The amount spent on promotions in a given year may vary depending on a number of factors, such as"," Games. It had incurred Rs 734.51 crore (Rs 7,340.55 million) loss during the 'special period' between March 17 and June 3, 2020 when sporting events were shut down. In that period, Prasar Bharti had run up an outstanding loan of Rs 13,962.05 crore (Rs 139.62 billion) from the Public Sector Banks (PSBs).
8. Cell phones are running out of battery for ever, not just during the pandemic – Here's what needs to be done
While the interest in solar has been growing among households, there are a lot of skeptics, and it can be difficult to provide convincing evidence of a clear difference between solar and grid electricity. Until recent years, India's installed solar generation capacity has stood at less than 2 GW in a country of almost 1.3 billion people.
The country got its first commercial-scale solar power plant in 1992. More than a quarter of a century later, there is still a major infrastructure gap, with only 8.1 GW of grid-connected solar capacity being installed. The country installed 10,000 MW of solar capacity between 2017 and 2018.
The reasons for this have been widely discussed, with lack of finance, payback periods for projects longer than government policies or regulations, and reliable power supply remaining potential barriers.
#Kashmir | After 'Blood Pact', Follow the Indian Army's Posture Up Against Pakistan
The Indian Army is all set",9.29,11.78,0.913,0.927
PRC,prc_c4_s100_t300_n2048,n=2048;g=128;t=1;r=2028;eta=0.005;zeta=0.045,"Marketers are employed in the public sector as well as the private sector.
Most people think of marketing as a strictly private sector activity, but the"," truth is that marketing is just as important to the public sector as it is to the private sector.
Public sector marketing is the marketing of products and services by the government agencies that help the government make the right decisions about its policies. Public sector marketing involves advertising, promotion, and distribution strategies that enable the government agencies to understand what people want and to get it to them.
In general, public sector marketing is more focused on government agencies than private sector marketing is on private firms, and so it is more like the commercial world. However, it is also quite similar to the public service world in many respects, as both are concerned with selling products and services at the right price and in the right quantity.
The public sector is the largest employer"," government plays a key role in producing and distributing goods and services, and marketing research is used to inform their business.
Some marketing researchers work for organizations that contract with the government. For example, the Agency for Healthcare Research and Quality (AHRQ) is the lead federal agency that promotes patient safety, provides evidence-based information on health care, and serves as a clearinghouse for health care research.
AHRQ’s customer-oriented function includes:
U.S. firms also rely on marketing research to develop marketing strategies to meet federal agencies’ marketing needs. This includes understanding federal agencies’ priorities, recognizing the factors driving purchasing decisions, analyzing different consumer needs and characteristics, and identifying effective strategies to gain government contracts.
There is little research on marketing in the federal government and the factors that contribute to employee job satisfaction. As a result, the skills and knowledge needed to be successful in this line of work is not well known.
Steps to Pursue
Marketing managers typically need a bachelor’s degree in marketing or a business-related field to find work in the private sector, and may have both a bachelor’s degree and an MBA. Federal jobs usually require a master’s degree, but you don’t need a specialized degree.
Here are some steps to pursue:
- Get a Master’s degree
- Join marketing associations such as the American Marketing Association (AMA), which publishes academic journals and organ",5.86,6.48,0.859,0.894
PRC,prc_c4_s100_t300_n2048,n=2048;g=128;t=1;r=2028;eta=0.005;zeta=0.045,"hey. I can not start any programs because of the error ""Access denied"" (see photo). What can I do?
To fix this it"," says that you need to add access to the program which is not the case because it works when you run it from the command prompt.
Also, the name of the program in the command prompt is not the same as the name you named it in your code (cant find any errors in the code, but something seems strange). Can you take a look at your code and try to figure out what's wrong with it?
Edit: My code is posted below and if it's unclear then feel free to ask
import java.util.Scanner;

public class Solution {

public static void main (String[] args){
    Scanner scn = new Scanner (System.in);
    String first,","'s better to move int A[100] = {1,2,3,4,5,6,7,8,9,10};... to before scanf()and int m[3]={1,2,3};... to after printf(""Ingrese M despues: "");, since scanf() reads string.

A:

In your program, m is a local variable and has a scope of function main(), therefore it will not be available anywhere else in your program. If you want it to be available outside the function, declare it as global variable.
Either change it to int m[100]={1,2,3}; or declare it as global like this
int m[3]={1,2,3};

For #1 to work, you should declare int m[100]={1,2,3}; outside the function first.
Also, the program will work by making a smaller change in the following code.
The problem is in loop s == 3 which makes an infinite loop.
if (( s == 0 || s == 1 || s == 2 )){

  printf(""\n \n \n"");
  printf(""Ingrese N (MOVIMIENTO): "");
  scanf(""%d"", &N);

  A = malloc(sizeof(A[N]));
  if (A==NULL){
",5.78,5.06,0.911,0.873
PRC,prc_c4_s100_t300_n2048,n=2048;g=128;t=1;r=2028;eta=0.005;zeta=0.045,Los Shapis – Volverás Mi NiñoSubscribe now!! http://www.dailymotion.com/GuapachandoThe Youtube channel entirely dedicated," to the show.

2014 telenovelas
2014 Mexican television series debuts
2015 Mexican television series endings
Mexico TV Producciones telenovelas
Televisa telenovelas
Mexican telenovelas
Spanish-language telenovelas
"," to observing these king penguins.
GEE News: Exploratory mission to investigate deep sea sediment collapse.En la grande nitagora influencia en el caos energético amplificado por los crecimientos de la temperaturaGlobal warming, fueled by the oceans, ocean acidification and the resulting circulation of El Niño, has been significantly increasing the rate of shifts from freezing to warm temperatures at depth in a region of the sub-Antarctic ocean. ""The resulting destabilization of the ice shelf also provides increased access to carbon-rich bottom sediments, making the shelves more susceptible to collapse,"" said Eric De Wever, lead author of the new paper and doctoral student in the University of Victoria's Department of Geography. Scientists from the University of Victoria, University of Hawaii and Smithsonian Institution have joined other researchers to better understand the role of the major Eastern Antarctic ice shelf collapse, nicknamed the Larsen A ice shelf. The most important data sets from that event suggest that the full extent of the disintegration occurred over nine months during the month of May 2002, caused by an intense local cold snap that triggered a slump of nearly 100 metres along the entire edge of the Larsen A shelf. The region is currently home to a record of 180 to 190 metres of undisturbed glacial deposits that have been frozen in place for as long as a million years. Over the past 50 years, about five million tonnes of carbon have been removed from the seaw",2.46,14.94,0.842,0.931
PRC,prc_c4_s100_t300_n2048,n=2048;g=128;t=1;r=2028;eta=0.005;zeta=0.045,"Too much? That's good because we were almost out of card puns for this one. Regardless of the terrible puns, we stand by what"," we think.
Here's the thing about the economy: if it has one, and people are actually spending more money, the stock market goes up. And why is that? Because people feel financially secure to buy, and businesses earn more money from these sales than they have ever made before.
That's a great reason to be happy! It means we are making good progress as a country. Now we're just trying to keep it going.
But there is a real danger in thinking that good economic times mean we shouldn't worry about the future. Because they don't.
Here's the thing: we may be in one of the best economic times in our nation's history right now, but the fact is that the world is changing"," we said yesterday. First is that Republicans should repeal the ACA right now. Second is that they should stop grumbling about it (Obamacare). And third is that the GOP should figure out how to make it better once and for all. The Republicans took great care to not bash Medicaid, but that is what it really is and it is a big deal. Here are three thoughts about how to improve Medicaid.
First, the Republicans should have run it better when they had it in Massachusetts. Instead of rejecting the Democrats proposals and turning it into a political platform, Republicans could have tried to make it work. Fortunately for them, the ACA took that idea and ran with it. Now if only they would bring it home.
Second, the Republicans could have expanded Medicaid for the same reason they supported Medicaid in the first place, out of compassion. Anyone making under 133 percent of the poverty level should be covered by Medicaid.
Finally, the Republicans need to fix some of the unintended consequences of ACA. The Kaiser Family Foundation estimated that from 2014 to 2015 3.3 million people in the 17 states that did not expand Medicaid would have been eligible to enroll in the program had the expansion taken place. Those 3.3 million individuals are currently left behind in Obamacare.
In looking at the Medicaid in other states, most people on Medicaid do get doctor visits, despite the low reimbursement rates. The reason is that Medicaid patients don't have to pay up front and then wait to be reimbursed. At",7.5,9.1,0.909,0.894
PRC,prc_c4_s100_t300_n2048,n=2048;g=128;t=1;r=2028;eta=0.005;zeta=0.045,"Friends, I have some pretty exciting news. I’ve been nominated me for a Liebster blogging award. This is an award that�","s given out every year to bloggers that have really worked hard, been creative, and have a great following. I�ll be notified of my chances, and the voting will start in a few days, so be on the lookout. For now, I�ll just say that I�m very, very grateful.
Hi Liz! What a wonderful surprise to learn that you have been nominated for a Liebster Award! Best wishes to you for your candidacy, and I would love to follow along and find out which bloggers are on the ballot for you.
Hi Liz,
Thanks for sharing the news! You deserve this.
Great blog as always!
Thanks, Mark!
Hey Liz
I just stumbled upon your blog and","s given out based on readers' voting (via a poll on my blog). This is a great honor. Seriously, this is my big moment, so I just wanted to share the news with you all. To win, I need all of you to vote for me. Even if you’ve never heard of me, I’d really appreciate if you would take a minute to vote for me, please (click here to vote). Thanks! I am so thankful for your support and I can’t wait to see where my blogging career is taken. Thanks again!
Note: only a member of this blog may post a comment.!
Hillary: In 2016, Can I Come Back?
Catherine Michelmore's The Glass Castle
What Hillary Still Won’t Say About Her Son’s Death
Has Hillary Clinton Begun To Lose Her Fr...
Remembering Margaret Sanger: A Pioneer in Pu...
It’s Been a Year Since the Tanning Bed Ban F...
Climate Change Report Says We Could See Close ...
Dams, Deserts, and Climate Change
Ashlee Vance: How to Win the Presidency in 2016
A Question of Power: Barry Goldwater
Hillary Clinton’s Long History of Kindness th...
Stress and Your Health: Black People and Chronic ...
Bullied While Black? Are Teachers Harassing You...
Painful Relationship Is One Reason Some Black ...
Concentration",9.58,12.59,0.891,0.917
PRC,prc_c4_s100_t300_n2048,n=2048;g=128;t=1;r=2028;eta=0.005;zeta=0.045,"Installed correctly including ASPI file. Will not work at all. It says BadCdD Repair can't access data! No kidding, neither"," can I!  It's just an empty folder at this point.'''
  
  if len(sys.argv) < 4:
    print 'Usage: ' + sys.argv[0] + ' <DODID you install this> <CDD path> [--reload] <ASPI name>'
    print 'For help, use --help.'
    print 'Note: The DODID you installed should be an absolute path to a CDD file,'
    print 'and the name you want to assign to the ASPI should be an absolute path to an '
    print 'ASCII file with all capital letters.'
    sys.exit(0)

  as"," can Flask! Please fix this ASAP. Running Repair now..."")
    print(""Failed.\nRemoving all discs from disc drive...\nFailed!\n\n"")


def repair_crash(crash_found):
    global found_crash
    file_size = 1 # Format multiple parts per drive space of 8K
    extract_part_size = 0

    # Check on repairs available.
    if os.path.isfile(core_crash_text_file):
        # Read the data from an existing repair text file.
        print(""Reading file: %s"" % (core_crash_text_file))
        try:
            with open(core_crash_text_file, 'r') as file:
                # Clear existing repair records
                with open(core_repair_text_file, 'w') as fix_file:
                    print(""Found existing text file, deleting existing entries."")
                    for line in file.readlines():
                        fix_file.write(""%s"" % (line))
                # Notify user that repairs are recorded in file.
                print(""Repair files exist. Repair program will rerun repairs, since jobs were completed."")
                print(""Re-run with '-J' in order to re-open files in 'repair.py' and repair them",6.9,7.21,0.887,0.871
PRC,prc_c4_s100_t300_n2048,n=2048;g=128;t=1;r=2028;eta=0.005;zeta=0.045,"Take a listen to this podcast about how ancient Cambodian dance continues to embolden youths in Lowell, Massachusetts. Anita Walker, Executive Director of Mass Cultural"," Council, spoke with Jessica O'Neill, a reporter with WGBH's All Things Considered.
While there are no hard statistics about the percentage of low-income youths who participate in Cambodian dance in Lowell, a recent survey of the dance teachers at two Cambodian American dance studios found that about half of their students are at or below the poverty level.
It's also unclear whether dance is having any impact on school attendance or whether other factors are influencing the youths to take part in Cambodian cultural activities. However, Anita said it's easy to see a direct correlation between the participation and the increase in self-confidence and self-esteem.
Anita Walker: There's nothing more important than self-esteem, self-effic"," Council, becomes one of the last speakers we heard before the panel's moderator, Rick Katchell, World Building Director at Khmer Cultural Center.
Boys and young men in particular are reaping the benefits of many groups such as SFBA, which help promote dance, musical theater, and movement-based arts.
So, let's dig into some of the reasoning why our bodies and our minds are our best tools to serve everyone.
What is the 'blue mind'? Can swimming help us relax?
Are We Made of Water?
Have you been trying to get away from the rat race or the coffee buzz? Humans spend so much of our time in this busy world worrying about our busyness, that we can forget to take the time for ourselves to seek relaxation.
Starting in February of 2014, Jim Galloway started focusing on this by building a saltwater infinity pool in his backyard. One that is now 20 feet by 60 feet, in the shape of an infinity edge. Two rocks frame it with an Aluminium casing. Since starting his pool, he is more relaxed, his mind more at ease, and can focus better.
He credits the salt water in the pool for these benefits. Although, he is careful not to claim that an infinity pool is the answer to all of his life's problems. ""No solution is perfect,"" he says. However, he does believe that the salt water will help him relax.
Julia Ross is an American author of",10.7,17.34,0.921,0.915
PRC,prc_c4_s100_t300_n2048,n=2048;g=128;t=1;r=2028;eta=0.005;zeta=0.045,The Fox6 is a multirotor drone surveyor with 6 carbon blades. Its solid structure and in-flight stability allows its use on a wide," variety of platforms, including fixed-wing, helicopters, and planes, making it an asset in many sectors. Its high lift-to-drag ratio and light-weight design give the Fox6 the potential for use in difficult environments and during missions with high risk. The flight time is usually about 25 minutes, however this depends on the payload weight and the air density.
The most important difference between the Fox6 and the DJI Mavic Pro, is that the former doesn't have a built-in camera. Instead, it features a custom-made, integrated HD camera with 4K resolution and full HD video. The camera also offers wide angle shots, panorama shots, and the ability to record videos on the go. In"," variety of survey applications from agriculture and forestry to infrastructure and mining. The Fox6 is popular because of its stability, robust structure and versatile operation. During operation, the Fox6 is able to be controlled at a stable altitude at maximum speeds of around 70 mph. No other multirotor drone offers the stability that the Fox6 does, creating a significant competitive advantage. Its advanced tracker makes it the first drone to measure the distance between objects in space, as it is able to create a 3D, point cloud map of the targeted field. This tool has been critical for agriculture and forestry practitioners using multirotor drones in precision agriculture.
The Scan5 is a high performance, multirotor drone designed for agriculture and forestry. It is compact and lightweight for aerodynamic flying with 8 blades made of carbon fiber for durability and flight efficiency. With a payload capacity of 2.5 kg it is able to be launched from the ground. This lightweight, compact multirotor drone was designed for precision agriculture applications for spraying, plant monitoring, and rapid and targeted laser scanning (see section on the laser scanning applications below).
Currently, no other drone meets the needs of the forestry industry. The limited payload capacity and slow speed restrict the capabilities of the multirotor drones currently on the market for forestry operations. Without a maneuverable drone, the operator is restricted to remotely patrolling large tracts of forest rather than being able to conduct targeted and accurate field work.
We have demonstrated an industry-first dynamic air",9.59,14.03,0.925,0.892
PRC,prc_c4_s100_t300_n2048,n=2048;g=128;t=1;r=2028;eta=0.005;zeta=0.045,Our 2007 Volvo XC90 Angled Ski Holder ships directly from an authorized Volvo dealer. Since 2000 we have offered secure online ordering and fast affordable shipping,. Our service ensures quality and peace of mind.," with advance payment discounts. Due to the design features of the XC90 Angled Ski Holder, space within the base of the XC90 is limited, so you must make sure to order from the XC90 only. Call our Volvo Parts Specialists for help, or order your 2007 XC90 Angled Ski Holder from the online store today.
Buy 2007 Volvo XC90 Angled Ski Holder Direct
2007 Volvo XC90 Angled Ski Holder Options
If your new 2007 XC90 is equipped with rear window defrost, the 2007 Volvo XC90 Angled Ski Holder is designed to fit behind the rear window. If the 2007 XC90 Angled Ski Holder doesn't fit behind the rear window, or there is no rear window defrost available, the Volvo XC90 Angled Ski Holder can be used on the XC90 roof rack. The Volvo XC90 Angled Ski Holder can be used with or without a roof rack. For a professional installation contact your local Volvo dealer.
Contact Volvo Parts Specialists about buying a 2007 Volvo XC90 Angled Ski Holder in Monroe, NC.
SUV Parts from CarPartsUSA.com
2007 XC90 Cab Cruise Control
2007 XC90 Airbag Remote LATCH Systems
2006 XC90 Water Purification System
2007 XC90 Windshield/Wipers
2007 XC90 Windshield Wipers/Seat Cover Systems
2007 XC90 LCD Dashboard",29.6,6.98,0.954,0.839
PRC,prc_c4_s100_t300_n2048,n=2048;g=128;t=1;r=2028;eta=0.005;zeta=0.045,"Stress, anxiety, inner emptiness, lack of focus, need to emotionally self-regulate yourself.
By using this unique method which teaches you"," to calm and centre the heart and nervous system it has been proven to be an effective way of getting your body back into balance and healing on many different levels.
Mind, body and spirit. It's a holistic approach, and we invite you to explore what it's all about, here.
Somatic psychotherapy uses a combination of body movement, breathing and conscious relaxation to reach deep within the body and nervous system and release the tension and emotions that cause pain and illness.
It's often called 'mind-body therapy' and is used alongside the talking therapy, because the two work together to heal the whole person."," the basics of meditation.
You’ll learn how to embrace your thoughts and use your mind to find the inner peace and relaxation.
You can actually use your mind to choose what you want to feel and experience.
You’ll become more aware of your consciousness during meditation and find it easier to help yourself cope.
What Is Meditation?
Meditation is the main point of this book.
Our activities of daily living actually involve both activity and rest. And what we’ve called meditation is actually our body’s deep rest response. This is the part of our mind that helps us sense what our body is feeling and thinking. When we’re doing yoga, meditating, taking a nap, or just lying down and relaxing after work or play. We’re entering into the deepest states of our consciousness.
When we meditate, our awareness and senses start to feel more connected. The sounds that we’ve never been conscious of before suddenly start to affect us and can become background noise. Our eyes may begin to feel more attuned, and our bodies begin to relax.
Our bodies are very sensitive and when we are in a meditative state. All of the senses are working together in a harmony way that makes us very aware of our surroundings and how everything is connected.
Our brain and nervous system then become more active. The nervous system starts to calm down and start to relax. This is the part of our body",8.76,8.8,0.921,0.874
PRC,prc_c4_s100_t300_n2048,n=2048;g=128;t=1;r=2028;eta=0.005;zeta=0.045,TNEA Rank list 2013: Tamil Nadu Engineering Admission (TNEA 2013) was conducted by Anna University Chennai for the admission to Anna University affiliated," engineering colleges for 2013 session. The number of seats for all categories were filled in a single day and no cut off percentage was given. TNEA Rank list is for all the categories combined.

References

Engineering colleges in Chennai
Educational institutions established in 1964
1964 establishments in Madras State
"," engineering colleges in Tamil Nadu in the batch of 2013.

Science & Engineering streams: Tamil Nadu Engineering Admission 
Anna University Chennai conducted Science & Engineering streams in the batch of 2013.

Total applicants were 12,696. 47.4% were female applicants.

Engineering colleges affiliated with Anna University, Chennai: Tamil Nadu Engineering Admission (TNEA 2013)

Admissions
An application process of 375 pages began at the age of 18 and lasted one year. The final score including a student's previous score and his/her performance in the Graduate Aptitude Test in Engineering (GATE) test, the Joint Entrance Examination (JEE) and the AIEEE test is used for admissions into each batch of the above engineering colleges. The colleges admit students in three streams for SAE streams and four streams for TNEA.

University Preparation Course (UPC)
University Preparation Course (UPC) is an integral part of the admission process in UT which was introduced in 2013. Students are admitted into undergraduate courses of engineering in Anna University, Chennai and engineering and architecture courses in Anna University Madurai through the entrance exam. Admission to other programs is based on the marks obtained in the state-level or national-level Common Pre-Engineering Test (CPET) and Joint Entrance Examination (JEE).

Rank

Institution

In 2010, A. G. Khan. M. Biosci. was",10.59,8.62,0.931,0.882
PRC,prc_c4_s100_t300_n2048,n=2048;g=128;t=1;r=2028;eta=0.005;zeta=0.045,"Shri Lal Mahal is one of the best manufacturer, exporter and supplier of empire basmati rice in Delhi, India. We provide world","-class services to our customers. At our company, the best quality products, innovative solutions, and unparalleled customer service are our top priorities.
Honey and rice: a match made in heaven. This is due to the sweetness of honey and the salty flavor of rice. You have to prepare the ingredients with utmost care to ensure that the combination of the two is tasteful and yummy. It is a delicious and healthy combination of the two. You can experiment by trying out different flavors of honey along with different grains and enjoy the best of both worlds.
What is the best kind of rice for me?
This is a tricky question because there is no one-size-fits-all answer. However, there are some general guidelines that"," renowned pure quality basmati rice at very nominal price range.
Published on: November 29, 2016
Category: Basmati Rice, Rice Information
Get 10% off your first order now and secure a FREE OF SHIPPING on orders above :
- in store
- online shipping
- asyashe
Please share your feedback
Mehrak Murad
4/11/2016 at 2:22 PM
A pleasant reading article. As Basmati rice is very delicate and right proportion of moisture has to be maintained in order to retain its original taste. So, I advise to shop only with them.
skashu babu
2/10/2018 at 3:09 AM
Harana Express
hyderabad
2/10/2018 at 8:03 AM
Shreyas Chaturvedi
Raye sub wholesale Pvt Ltd
Ramaun
3/10/2018 at 11:01 AM
Iggy
Endurance China Trading Co.Ltd
Asus District
2/12/2018 at 3:30 PM
navin grewal
2/12/2018 at 8:36 PM
baybridge
2/13/2018 at 8:37 PM
smarke15
2/16/2018 at 11:09 PM
Vitthila
Pusa Express
Dhandhuka
3/11/2018 at 1:37 AM
sbn mohan sing",7.77,17.25,0.9,0.902
PRC,prc_c4_s100_t300_n2048,n=2048;g=128;t=1;r=2028;eta=0.005;zeta=0.045,Ankylosing spondylitis is an inflammatory disease that over time can cause vertebral fusion in the spine. This fusion makes the spine less," flexible and reduces the mobility of the back. Ankylosing spondylitis can also be associated with inflammation in the hip joints, but hip pain is much more common in the front of the hip joint.
Although both conditions have similar symptoms and are treated similarly, spondylitis is not the same as ankylosing spondylitis.
The symptoms of spondylitis can be similar to rheumatoid arthritis. However, people with spondylitis often have other symptoms in their skin, eyes and organs.
Skin lesions can include rashes and eye inflammation. If spondylitis is left untreated, the immune system may damage other organs.
This can lead to a number of additional complications,"," flexible and can lead to significant deformity and disability in the affected individual. By utilizing stem cells, we may be able to reverse this process and potentially improve the quality of life for patients with this condition.""

Excited by the potential of this research, Michael asked, ""Do you have any specific goals for your studies?""

Dr. Petri smiled and replied, ""Absolutely! Our ultimate goal is to move from the bench to the bedside and develop a promising gene-based therapy that can help restore stem cell function in AS. We are hopeful that this therapy will provide new treatment options and improve outcomes for patients suffering from this debilitating disease.""

As the conversation continued, Emily and Michael realized the significance of the stem cell research in Ankylosing spondylitis. They left the meeting feeling inspired and eager to contribute to the field of regenerative medicine in their future careers as veterinarians.

The story of the stem cell research in Ankylosing spondylitis served as a reminder that scientific advancements hold immense potential for improving the lives of both humans and animals. Emily and Michael were determined to pursue their dreams of making a difference in the field of veterinary medicine, using their knowledge to help animals in need.

In conclusion, the story highlighted the importance of stem cell research in developing gene-based therapies for chronic inflammation. It emphasized the potential to reverse age-related stem cell dysfunction and restore tissue function, ultimately improving the quality of life for",5.02,3.26,0.877,0.894
PRC,prc_c4_s100_t300_n2048,n=2048;g=128;t=1;r=2028;eta=0.005;zeta=0.045,"Anonymous. 2019. Vanellus duvaucelii (Lesson, 1826) – River Lapwing. Birds of India Consortium (eds","). IUCN Red List of Threatened Species 2019: e.T2444A35142319. Retrieved 26 October 2019.
- ^ Anonymous. 2019. Eupodotis aequinoctialis (Scopoli, 1786) – Plain Bush-hen. Birds of India Consortium (eds). IUCN Red List of Threatened Species 2019: e.T2444A35142319. Retrieved 26 October 2019.
- ^ Anonymous. 2019. Otidimachus schisticeps (Boddaert, 1783) – Lesser Spotted Pitcher-bird. Birds of India Consortium (eds). IUCN Red List of Threatened Species 2019: e.T2444",".). Indri: Scientific Name Authority Files (database). Version 10.6. Posted: 2019-05-28.

river lapwing
Birds of South Asia
Birds of Pakistan
Birds of Afghanistan
Birds of Central Asia
river lapwing
river lapwing
Taxobox binomials not recognized by IUCN
!
Taxobox binomials not recognized by IUCN
Taxa named by John Latham (ornithologist)
Taxa named by Nicholas Aylward Vigors
Taxonomy articles created by Polbot
Taxobox binomials not recognized by IUCN
Taxobox binomials not recognized by IUCN
Taxa described in 1826
Taxonbars with 20 or fewer members
Articles containing video clips
Taxonbars with 21 or more members

pt:Criadores da Boca de Brás (Falco cuvierii)
fr:Coeur du lapin (Falco cuvierii)
it:Calduente (Falco cuvierii)
sv:Sverudshult (Falco cuvierii)
zh:城酒望鹰 (拉墓湖牙)
!
!
Taxa named by Nicholas Aylward Vigors
Taxa named by John Latham (ornithologist",4.62,4.44,0.859,0.859
PRC,prc_c4_s100_t300_n2048,n=2048;g=128;t=1;r=2028;eta=0.005;zeta=0.045,"Are you looking for specific features in a Palm Beach Gardens, Rainwood Florida home?
Customize your Palm Beach Gardens, Rainwood Townhouse MLS"," Search.
Palm Beach Gardens, Townhouse for Sale
The Palm Beach Gardens Townhouse Market is an incredibly active one. For Palm Beach Gardens, Townhouse Buyers, this presents an incredible buying opportunity.
Broward County Townhouse Prices:
Average Palm Beach Gardens Townhouse Prices:
Palm Beach Gardens Townhouse Price Range
The Palm Beach Gardens Townhouse market is currently at an all time high. This is due in part to the growing population of Palm Beach Gardens, and the continued increase in Townhouse demand.
With this comes increasing Palm Beach Gardens, Townhouse Supply, making Palm Beach Gardens Townhouse Prices increase.
Palm Beach Gardens Townhouse Prices by Type
When buying a Palm Beach Gardens Townhouse,"," listing for sale
The City of Palm Beach Gardens’ Code of Ordinances, 15-F-9, requires all owners or residents of residential property within the city limits to keep all fenced yards “clean and neat.” The city’s by-law, however, is a bit vague, and thus leaves a great deal of room for interpretation. That said, you can never go wrong with spending a little extra time maintaining your property. Not only does doing so keep your yard looking nice; it will also keep you out of trouble with your city.
One of the most important components of maintaining your landscaping is keeping the lawn mowed. This is where your Palm Beach Gardens mower might just come in handy. Most mowers can be rented at a reasonable price and can cut through thick clumps of grass and weeds. Be sure to use the proper blades for your mower. This will keep it from damaging the blades of grass. Also, make sure that your mower has a sharp blade. Dull blades can tear up grass and weeds, which can be unsightly and create more work for you.
Another important component of maintaining your landscape is pruning. Pruning trees, shrubs, and flowers can improve the appearance of your yard. Be sure to use the proper tools for the job. Clippers are perfect for small plants, but you may need a pair of pruners to cut larger branches. You should also use safety goggles when",5.86,5.28,0.83,0.903
PRC,prc_c4_s100_t300_n2048,n=2048;g=128;t=1;r=2028;eta=0.005;zeta=0.045,"Select a year for genuine Kia Sportage accessories.
We've been providing genuine Kia accessories and parts online at low prices since 2000. Our", products are high quality and we have satisfied customers from all over the world.," website offers thousands of aftermarket replacement parts, gears, accessories and upgrades for the Kia Sportage.
Kia Sportage insurance prices are a very important part of purchasing a new or used car. They're important because they help a driver ensure the car will be financially protected in case of damage or theft.
When someone decides to buy a vehicle, they are not only looking at the cost of the car itself. When purchasing a vehicle, it's very important to do some research into the total price the vehicle will cost. Vehicle insurance rates, for example, can vary quite a bit from driver to driver and by vehicle.
There are a number of different ways to obtain car insurance, including getting coverage through an insurance agent, purchasing insurance directly from an insurance company or deciding to purchase insurance through an online insurance company. Online insurance companies are often less expensive than other options, and this can lead to some significant savings. This can be a very good thing for a driver, but it's important that one also does their research to make sure the insurance company they decide on is trustworthy.
Kia Sportage Insurance Rates: What can you Expect?
A number of different factors can lead to high or low insurance rates for someone looking to buy Kia Sportage insurance. This means that insurance rates can vary quite a bit from driver to driver. Drivers who have a very clean record, a long history of driving and no prior history of driving violations will likely pay lower insurance rates. In",7.85,5.74,1.0,0.877
PRC,prc_c4_s100_t300_n2048,n=2048;g=128;t=1;r=2028;eta=0.005;zeta=0.045,Η GMC παρουσιάζει την Nightfall έκδ,"οση, ισχύσει την Δελτία του για αυτό του παγκόσμιου κατά το δικόποιο μου στην επιλεξόσπαση της καταγωγής φύσους μας να μορφωμήσουμε στο","οσης του τέχνου, στο Για Χάρηδου την Σκοπή συμπλεσιακής.

References

Parks in Patras
Greece
Geography of Patras
Tourist attractions in Patras
Sports venues in Patras
Water parks in Greece
1994 establishments in Greece
Zoos in Greece
Buildings and structures completed in 1994
2004 disestablishments in Greece
Zoos disestablished in 2004
History of Patras
Urban public parks
Greenhouses in Greece
Demolished buildings and structures in Greece
Buildings and structures demolished in 2007
2007 disestablishments in Greece
Zoos established in 1994
Parks established in 1994
2005 in Greece
2007 in Greece
2015 establishments in Greece
Modernist architecture in Greece
Contemporary Greek architecture
Buildings and structures in Greece
Amphitheaters in Greece
Amusement parks in Greece
Art museums and galleries in Greece
Events in Patras
2016 disestablishments in Greece
Buildings and structures demolished in 2016
Zoos disestablished in 2016
Parks in Greece
Entertainment venues in Patras
Open-air museums in Greece
Beaches of Patras
Year of establishment missing
2007 disestablishments",3.31,3.12,0.746,0.824
PRC,prc_c4_s100_t300_n2048,n=2048;g=128;t=1;r=2028;eta=0.005;zeta=0.045,"Quality First,and Client Supreme is our guideline to deliver the very best assistance to our shoppers.These days, we have been trying our greatest to be"," better at offering a variety of services to our consumers.For quality first things come first and to provide you with quality service is our primary goal.For the clients we are happy with our service.The only aim of us is to serve the clients at the finest.We are pleased with what we have achieved and if we can help you with any kind of questions, please feel free to give us a call.We guarantee you will be satisfied with our service and will appreciate the support provided by our staff.
This is a very difficult question to answer as it is very difficult to determine which is the best company as it is so personal. But, our opinion is that the best company in the market is Agragri. We believe that A"," able to serve the client perfectly and satisfy their demands.
Very Fast ShippingYou can use the secure, and easy payment methods that we’ve offered to our clients.You don’t need to have any issues with internet shipping and payment. We ship all of our orders on the next day.We’ve also partnered with the various couriers, so it only takes a matter of days.If you are a local resident, you can even have the order delivered straight to you. We’re the most affordable in the industry!
Lifetime WarrantyWe offer a premium quality in that most of our other hearing aids models come with a limited warranty of 1 year, and the maximum warranty we can provide is up to 2 years.We take the initiative of supporting our client and offering them full assistance and updates about the current offers.We might work harder to earn the client’s lifetime, which is why we provide an additional of a lifetime warranty.
Bonus Features and IncentivesOur hearing aids come with some exciting benefits that give our clients an added value. Our hearing aid offers a universal one-button volume control with the adjustable program. It also comes with automatic clean programs, remote control management, and additional features.All of these come with the third-party warranty, so you can be assured of maximum protection.
Great for People of All ages
The majority of our users claim that our hearing aids provide them with better sound. Our hearing aids",11.1,13.32,0.889,0.897
PRC,prc_c4_s100_t300_n2048,n=2048;g=128;t=1;r=2028;eta=0.005;zeta=0.045,"Mothercare's My First Velour Jacket is an adorable piece, super soft to touch and perfect for layering – a must have for your new baby",".
- What Is My Baby Doing Today?
- My First Velour Jacket in Colour: Pink or Green?
- My First Velour Jacket Price: £7.95
- My First Velour Jacket Reviews
- What Is My Baby Doing Today?
- My First Velour Jacket in Colour: Pink or Green?
- My First Velour Jacket Price: £7.95
- My First Velour Jacket Reviews
- FAQs
- What Is My Baby Doing Today?
My Baby is on the move
Even before your baby is born, you’re learning about their health and development. Here are some of the milestones you can expect.
It’s no surprise that babies’ health"," as winter looms.
The velour exterior will flutter like a butterfly, whilst the cute high collar flaps will help keep your baby warm. Thanks to its double-layer design it will offer perfect protection from cold temperatures without making your baby feel too hot.
If it feels a little on the chilly side, simply rock it a bit to cool your baby off. This particular range is made from 100% pure cotton, providing maximum breathability, and washed in 100% pure cotton.
So long as your first winter jacket is 100% cotton, at least this one will be perfect for your new baby.
- Water resistant
- 100% natural cotton exterior, perfect for layering
- Made in the UK
- Double layer design for optimal protection from cold temperatures
(See full detailed review here)
Yummuly Baby Bib
If you want a more functional baby winter wardrobe, then take a look at our best buy of the Yummuly Bib.
Made from 100% water resistant technology and with a short length, this piece offers enough coverage to protect your little one from the cold while providing enough freedom to allow them to move and breathe.
It is also designed to sit right at your baby’s tummy level, which will make it easier for you to put on and take off. Great for use on the go, with its slim design it will be compact enough to store away nicely, yet allow you to get dressed your baby in a j",4.76,10.72,0.817,0.893
PRC,prc_c4_s100_t300_n2048,n=2048;g=128;t=1;r=2028;eta=0.005;zeta=0.045,"Using pine for tank frame • Bearded Dragon. org.
Hello. I am currently building a custom tank thats being made out of plywood."," I would like to add in some pine, will it hold up for my bearded dragons? I am using 2x6 planks.
Thank you for your information, It made it alot more simple.
Do you know how the weight of the water will affect the tank? I would just like to make sure I'm not going to have to replace it often.
Thanks in advance!
Hi, I want to use pine for an aquarium tank. But, it's pretty expensive. Is it worth investing on?
Hi,
How long does it take for pine to decompose? I've heard that it is not recommended for tank frame or aquariums because after a couple of years it will release toxic fumes. So, I would"," The frame will be made out of 2x4 and 2x4 plywood I think. I have a couple questions. Do you think I should leave a 1/2"" hole, about 12 to 18"" above the water line? This is only for spraying water in the tank, but I will also use it to mount a filter. The tank also has a section where the tank pry bars go, on top of the wood.
I was thinking about using kraft paper, sheet rock and glass fibers with an epoxy binder. Would this be a good idea?
If not would you mind giving me a other materials that you would recommend?
Thanks a lot in advance for your help!
Are you using asbestos in this project, or any fiberglass? I would recommend avoiding the use of asbestos and fiberglass if possible. If you find some in the materials listed above, remove it.
Pistachio Tree Repotting--Alternative  Method - Make 1"" Hole In Bottom Of Planter - Idea From Pet Tales! - Ask A Vet! - A-Z-Animals - A-Z Animals! Great Weblog here.
1 comment:
Hi...I recently ordered a full tank base plastinated upside down (pine fir) with the lights mount to go with it...I realized I have no idea how to mount the lights. Any suggestions? Would you suggest gluing them to the bottom or the back? Thanks.
",11.12,15.46,0.905,0.912
PRC,prc_c4_s100_t300_n2048,n=2048;g=128;t=1;r=2028;eta=0.005;zeta=0.045,"After an even enough opening half, after which Monaghan led by three points, 1-5 to 0-5 while playing with the wind, any"," hopes of a comeback seemed dashed for Meath. But with two minutes to play, Pat Conroy and the Meath team rallied, and scored 2 points, 1-5 and 0-5. The momentum had turned against Monaghan, and even though they had a strong lead with just 1 minute left, Meath's comeback proved to be successful.

Exercise 1:
Why did Meath's manager, Seán Boylan, refer to this game as their ""biggest game of the year""?
A) He wanted to create hype and attract more viewers
B) The team had been training hard for this game
C) Meath had a strong chance of winning against Monaghan
D) They were determined to win"," slip up from either side could have swung it. ""My contribution here has to be the whole run as I was missing most of the first quarter, It was about these few weeks because of a combination of overtraining and repeated injuries"", Kerins said.

September
On 23 September Kerins lined out at centre-back in a National Hurling League division 2 game against Antrim. He scored 1-6 in the 67th minute as Antrim regained the lead from a goal. ""That was another tough game against Antrim but we took the lead with a goal from me in the 67th minute and after a bit of a struggle we stayed up, there will probably be no getting angry after that point"", Kerins said.

In the All-Ireland Championship Leinster quarter-final against Limerick on 3 October, Kerins scored 2-2 after 16 minutes to power Dublin's 3-19 to 0-14 win. ""It's been a really tough game against Limerick, they didn't start well but I scored two goals and I've had some strong shots out as well and so the score was up at half-time in the 3-13 to 0-14 net position and by the end of the game it was 3-19 to 0-14"", Kerins said. It was his only involvement in the game as he suffered an injury after 34 minutes. However, he returned for the semi-final against Galway on 6 October and was",6.06,9.56,0.902,0.89
PRC,prc_c4_s100_t300_n2048,n=2048;g=128;t=1;r=2028;eta=0.005;zeta=0.045,"If you are on the lookout for cost savings, your first thoughts almost certainly relate to product sales, blowouts, and bargains. The best location"," and a lot more favorable rates for a retail store do make a huge impact on the bottom line, but cost savings opportunities do not stop there. When a company evaluates its supply chain as a whole, it may discover several methods to reduce costs and produce profit. Here are a few of the best methods to lower supply chain prices:
1. Shop around for suppliers.
When a company evaluates its supply chain as a whole, it may find several means to cut prices and earn revenue. The initial step in this process is to assess all aspects of the supply chain, including production, distribution, and delivery of products and services. This will help identify areas for improvement, such as lower operating costs or more efficient processes. Other methods of reducing supply chain"," for cost savings is most likely in your product prices, and that requires some serious consideration to make sure that you find and stick with the most cost-effective product. This product also needs to be competitive with other firms’ pricing if you want customers to choose your business over theirs, so you will want to weigh your options before you make your final selection. If you are looking for more cost-saving options, you can also look to areas of the production process, your inventory, your labor and overhead expenses, and any other assets you have that can help you improve your bottom line. For example, if you are looking for less expensive labor or assets, it might be wise to look to other countries or less expensive resources.
Check out Levelland Dallas’s solutions to discover how to improve your bottom line.
Read about HID illumination at Dekko Lighting.
If you are a construction business, you probably know that the work you are doing on a day-to-day basis is just one part of the job. While you might be focused on completing the project in a timely fashion, your customer will also be looking for quality work and fast results. In today’s highly competitive world, you can’t afford to run a business with subpar results, so it is critical that you maintain high levels of work quality and efficiency. You will want to make sure that you have the best possible project management techniques and tools so that you can make the most",6.94,9.38,0.902,0.878
PRC,prc_c4_s100_t300_n2048,n=2048;g=128;t=1;r=2028;eta=0.005;zeta=0.045,"""Main feature has English subtitles. There are 4 bonus features including an alternative ending and all have English subtitles. No other subtitles in any other language."," However, there is a Spanish subtitle in the English version of the game called ""Habla inglés"" that gives a better translation.""

Reception

The Game Boy Color version received ""generally unfavorable reviews"", while the PC and PlayStation versions received ""average"" reviews, according to video game review aggregator Metacritic. Next Generation said of the former console version, ""While this game has enough depth to give it a couple of tries, it's nothing special — and what's the point when it's on a system with such limited capabilities?"" and of the latter console versions, ""The graphics aren't all that sharp, but there's enough here for fans of the game to dig right in"". Greg Orlando of Game"," No differences from any other versions."" It also states that a video that is identified as being in real time would appear to have dialogue out of synch with the on-screen action.  The NTSC box is also named EuroBox, USBox, and UKBox.

Censorship

Several countries have limited, banned, or refused to publish the Blu-ray release of The Lord of the Rings: The Return of the King due to various reasons, namely distribution and time constraints. In each of these cases, part of the film was either released or not released depending on the country in question, though most of them only covered the DVD release.

For example, in mainland China, the Blu-ray edition is covered by one sticker that has a flag over its cover. The name of the Blu-ray release is replaced with the name of the DVD release. A different sticker is used for each release.  The Blu-ray for The Lord of the Rings: The Return of the King has a sticker with an American flag over it, which indicates that the film contains some form of the NC-17 rating. Another alternate release of the film is available which is called The Lord of the Rings: The Return of the King. These are DVD releases with no censorship stickers and have different English titles. Other countries that banned Blu-ray release of the film include Singapore, Iceland, Turkey, and Bulgaria.

Due to the NC-17 content of the film",5.65,9.1,0.917,0.87
PRC,prc_c4_s100_t300_n2048,n=2048;g=128;t=1;r=2028;eta=0.005;zeta=0.045,The enterprising and energetic Franklin Food Elves soon will be canvassing neighborhoods all around Franklin collecting goods during the “12 Days of Donating”," in partnership with the Food Bank of Franklin County.
With a team of dedicated volunteers, you can join in making a donation by dropping off a bag of groceries at your local Food Bank for the Franklin County. During the “12 Days of Donating” the Food Bank is offering a free bag of groceries to anyone who donates a bag to a Franklin Food Elf."," campaign to raise funds for food pantries all over the greater Middle Tennessee area.
“We’re going into neighborhoods and businesses. If they give us anything, we take it,” he said. “We’re asking for things like cereal boxes, eggs and peanut butter. We’re taking whatever comes in. It’s local. We’re not taking imports.”
When asked why he felt it was important for kids to participate in donating to food pantries, Fechner said, “It’s a great act of kindness for somebody else. It’s a wonderful thing when you give, to give and help the less fortunate. In the end, a little bit of yourself does go a long way.”
Please make food donations to Franklin Food Elves at 1085 Cumberland Ave., Franklin or call 256-364-3623.
Technology Opens the Classroom Gates
Conducting a test run as a pilot school last year, the Marion Elementary School system found that one-on-one laptop learning is actually more accessible to children in a K-3 grade level than some more traditional systems, said Marion Elementary Assistant Superintendent Ray Hershel.
Currently, Marion elementary teachers are using the laptop system in two of the building’s three elementary wings. “This year, I want to use it in each of our three elementary grades to give every child access to some",12.56,10.88,0.899,0.908
PRC,prc_c4_s100_t300_n2048,n=2048;g=128;t=1;r=2028;eta=0.005;zeta=0.045,Editor’s note: The Consulate General of Belgium in Atlanta each month puts out a newsletter recounting its activities across the region and informing its," more than 7,000 Belgian-Americans that they are a bridge of cultural and political contacts in the world.
This month, the Consul General, Koen De Mael, shared the story of an international delegation visiting Georgia to learn more about the European Union and the impact of its recent decisions in Georgia, particularly its recognition of Abkhazia and South Ossetia as independent states. They also met Georgia’s Prime Minister, Irakli Garibashvili.
By Koen De Mael
I recently had the honor of hosting an international delegation from Belgium visiting Georgia to learn more about the European Union and the impact of its recent decisions in Georgia, particularly its recognition of Abkhazia and South Ossetia as"," citizens about opportunities in Georgia and the Midwest.
“The way I would like to begin with this newsletter is with an update on our society,” said State Counsellor Zosia Lange. “We recently celebrated our 90th birthday! The three founding generations of the Belgian community in the United States have gone through hard times, but also great occasions. They are very successful in different fields and both serve the American community very well. I am also delighted that members of our society have established a new agency at Kennedy Space Center in Florida, where they take part in research and support the latest developments in space exploration.”
Another highlight in the past months were a study on mobility and the coronavirus, a study on public access to renewable energy and an online program for businesses to implement the Civil Service Act of 1990.
It was for example in the study on mobility and the coronavirus that the local Belgian consulate demonstrated its expertise in an entirely different area, namely healthy and environmentally friendly mobility.
Travel made from home
“Research done by the State Counselor as a result of the initiative indicated that due to COVID-19, more and more people are traveling at home, avoiding public transportation or by car,” Lange said. “That is why we decided to look into ways in which our sector could make services more digital and easily accessible.”
For one week in the summer, 22 cooperations were held in which all members",6.21,15.81,0.884,0.913
PRC,prc_c4_s100_t300_n2048,n=2048;g=128;t=1;r=2028;eta=0.005;zeta=0.045,"Lease for $78 a month! Apply now.
Store, charge, secure, and transport up to 42 iPad or iPad mini devices.
","We have great deals going now in our current promotions!
Check out our new ebook, ""What to Do When You Can't Get an iPhone,"" to learn which Apple products would be best for you!
We love our community! Follow us on Facebook to join our exciting giveaways!","Document camera with storage and wireless capabilities.
Lighting control for one 200W fluorescent bulb.
Strong, sturdy spade with ergonomic design, you'll work hard, but won't be sore.
Heavy duty shovel with bag, the perfect tool for snow removal, gardening, and digging.
Relieve your friends and family of one more hassle with this handy strap and carport storage for small things.
Our folding folding ladder is perfect for stocking and inspecting high reaches, painting, or other use. It's lightweight, versatile, and easy to move.
Copyright © 2008-2017 Modern Rental Store. All Rights Reserved. Site by Wain-Dom Design.
$19.99 for unlimited access to the Design Hub directory.
Michelin Diamond Quality Rated tires and 100 percent warranty.
Up to 400 feet per roll-up siding.
Discount shipping of up to 6,000 square feet.
Lease a $35 fit to your space! (Your down payment will secure you the unit).
Schott Blue English Porcelain- Enamel- on-Glass Starburst Deep Clear Internal Bleach, 14.7 fl. oz.
Keeping the kids busy with arts and crafts during the colder months can keep you awake all night and leave you not wanting to join their morning madness. Now with a limited time offer, you can get a BRILLIANT ANTI-MULTIPLIER! Whether you're in an arts",15.35,24.6,0.952,0.934
PRC,prc_c4_s100_t300_n2048,n=2048;g=128;t=1;r=2028;eta=0.005;zeta=0.045,Camilla is a very gentle cat and she gets on well with both other cats and with dogs. She does not like small children. She's arrived," on my doorstep looking very scruffy but the lady at the pound said she is completely healthy and a good cat.

_Pippa, Exeter, UK_

If you do decide to rehome a cat, a good thing to do is to keep its litter tray and food and water bowls in the same spot in its new home and try not to move them around too much, which can stress the cat. If there are other cats in the household, the new owner should introduce the new cat gradually. Introduce the cats to each other using a door and letting them smell and hear each other's voices, then let them meet on neutral ground and gradually reduce the contact before putting them together in the same room.
"," from Southampton in my arms to be brought up alongside my cat you can see the smile on her face, and that's all I need to tell you about her. She's very special to me. (Camilla's owner).
Cats are warm-blooded, four-footed, carnivorous mammals that have retractable claws, keen senses of hearing, smell, and vision, and are at home both indoors and outdoors.
Cats are considered to be ""mouse eaters,"" though they will eat small mammals, birds, fish, and other birds, as well as various insects and plants.
Cats are popular domestic pets because they can be kept indoors and because of their many human benefits.
Cats' ancient cousins, the leopards and other big cats, have been human companions for thousands of years. The exact time of their appearance among people is unknown. Their appearance in ancient Egypt may have been very early. The earliest known cat was in the tomb of Merneith, a major goddess of Egypt (late 5th millennium BC)
Cats in ancient Egypt
Cats were even more important to the Egyptians than dogs were. Egyptians kept cats to hunt rodents such as mice and to protect grain stores from rats.
The cat goddess Bastet was associated with fertility and motherhood. Cats were believed to provide spiritual protection. Cats kept in tombs may have helped provide souls with a good harvest on the afterlife. The goddess Bastet's so-called """,6.95,7.99,0.905,0.9
PRC,prc_c4_s100_t300_n2048,n=2048;g=128;t=1;r=2028;eta=0.005;zeta=0.045,"Final Fantasy X introduces a new mini-game called, 'Blitzball'. Blitzball takes place in the water, you have to pass the ball"," on to a teammate as you swim from one end of the playing field to the other and try to keep the ball in the air for as long as possible. It's the only game in Final Fantasy X that can be completed in one playthrough. After this mini-game, a random event is revealed to the player. This random event includes items and items related to specific characters.

In the sequel Final Fantasy X-2, this item is referred to as ""Aqua Armor"" or ""Aqua Gear"". The player character, Yuna, is forced to wear this item to protect herself from the ""Black Rain"". The Aqua Armor is an air tight suit which is water proof and air tight. It was designed to work under water to"," to your allies so they can score points. 

== Steps ==
#Get a lance. The weapon you start with in the game is called a Triforce of the Saiyan Knights. However, this weapon is only useful if you use it on your first pick.
#Get a heart container. Your starting character in the game, Cloud Strife, is a member of the Galaxy Garrison. You can heal your HP if you run out of it.
#Get a bow and arrows. Though most characters have a ranged weapon, it doesn't necessarily have to be the same. You can use many items as ranged weapons in addition to the bow and arrows.
#Get a shield. The Shield of Light, the same shield used to protect Link in the ''Legend of Zelda'' games, is useful in reducing damage. This shield will come in handy in certain situations.
#Get some camo clothes. The only clothing you can't lose when combat is happening, such as if your shield is down or your armor is broken, is your camo. In addition, you can also use your camo to take a lot of damage.
#Get some gauntlets. The Gauntlets of Success, a pair of a stylized gauntlet and pointing finger, is used in melee combat and is mostly useful if your character has a fighting type. The Gauntlets of Fate, a circular gauntlet around your fist, is similar, but has an extra gem for",10.32,9.3,0.896,0.869
PRC,prc_c4_s100_t300_n2048,n=2048;g=128;t=1;r=2028;eta=0.005;zeta=0.045,"The terrific & neat theme for the Ghost blogging platform.
Ordentlich is the terrific and neat theme for Ghost. It's free, responsive and"," beautifully designed.
Meyer & Mey is a great example of a modern site that has a lot of great functionality in the background but also very slick and responsive design.
The cool & neat theme for Ghost was one of the first that I discovered and it's still one of my favorites. It is free to download and use on your own blog.
A great example of a responsive website that's perfect for a small business or start-up.
Ordentlich & fantastic theme for ghost.
I like this simple and elegant layout.
Great Theme for Ghost & Free to download
A wonderful and attractive theme for ghostblogging.
Cool and neat theme.
Ordentlich is a terrific theme to use in Ghost"," effortlessly colorful.
Something totally new, new, new (IT), program, and so on.
It's also part of a new initiative, being called the OpenNetwork2 the program, which will help move Open Network evolution initiative forward and will allow the creation of an open mobile-networking network.
OIUS:Why a new solution like Open Network?
ODA: We've always had an Open Network philosophy, but never as fundamentally a business issue as now. Open Network was a network where anyone could have any device connect to any other device. This sort of dynamic is critical now. I think if you were to take down the mobile phone industry, it would be less than ten years ago. Most people around the world do not now have any form of fixed lines, fiber or anything like that, so people increasingly want the freedom to connect in an open way.
Do you think the new program has been a success?
""We are delighted to have supported Open Network 2, which will free up our mobile network for innovation by allowing developers to build and test new applications, devices and services – whether new or not"".
We've been doing a lot of proactive work to support Mobile Web technology.
All this activity has had a really positive effect on consumer growth. If we had not done this, then I don't think we'd have grown as much. It's also allowed us to move to more dynamic network architecture than before.
""It has given",17.47,18.01,0.887,0.904
PRC,prc_c4_s100_t300_n2048,n=2048;g=128;t=1;r=2028;eta=0.005;zeta=0.045,"Now there are four. A fourth R Boat has joined PIRATE, ALOHA and LADY VAN, welcome ACE to her first"," R Boat journey and it is time for a 5th R Boat to join the fleet. It is clear that this year the R Boat will once again achieve great things and we can't wait to see who it is!
When R boat day started, I was wondering where we were going to be based. It is one thing to have a R boat, it's another to be the home for it. I have spent the majority of my last two years working in the community, the R boat gives me a chance to take a step back, work together on one of the greatest programmes, and develop the leadership skills. I'm very lucky to be able to work with a team that's been really supportive and collaborative. I'm also very grateful"," mates crew in Chile. ACE is due to leave TAS early next month and the boat will be taking the place of KEZEK.

R5 – British Pirate – PIRATE Retired

R13 – French Pirate – LADY VAN  Retired

Ships

This section lists ships that have served with PIRATE and its predecessors, all of which have all at some time in their lives been repurposed and transferred to new owners and new crews.

Commanders

2004 - 2010

2010 - 2013

2013 - 2016

2016 - 2017

Notable crew members
 Pete Foster
 Michael Coyle
 Aaron Summers
 Haji Alho
 Andy MacDonald
 Jigme Payul Chongchom
 Kevin Desane

See also
 FPV Mercury 950
 FPV Sierra

References

External links

Website of the Pirate Seniors Australia

Further reading
 

2004 ships
Pirate patrol vessels
Sports in New Zealand
Recreational boat building
Horton-on-Hudson, New York
Sail training ships
Educational organizations based in the United States
Non-profit organizations based in the United States
Sailing in the United States
Sailing in New Zealand
Non-profit organizations based in New York City
United States Sail Training Association
Chilean culture
Chilean society
2004 establishments in New York",12.74,10.73,0.898,0.898
PRC,prc_c4_s100_t300_n2048,n=2048;g=128;t=1;r=2028;eta=0.005;zeta=0.045,"To Be Built By Professional Local Builders! Post Modern Located On The Vanderbilt Little Neck Peninsula In Centerport. SD#6, Open Floor Plan Perfect"," For Family And Guests. 4 Bedroom 2 Baths Off Back Yard And Back In Property. Great Neighborhood And Lots To Be Done In New York Harbor.
For Sale or Rent - Real Estate on Centerport Houses For Sale: Lakehouse on Central Park South, One of the Most Prestigious addresses in Central Park, NY, With a stunning view of Central Park, one of the most prized and prestigious addresses in Central Park, NY. Luxury Lake House With Private Deck.
For Sale or Rent - Real Estate on Central Park East & Central Park South in New York: $6 Million Park City in Central Park in Harlem, With a stunning view of Central Park, One of the most coveted addresses in Central Park, NY. Unique Park City"," For entertaining or Use For Work. Details and Pricing in Our Convenient Kitchen! This community has a lot of Very Friendly People Living here, when making purchase for your New home, please do not hesitate to Call Us At 516-446-2100 Ext.221
© Copyright 2022, Real Estate Website Design, Real Estate Management and Marketing by REMCO® Media - All rights reserved.
This site uses cookies to track visitor traffic. For more information please see our Privacy Statement.Got it! Read privacy policy. | ACCEPT
This site uses cookies to track visitor traffic. For more information please see our Privacy Statement.
Can't find what you're looking for? Ask our Questions by Leaving Comments on Blogs, Categories or Pages. We'll Get Back To You Right Away.
9:00pm EST to 5:00pm EST
Wedney Fri
9:00am EST to 5:00pm EST
©Copyright 2022, Real Estate Website Design, Real Estate Management and Marketing by REMCO® Media - All rights reserved. | Privacy Policy
You must be at least 18 years of age to view this site. If you do not fall into that age range, please select an appropriate audience. Viewer Portal | Contact Us | Property Type | Property Listing | Property For Sale | For Rent | Apartments | Multiple Listing Service | Multiple Listing Database | MLS® Provider | Exit Door | Instant Home Value Estimator |
9:00",11.74,10.51,0.864,0.9
PRC,prc_c4_s100_t300_n2048,n=2048;g=128;t=1;r=2028;eta=0.005;zeta=0.045,"^ Source: Wilson (1999, 2). The many changes of European political borders since Mozart's time make it difficult to assign him a unambiguous"," nationality. Nevertheless, there is good evidence that Mozart spent the majority of his life in Austria."," place within the lineages of eighteenth-century music. In purely numerical terms, the baroque, early-classical and early-classical-romantic lineages of European music are vast and any estimate is likely to be speculative, as the different European arts are rarely, if ever, organized into neat, distinct lineages. In this chapter, I shall categorize major composers from roughly 1700 to 1900 as follows: the baroque composers, including Giovanni Gabrieli, Arcangelo Corelli, Antonio Vivaldi, George Frideric Handel, Johann Sebastian Bach, Joseph Haydn, and Wolfgang Amadeus Mozart; the early-classical composers, including Joseph Haydn and Ludwig van Beethoven; the late-classical composers, including Franz Liszt, Richard Wagner, Giacomo Puccini, and Johannes Brahms; the romantic composers, including Franz Liszt and Richard Wagner; the national-romantic composers, including Giuseppe Verdi and Edvard Grieg; and finally, the modern composers, including Maurice Ravel, Gustav Mahler, Igor Stravinsky, and Claude Debussy, among others. My own proposal may be overly broad or narrow, but it rests on the assumption that in most cases, major European composers in the first two hundred years of the nineteenth century can reasonably be placed within the pattern that emerged in the eighteenth. The inclusion or exclusion of most composers in",15.12,4.86,0.983,0.899
PRC,prc_c4_s100_t300_n2048,n=2048;g=128;t=1;r=2028;eta=0.005;zeta=0.045,"The Super Bowl can leave you broke. But you can lessen the damage.
What We Built. Why We Built It. And What’s"," Next.
The COVID-19 pandemic has created unprecedented uncertainty for entrepreneurs, business owners and employees. And despite the fact that we’ve been doing business at Velocity for over two years, our own business model and goals have evolved.
On a practical level, the pandemic changed the way we work and what it means to be an employee at Velocity. We adapted to working remotely, and we learned to meet virtually to drive alignment and innovation.
On a strategic level, the pandemic has prompted us to take a fresh look at the business landscape and to question our approach to client success and employee satisfaction. What’s next for Velocity and our customers?
We set out on this mission: to be a thought leader"," Next.
Every year, Delphi Automotive takes a look back to see what we did for you during the year, and what we plan to do in the future.
(Page 1 of 7)
Put Your Boss On Notice
Three important steps that help you lead effectively.
By John Petryk
There.
A good boss is able to lead by example while also empowering team members and clients to deliver and achieve their own goals. Here are three ways your boss can lead you to greater success:
Sketch The Play
An effective boss creates a situation where you can win. Using precise language is the key to setting the conditions for success. Your boss should tell you not just what you need to accomplish, but how you can do so in a way that helps him or her achieve the goal as well. Sometimes, in order to win, you might have to plan a short game to get your team in the right state of mind to achieve a long-range goal. Your boss should be able to tell you what the first steps are, and what your team's role is in bringing the project to a positive conclusion.
Gentlemanly, Even When You're Angry
As with any relationship, a good boss treats his or her employees with respect, even when emotions run high. Your boss should be able to hear your feedback, especially if you make a mistake, and respond quickly and graciously. They can back-pedal, maybe even apologize",8.07,9.18,0.905,0.901
PRC,prc_c4_s100_t300_n2048,n=2048;g=128;t=1;r=2028;eta=0.005;zeta=0.045,"With inflatable water slide rentals starting at just $180 and inflatable combo rentals starting at just $160, Family Time Inflatables has one of"," the best inflatable water slide rental prices in town. You can rent an inflatable slide alone or add a splash mat to the mix with a rental from our team. We have inflatable water slides available for indoor and outdoor usage. These inflatable water slides provide a fun way for guests of all ages to enjoy their pool party.

To keep your guests cool during the hot summer days, our inflatable water slide rentals offer a solution. Slides that can move at up to 6 mph help provide a cooling effect to the user as the water moves across their skin. Additionally, adding sprinklers can keep guests cool and hydrated while they slide down the water slide.

For younger children who may not be as enthusiastic about sliding down"," the largest inventories and widest selection of inflatable water slides across Florida. Come see the price-loved bikes, scooters, water slides, and more for families of all ages at one of their 12 locations in the Florida Keys, Florida.
- Related Article: 4 Best Inflatables for Christmas! Inflatable Toys for Kids
Family Time Inflatables Rentals
8200 Arthur C. Smith Dr, Homestead, FL 33016
858 E Luces Blvd #C-300, Key West, FL
3017 Russel St Ste 215, Marathon, FL 33149
2503 Brickell Blvd, Key Biscayne, FL 33160
450 SW 80th St., Coral Gables, FL 33134
1404 9th Ave SE, Miami, FL 33154
1625 NW 112th St, Miami, FL 33115
650 SW 266th Ave, Aventura, FL 33180
721 NW 42nd Ave Ste 302, Pembroke Pines, FL 33022
Family Time Inflatables At Pembroke Pines: You’ll arrive at this inflatable water slide rental family fun park in less than 2 minutes of driving from North Broward Hospital. Located just south of Memorial Park and across the road from Linden Community Center. Once you’ve arrived, have fun sliding through the eight different slides at three different levels of difficulty that your family can safely have fun on together",7.78,11.62,0.911,0.911
PRC,prc_c4_s100_t300_n2048,n=2048;g=128;t=1;r=2028;eta=0.005;zeta=0.045,Approach your problems from the right end It isn't that they can't see the solution. It is and begin with the answers. Then one day," the picture will fall into place and a light will go off. The answer will become clear.
Don't work around problems but go head on and break them down step by step. It is amazing how many people will find their way out of a dilemma by approaching it from the wrong end. A little perseverance is all that it takes, just like when you can't figure out a puzzle.
It takes only a few minutes to try again and the new approach opens up the way.
Do not try to solve problems all by yourself Try to get as much information as possible. If you have a problem at work, talk to your colleagues and ask them for their ideas. You will be amazed at the answers you will get by approaching the"," they can keep up with that logic. The first time one asks them what to do next, with space and time to think they will show us the answer. In some cases, they will have the mental map. Our job is to develop a discussion format to help them show us the path they are taking. By using this approach, we can learn things about their reasoning and thought process.
a. For example, you might want to begin an exercise on wayfinding by asking what should be near the reference desk: The security desk, the student center, or the visitor center?
This next two types of errors are most important in informal environments. They vary greatly from institution to institution but all occur more frequently at each level of academic engagement.
Answer these questions with your eyes closed In general, the physical elements of the campus are the easiest to forget. This is sometimes a blessing and a curse! At levels of academic engagement, the students will not have as much visual information to anchor them to the campus. It is up to us to help students learn to talk about, and then use, their verbal memories and voices to tell their story.
Answer these questions without tracing the actual path You can probably map your campus without ever moving from your desk. For many visual learners and some verbal learners, however, the course of travel on campus is a map unto itself. It will not work to simply describe the location of a building, office, or street or to quote from a printed map",9.62,17.56,0.913,0.896
PRC,prc_c4_s100_t300_n2048,n=2048;g=128;t=1;r=2028;eta=0.005;zeta=0.045,I always love a good nosey into people’s bags – it kind of shows you a little bit more of their personality. This backpack is," more of a subtle display. It’s functional in the sense that you can put things in here, but also it’s also got a cool shape to it. It’s got this cool organic shape, it’s got a lot of layers to it. So it’s both functional and fashionable in that way.”
He explains that his inspiration was the backpacks people used in his native Indonesia, where he grew up.
“I thought that the shapes and aesthetics of that design was really beautiful.”
The result is a backpack made out of one of the toughest materials on earth – an eco-friendly fibres called Mycelium. The backpack is made from a single piece"," a cute little bag!”

With a happy smile, Ella and her backpack parted ways, both feeling fulfilled from their brief, but impactful, conversation.

Lily made her way towards the library, feeling more determined to develop her reading habits. She picked up a thick book on botany and began reading with enthusiasm. After all, she reasoned, just like how a nose can sense different scents, reading books can expand her vocabulary, knowledge, and imagination. She was grateful for Ella's conversation, which encouraged her to keep trying.

As for Ella, she was content with her day. She realized that sometimes, even the smallest things could spark a conversation and bring about connections that could have an impact on one’s life. And as she watched Lily leave the library, she couldn't help but feel happy for her newfound love of reading.

And who knows? Perhaps, they would run into each other again, with Ella wearing her trusty backpack, and Lily with a newfound love of books. It could be another happy conversation about the benefits of reading and how it can improve one’s knowledge and imagination. The possibilities were endless.!!!!!!

And as the sun set on the town, Ella couldn't help but feel grateful for this day. She had learned a lot about the power of books, the importance of librarians, and the curiosity of noses. It had been",8.72,5.55,0.894,0.885
PRC,prc_c4_s100_t300_n2048,n=2048;g=128;t=1;r=2028;eta=0.005;zeta=0.045,"The world’s first collection of waters designed for different styles of wine.
Follow us on Fundedbyme and get updates when our campaign"," is done!
* * *
If you have any questions, or if you know of anyone with a particular taste in water and would like to donate, please send us an email to info@somawater.com.

##Your task: **Rewrite** the above paragraph into a high school level plan while keeping as many content as possible, using a negative tone.

Answer:
The world has been plagued with issues surrounding water scarcity and unsafe drinking water. These problems are especially prevalent in the Southern Cone of South America, particularly in Chile, where the demand for water is on the rise.

Chile, a country located in South America, has been grappling with water scarcity for many years. The"," ends.
Our plan is to extract wheatgrass and hemp seeds in various regions of Utah, and then to concentrate them into a versatile compound that can be used to craft an array of clothes, textile and other synthetic fabrics.
Imagine walking into a local clothing store and seeing a collection of shirts whose fabric contains a high content of vitamins C and E. You can enjoy wearing clothes with excellent insulation that allow you to absorb sun rays for a more natural, relaxed tan. There will be no chemicals or preservatives to worry about.
Imagine a baby’s tiny hands being immersed in water that contains active enzymes to improve circulation and blood flow to help the newborn develop faster. This water will also contain natural antioxidants that support the body in fighting disease. This is called active waters, and the brand will name it “AquaComplex.”
Imagine taking an additive called Aimex and then sprinkling it on your underarms, back, the hair and the scalp. Within seconds, the additive will begin to work and start creating a barrier between your skin and staphylococcus bacteria, which is responsible for the onset of food poisoning and deadly staph infections.
There are even pools filled with an inert gas that soaks up polluting gases and traps them for disposal.
Plant-based solutions to sustainability
Plants are the only organisms that have the ability to convert carbon dioxide into oxygen, which is necessary for all living things to survive.
Pl",4.33,13.57,0.921,0.92
PRC,prc_c4_s100_t300_n2048,n=2048;g=128;t=1;r=2028;eta=0.005;zeta=0.045,"How to download and update samsung galaxy camera 2 sf2wifi ek gc200 2019?
Downloads all version android firmware for"," Samsung Galaxy Camera 2s and Galaxy Camera 2s wifi. It contains the latest update for Samsung Galaxy Camera 2s.
When was samsung galaxy camera 2 sf2wifi ek gc200 released?
Samsung Galaxy Camera 2s was launched on June 23, 2017. The Galaxy S9 and Galaxy S8 were launched a few days after Galaxy Camera 2s in June 2017.
Where can I buy samsung galaxy camera 2 sf2wifi ek gc200?
The Galaxy Camera 2s was made available on the Samsung online store from August 1, 2017 to September 30, 2017.
How do I know if my samsung galaxy camera 2 sf2wifi ek gc200 works?"," 2 casa mobile Android samsung galaxy S series 2022 Samsung Galaxy S22, Galaxy S22+, Galaxy S22 Ultra, Galaxy Note 20, Galaxy M20, Galaxy S21.
The Galaxy Note 20S.
The Galaxy Note 20, 20S, and 20 Ultra.
The Galaxy M20 and M20+, as well as the Galaxy A51, A71, A72, S20, S20+, S21, S21+, and the phone with the sixth generation in the Snapdragon 865/RAM 850.
Download . Notes Not Yet Available in all versions. How to check the highest version? How to download the latest Android operating system? How to update the Galaxy S21 Ultra 2019?
The Galaxy S20+, S20, S20+, Note 20, Note 20+... in 3 versions.
The Galaxy Note 10+, Note 10, Note 9+, the Note 9 in 2 versions.
It will also be updated for the other mobile phones - Galaxy S10, Galaxy S9, Galaxy S8, Galaxy S8+...
With the active support by Google, and the company's assurance that all Android versions 8 or above and all Windows 10 editions or higher are supported by this update and new installation.
The new Android 10 is codenamed ""Lollipop"", and the Windows 10 is codenamed ""Prelude"". Both updates have numerous improvements and add new features, including:
faster phones,
more security,",5.98,10.62,0.848,0.849
PRC,prc_c4_s100_t300_n2048,n=2048;g=128;t=1;r=2028;eta=0.005;zeta=0.045,"THE Greens are promising to double Fremantle’s tree canopy by 2040 under an “urban forest” plan.
Freo council"," president Geoff Gallop said the city must increase the canopy from 10% to 20%.
“It will provide protection from heatwaves, bushfires, stormwater runoff, and provide a whole host of other health and economic benefits for our community,” Mr Gallop said.
“The tree canopy across Western Australia has dramatically declined over the last 20 years due to urban development, lack of tree protection and tree planting.”
He said the council was “actively seeking” funding to help increase Fremantle’s urban tree canopy.
“As part of this, we have made a $500,000 investment in a program to plant a thousand new trees in Fremantle and its suburbs,” Mr","or Jude Buchanan says the ambitious plan will add 1,500 new trees to the inner-city and will “move the needle for environmental liveability”.
It would cost up to $US50 million ($A62 million) and require hundreds of thousands of people and businesses to spend a day per week planting and tending to trees.
What do you think? Drop us a line at theletter@thewest.com.au.
Join the conversation
To share your ideas or simply say hello, sign up to comment on any story. This is a moderated forum - we will review and approve comments before they appear. Please do not include any links within your comments, or postings which you do not own.
All blank comments will be automatically removed. If you wish to respond to a comment on any other blog site, please click on the link on the left of the comment and use the 'Reply' feature.
no dollars, it's plant trees
Trees should not be money trees but should be planted freely for everyone's benefit.
V2 V3.0. Everyone should plant 5 fruit and nut trees as part of their vegie garden.
Share and Enjoy
Other ways to go green
The West Australian’s Weekender newsletter
A weekly wrap of the best stories, expert opinion and local events.Delivered to your inbox every Thursday.

##Your task: **Rewrite** the above paragraph into a middle school level",7.07,8.43,0.902,0.926
PRC,prc_c4_s100_t300_n2048,n=2048;g=128;t=1;r=2028;eta=0.005;zeta=0.045,"CompactFlash cards are not very popular anymore as Secure Digital cards are typically much cheaper. That being said, pro-sumer Digital SLR cameras"," still widely accept CompactFlash cards. Many professional still cameras continue to use them, as are digital multimeters for electronic troubleshooting. CompactFlash cards for Apple Inc.'s iPod series are still sold, though some models now use Secure Digital cards. The Sony VAIO laptop is one of the few laptops sold today that still accepts CompactFlash cards.

CompactFlash cards are used as storage mediums for digital video cameras and camcorders that run on Sony's proprietary High Speed Video Recording (HSV) format (or any other digital recording format), and they are also used as media in external hard drives. Some companies make portable storage devices with a CompactFlash port, such as the Sony Vaio portable hard drive. There are also Compact"," tend to have a CompactFlash slot, and they are still used in medium format cameras in some capacity.

Technical specifications
The following is a list of user-replaceable CompactFlash host devices (host-dependent read and write operations) produced between 1996 and 2009:

USB SCSI CF cards

CXC-series 

 CXC100 (As NCR Seacom) — PCMCIA 8,2 MB, 32-bit on DIP switches
 CXC1000 (As NCR Aptia) — PCMCIA 40,1 MB, 32-bit on DIP switches
 CXC2001 (As NCR Aptia) — PCMCIA 40,1 MB, 32-bit on DIP switches
 CXC200 (As NCR Aptia) — PCMCIA 32,5 MB, 32-bit on DIP switches
 CXC600 (As NCR Aptia) — PCMCIA 64,2 MB, 32-bit on DIP switches
 CXC600e (As NCR Aptia) — PCMCIA 64,2 MB, 32-bit on DIP switches
 CXC300 (As NCR Aptia) — PCMCIA 32,5 MB, 32-bit on DIP switches
 CXC300e (As NCR Aptia) — PCMCIA 32,5 MB, 32-bit",8.78,3.5,0.919,0.789
PRC,prc_c4_s100_t300_n2048,n=2048;g=128;t=1;r=2028;eta=0.005;zeta=0.045,ENVASS prescribes to various environmental legal newsletters from large and accountable legal firms in South Africa. ENVASS also prescribes to the Environmental Leader,", a leading newsletter on environmental and sustainability law in Africa, as well as the environmental newsletter from South African legal publication LexisNexis South Africa.
We also subscribe to international newsletters such as the New York Law Journal, the London Gazette and the Environmental Law Reporter.
Apart from these specific newsletters, the environmental practice group also subscribes to other newsletters in the law field, which include the International Business Lawyer, the European Lawyer, the Law.com and others.
ENVASS also subscribes to other local news publications such as the Financial Mail, the Sunday Independent and the Business Report, in order to keep abreast of the latest in the economic and business development landscape in South Africa.
The importance of legal newsletters",", Corporate Social Investment Monitor, CSIR, WWF and others for the certification process.
At least 3 -5 steps
The following steps need to be followed to establish a good social media policy in the workplace;
1. Establish a case for using social media at work.
2. Have a policy in writing that covers the role of social media.
3. Outline policies and procedures for monitoring and enforcement.
4. Assemble an effective social media policy team.
5. Allow for exceptions in the policy, depending on location, culture and size of the organization.
6. Produce two copies of the policy for employees and management.
7. Allocate at least 2 to 3 days for the team to design the policy.
8. Conduct sensitivity training for social media teams to handle negative feedback or aggression.
9. Ensure employees understand and abide by the policy.
10. Track the effectiveness of the policy and make changes as needed.
11. Audit use of company resources for social media.
Important – If your organization wants to develop an effective social media policy, you need people on your team that understand social media. There is no way to collect information about social media with people who are not on the social media in an official capacity.
The above considerations provide us with a starting point to evaluate the impact of social media in the workplace. In the following section we will take a look at three main considerations for employers before implementing social media at",8.61,8.79,0.877,0.881
PRC,prc_c4_s100_t300_n2048,n=2048;g=128;t=1;r=2028;eta=0.005;zeta=0.045,"Did you know Snappy Photobooths is a proud preferred supplier for Icebergs in Bondi Beach?
What a top location for a"," Snappy Photobooth.
The Bondi Icebergs are a great place to get photos to remember your visit.
You can also get photo cards and postcards printed.
You can create these cards, mugs and other merchandise to keep to remember your trip.
You can also buy customised gifts.
Icebergs in Bondi Beach is open all year round and is a popular spot for tourists.
It also hosts many events.
Icebergs also have a website with lots of information about the site.
You can follow Iceberg Tours on Facebook and Instagram.
There is also a new website for Ice, Icebergs and Icebergs.
Icebergs were first discovered on the south coast"," wedding and commercial picture booth.
A Picture Booth on the Beach – What a thought!
Fun Ideas For Vacation Celebrations at Snappy Photobooths!
But What Does A Wedding Day Look Like When In France?
These traditional brides, who keep up with the latest trends, are starting to have more influence in designing their big day.
More and more brides are changing their wedding colors to matches like turquoise, beige, and lilac in a blended approach for a more artsy/youthful look.
Many brides want to opt for a one-day bridal party/bridal shop. A day of shopping and fun in preparation for the wedding is great for the bride and bridesmaids. And it makes the total time of the wedding smaller!
Bridal shops and cafes will often work with your staff during this time to give your bridesmaids breaks as they shop, and guests can come by and enjoy some coffee and sweets while the bridesmaids shop.
French Blush: A sweet, rosy color that is perfect for your bridesmaids as well as your bridal party!
Sculpture Galleries: Incorporating sculpture in bridal themes is very chic in France! Localized, imported, or original sculpture pieces add to the decor. It can be placed in the reception hall as well as on the walkway of your ceremony venue.
-The official",7.93,14.46,0.879,0.907
PRC,prc_c4_s100_t300_n2048,n=2048;g=128;t=1;r=2028;eta=0.005;zeta=0.045,Welcome to Boston Mamas Rock! – where we’re giving a voice to fabulous local mamas from all walks of life. Read on for, more stories and stay tuned!," tips and advice on how to best support your health and nutrition during pregnancy.
Remember to ask your ob/gyn if there are supplements you need to take during your pregnancy!
The U.S. Centers for Disease Control and Prevention recommends a daily folate (folic acid) supplement of 400 micrograms for all women of reproductive age. As soon as you find out you are pregnant, you can start taking the supplement. This will reduce the risk of having a baby with birth defects of the brain or spinal cord.
Your doctor will also prescribe and monitor a prenatal vitamin. This is a multivitamin or vitamin-mineral supplement that contains additional nutrients, such as iron and calcium, as well as folic acid.
Even if you are eating a balanced diet that includes plenty of fruits, vegetables, lean protein, whole grains and low-fat dairy products, you may benefit from a prenatal vitamin.
At this time of your life, you are consuming more nutrients to fuel the growth of your baby and to support your developing body and immune system.
If you’re only mildly pregnant and have experienced nausea and vomiting, it may be difficult to eat a well-balanced diet. You may also need to avoid eating some foods to prevent your baby from being exposed to toxins or allergens. Taking a prenatal vitamin may be a safe way to fill in the gaps.
Women have different nutritional needs during each trimester. Women who experience morning sickness or food cravings",148.56,4.12,1.0,0.91
PRC,prc_c4_s100_t300_n2048,n=2048;g=128;t=1;r=2028;eta=0.005;zeta=0.045,"MIDDLETOWN, NJ - The Middletown Township Public Library and the Township of Middletown are pleased to announce the appointment"," of new library staff at two locations to accommodate the new services offered by the library.
Middletown Public Library and Middletown Township Announce Joint Program on Youth Homelessness in Middletown Township
The Middletown Public Library and the Township of Middletown announced a partnership for the first-ever ""Youth Homelessness in Middletown Township"" program which launches on October 22, 2018.
Middletown Township Library Program Launches with Free Workshops for Women of Color
At its recent kickoff, the program titled ""Be You: Women of Color, Our Lives Matter"" held in Middletown Township Public Library's Community Room from noon to 1:15 p.m., the"," of Julia Montoya as Manager, Adult Services at the Township of Middletown Public Library.
Ms. Montoya will oversee planning, strategy and public relations for all of the adult and teen services within the Township of Middletown Public Library. Her salary begins at $80,000/year plus full benefits.
Stated Ms. Montoya, “Middletown, with its dedicated leadership, a strong history, a welcoming community, and a vibrant economy, is an excellent fit for my family and professional aspirations, particularly in the area of innovation, youth programming, lifelong learning, and improved services. I am excited to contribute my capabilities and experience to help continue the positive trends in Middletown public libraries that are making a difference for local residents.”
Ms. Montoya joined the New York Public Library in June 2015 after working in leadership positions in a variety of Fortune 100, mid-size, and local government organizations for over 20 years, most recently as the Deputy Chief of Staff for External Affairs for Mayor Bill de Blasio. Prior to joining the NYPL, she was Vice President, Strategic Communications for the International Association of Fire Fighters, where she was responsible for leading corporate communications strategy, managing employee relations, overseeing media and social media relations, and providing strategic communications support to the International Officers and Leadership Council. She also served as Director of Communications for the Municipal Labor Committee and held positions in the Mayor’s Administration including Communications Director in the Department",8.07,7.1,0.877,0.902
PRC,prc_c4_s100_t300_n2048,n=2048;g=128;t=1;r=2028;eta=0.005;zeta=0.045,ATPases belong to the class of acid anhydride hydrolases. The most common ATPases (24 proteins) contain the classical monon,"ucleotide-binding motif (MNP), which consists of one or several positively charged N-terminal nucleotide-binding sites (NNSs) as well as a central, negatively charged, catalytically critical residue (see below).
The ATPase in the mitochondrion catalyzes an exergonic reaction: NTP is phosphorylated into the nucleoside ADP, and energy is released to the surrounding environment.
The ATPase in the plasma membrane catalyzes an endergonic reaction: ADP is phosphorylated into the nucleoside ATP, and energy is imported into the cell.
The ATPase in the chloroplast catalyzes an endergonic reaction: ADP is phosphorylated into","ucleotide exchange phosphatase (MENP) protein homology (MENH) domain, and this domain is believed to be critical for function. Under acidic conditions, this domain interconverts ADP into ATP. The ADP/ATP change triggers conformational change and exposes the catalytic triad (consisting of residues Asp38, Ser78, and Glu140) for catalysis, thus allowing the enzyme to function.

The catalytic triad forms a zinc ion coordination complex when associated with [Zn(P3)]4+. Research into the function of the TNFRSF10A protein suggests the triad likely plays a direct role in hydrolysis by facilitating zinc chelation.

Tissue distribution

The gene for this protein is located on human chromosome 22 (22q11.2). TNFRSF10A protein is expressed in most tissues. The highest expression of TNFRSF10A protein is found in adipose tissue, testes, and ovaries. Low to moderate expression of TNFRSF10A protein was detected in spleen, bone marrow, and blood. This protein is expressed in a subset of highly migratory cell types, including human mesenchymal stem cells (hMSCs), bone marrow-derived mesenchymal stem cells (BM-MSCs), fetal bone marrow cells, and cord blood mononuclear cells. Decreased expression of TNFRSF10A",4.47,5.7,0.877,0.898
PRC,prc_c4_s100_t300_n2048,n=2048;g=128;t=1;r=2028;eta=0.005;zeta=0.045,Our Palladium Tank Plating Kit – 1 Litre is a great option for re-plating white gold jewellery. The price of the kit," is extremely competitive for its size. The kit comes with everything you need to undertake a re-plating job at home, so there are no unnecessary trips to the jeweller.
The kit is delivered to your door and all the tools required to undertake the job are included. The kit is suitable for re-plating white gold jewellery, and also for use on precious metals such as gold, platinum and silver.
The Palladium Tank Plating Kit – 1 Litre comes with three nozzles, three dip rings, a tank and a power supply. These are all provided in a large box, and the package contains a quick start guide. To begin the job, connect the kit to an electric supply (such as a power"," is £20, but you will also need palladium plating powder, which is included in the kit.
Do not combine liquids with solids, dissolve only powder. When powder comes into contact with liquid, just dissolve for 4-6 seconds.
Set the timer for 4-6 seconds.
Keep the mould well below surface.
Pour liquid gently over the item.
The sides must be slightly raised.
Items will be ready in 3-5 minutes.
Pour is to be carried out slowly.
As you turn your palms slightly upwards to direct the liquid flow, avoid splashing it inwards. This will ensure the thickness of your coating on your item is right.
Place your new beautiful jewellery on a clean cloth on a flat surface to cool it down. The temperature difference between the porous item you've just plated, and the colder air temperature is going to cause tension, which may warp or deform your piece.
Powder to liquid ratio for white gold.
On a small bowl, mix one spoonful of your precious white gold plating powder with one tablespoon of distilled water.
Always read instructions on the box.
Be sure to wear gloves to protect your skin.
Mix until powder dissolves in liquid and produces a paste-like consistency.
Check the thin layer of your plating on your item after less than 4 seconds. If it's too thick, just add a little more distilled water to the liquid. If",9.95,12.18,0.9,0.892
PRC,prc_c4_s100_t300_n2048,n=2048;g=128;t=1;r=2028;eta=0.005;zeta=0.045,Star Wars fans were introduced to Chris Pirillo when he hilariously debuted the Hasbro Millennium Falcon on Lucasfilm’s “Force Friday�," show on Disney Channel.
The “Star Wars: The Clone Wars” episode that aired in 2006 features a scene in which the Millennium Falcon takes off from the planet Bespin.
Pirillo and fellow Hasbro toy expert Rob Laughlin showed young fans how to launch the plastic spacecraft, revealing how to fire the X2 laser and deploy its rockets in a matter of seconds.
A few years ago, Hasbro came out with a three-dimensional version of the Millennium Falcon, called “Starship Excavator.” It also made the toy available online for about $100.
Pirillo said he still uses the toy every week in his job.
“It gives you a whole new perspective on space"," as the featured toy at Toys “R� Us in early 2000. As a young self-described “space geek,” I was thrilled to see a spoof of the exuberant space technology in the films and committed to adding this set to my ever-growing toy shelf.
He considers himself a “tinkerer” and has built numerous vehicles over the years. Unsurprisingly, his forte is from an engine perspective and he’s applied several engineering concepts he learned in the course of building cars and planes. Pirillo now considers himself a flight mechanic and continues to maintain a website designed to cater to owners of the Millennium Falcon model. In a way, the star-buggy has become the centerpiece of Pirillo’s life and his hobby. “My things are my life,” he says.
Pirillo, 56, has found a way to add to the world of space travel with his own version of the multifunction Star Cruiser, which at $69.99 retails for about $25 more than the real thing.
Pirillo and his wife, Deb, are both engineers who graduated from the University of Maryland and settled in the Baltimore area in 1982. Pirillo was completing his doctorate at Johns Hopkins and was working as a defense systems engineer when the opportunity arose to launch his own business. “I like to look at things in a practical sense; engineering is in my blood,” he says.",10.9,11.59,0.933,0.898
PRC,prc_c4_s100_t300_n2048,n=2048;g=128;t=1;r=2028;eta=0.005;zeta=0.045,"Here at Bathroom Make Over Authority, we'll be ready to satisfy your needs regarding Bathroom Makeovers in Iowa Park, TX. You'll need"," to have access to our website to browse the products we provide or give us a call to set up a time to tour our showroom. If you have any questions about Bathroom Makeovers in Iowa Park, TX or want to set up a free estimate, please give us a call or fill out our online form. We can't wait to hear from you!
This entry was posted in Iowa Park, TX and tagged Bathroom Makeover in Iowa Park Texas, bathroom remodel in Iowa Park, Iowa Park, IA, remodel bathroom in Iowa Park. Bookmark the permalink."," reliable information, expert advice and reliable recommendations, delivered quickly and through chat lines.
We are a plumber in Iowa Park, Texas, and we take great pride in our work. We're the professionals you can rely on for great Bathroom Makeovers in Iowa Park, TX, and we're here to answer your questions and help you make the right decision.
We're here to help with: Bathroom Makeovers in Iowa Park, TX, Bathroom Remodeling in Iowa Park, TX, Bathroom Remodeling for Iowa Park, TX, Bathroom Remodeling with Bathing Tubs Iowa Park, TX, Bathroom Remodeling in Iowa Park, TX, Bathroom Remodeling Iowa Park, TX, Bathroom Remodeling Cost Iowa Park, TX, Bathroom Remodeling Systems Iowa Park, TX, Bathroom Remodeling Specials in Iowa Park, TX, Bathroom Remodeling Ideas Iowa Park, TX.
Along with this, we're happy to provide: How to Choose the Perfect Vanity Suite for Your Bathroom, How to Choose The Right Size Vanity for Your Bathroom, Important Details for Bathroom Remodeling in Iowa Park, Texas, How to Install a Tub in a Bathroom Remodel, How to Remove a Front Load Washer from a Bathroom Remodel, How to Decorate Your New Bathroom and more!
If you have any questions, please contact us today at 888-339",4.79,4.72,0.88,0.819
PRC,prc_c4_s100_t300_n2048,n=2048;g=128;t=1;r=2028;eta=0.005;zeta=0.045,"Win Your Next Account Director Role in the United Kingdom - Upgrade your CV today!
Are You Looking for a New Job as an Account Director?
","Our recruitment consultants are always happy to discuss career prospects. Call us today on 0161 833 5838 for an informal chat.
You can email us at enquiries@theswanagency.com
Are you an Account Director?
If you are looking for a career in account management or would like to find out more about what we do then please fill out our short enquiry form and our team will contact you to discuss how we may be able to help.","Are you an experienced Account Director looking to embark on a new challenge in your career? Fantastic! We have a number of roles on our board already for you to select from. In fact, we've covered the full gamut of roles for you with across the UK.
Check out our latest Account Director vacancy in The Isle of Wight, where we're looking for a Board Account Director who can help lead and develop the award-winning Hechinger & Cable's network of schools.
Our other areas of expertise across the UK for Account Directors currently include Central London, Edinburgh, Liverpool, Manchester, London, and more. As well as this, we have a few of our local and business vacancies open for Account Directors as well.
Do you think you're the right person for the job? Just click here to register your interest.
accountdirectorukacountydirector/ accountsDirector
The Ultimate Guide for Account Directors
Tips, tricks, and everything you need to know about becoming an Account Director.
5 Ways To Use Video Content To Launch Your Career As an Account Director
What is your use of video? Share your tips with us!
5 Steps to being an Account Director
Want to climb the ranks in your Accounting career? Here's how you can become an Account Director.
6 CV Tips For Account Directors Looking For A New Job
Ready to get your CV ready for the Application stage? Here are six things you need to keep in mind.
Account",6.59,9.57,0.948,0.9
PRC,prc_c4_s100_t300_n2048,n=2048;g=128;t=1;r=2028;eta=0.005;zeta=0.045,Cheapest Reseller Hosting in Myanmar from Hostdata is an Ideal way to begin your own Web Hosting Brand almost inside 24 Hours. With 24,"/7/365 customer support and fast setup and deployment of your Website/Website, you can now start working towards building your new Internet Service business on its own.","×7 technical assistance and zero downtime instances we assure our hosted servers to be available with the utmost reliability.
We are providing the world's best secure website by VPS Backup VPS service and Elite Gaming PC. Our VPS Backup VPS service/Website Backup is best-in-class and reliable.
Website Build (GDPR) & Online Store
Localized Sites
Web Design for Brands & Teams
The Benefits of Online Education
Why is Google Adsense System Worthless?
3 Types of Blog Designing Mistakes
Myanmar Reseller's Hosting
Some of the advantages of using a cloud hosting solution.
The Do's and Don'ts of Repurposing Your Social Media Videos as T&Cs
If you're a social media marketer or a SaaS company looking to improve customer acquisition rates, you're certainly not alone. Social media videos are already very popular because they are easy to create and promote.
The Ultimate Content Marketing and SEO Meta Tag Checklist
8 Helpful Tips to Get Your Instagram Profile to Stand Out
If you're looking for a quick way to increase your Instagram followers, you have come to the right place. We've compiled this article to provide you with essential tips to get your Instagram profile to stand out and attract more followers.
Want to Continue Your Education? Should You Join a Tuition-Free University?
In the past few years, the number of tuition-free universities has been growing. Tuition-",75.01,15.0,0.963,0.925
PRC,prc_c4_s100_t300_n2048,n=2048;g=128;t=1;r=2028;eta=0.005;zeta=0.045,which relied too heavily on clichés and juvenile humor as characters had to explain everything instead of showing it (always a kiss of death for children’,"s books), is often overlooked these days.
It may be a good time to review this book. It’s a simple concept but it holds some pretty powerful lessons.
If you want to see how my son, Matt, related to the story, go here and here.","s stories), nor did I love the way they made Black Magic use the original anachronistic (for 20th Century Hollywood) opening camera trick of the “hidden camera” to lure the hero into the trap (another kiss of death). Anachronistic. As we all know: “You can lead a horse to water, but you can’t make it drink.”.
In any event, The Adventures of Black Magic I has just turned out to be a great black comedy whose humor is itself unrelentingly offensive at every turn. Its title is a race-traitor cover-up. Once you’ve seen the movies, there’s no escaping it. (Sidebar: Somebody asked me who shot those posters and I simply replied: “Don’t you wish that little Branko Zebec didn’t ever write this crap?!”)
[…] the review at Pie in the Sky (At the Edge), I said this is not really one of those films where you can “ooh and aah over […]

##Your task: **Rewrite** the above paragraph into a elementary school level teacher student conversation while keeping as many content as possible, using a shy tone.

Answer:
Student: Um, excuse me, teacher. I was thinking, after watching The Adventures of Black Magic, I want to tell you some funny things that happened in the movie",15.3,10.48,0.948,0.92
PRC,prc_c4_s100_t300_n2048,n=2048;g=128;t=1;r=2028;eta=0.005;zeta=0.045,"There is a lot of discussion right now about stress reduction. Today we see an increased work load of mental health professionals, increased occurrences of abuse or violence"," in the home, more stress about finances, less access to affordable healthcare, etc. What is your view of stress and stress reduction in today's society?
Stress and stress management are a significant part of what I do. Most of my work with adults comes from stress. As the number of people with mental health challenges has increased over the past 20-30 years, I believe that we have seen an increase in stress-related illness in addition to mental illness. When there are increasing physical health challenges and mental health issues, my work has expanded to include medical as well as psychological issues.
With regard to stress reduction in society, I believe that we have to address all of the factors that contribute to stress in our lives, and that means"," both at home and at work, rising rates of illness, social difficulties, and a lessening of a sense of community. The world has become smaller with greater technology and the distancing of people from one another. If we look at the way the human body was built, we are really designed to be in nature.
For our ancestors, nature was the place to renew their mind, body and spirit. Imagine you are in the woods taking in the colors of the changing leaves or listening to the wind blowing through the trees. Studies have shown that our body begins to restore itself when we are exposed to natural settings. While there is also scientific evidence that suggests that we live less frequently in nature, the demand on our minds seems to be increasing all the time.
Isolation from one another is one of the realities of living in the 21st century. We are less interconnected, have less face to face time with our friends and families, and we go to the doctor more often. This creates a constant stress. It is being reported that people are eating themselves to death. We live in a time when we are bombarded by advertisements for quick fixes, fast food, and fad diets. These are all related to stress and with a constantly moving lifestyle, they all become part of the standard American diet.
Can you really imagine being surrounded by trees or nature as the work environment? It sounds like a dream to think of stepping outside into the morning sunshine, listening to birds sing, and",7.91,10.06,0.894,0.892
PRC,prc_c4_s100_t300_n2048,n=2048;g=128;t=1;r=2028;eta=0.005;zeta=0.045,"this document is designed to provide an inexperienced user with an introduction to the use of strain gauges within experimental stress analysis.
... for your measurements new"," information or experiences. For the most up-to-date information and methods for strain measurement, read the latest edition of the ASTM International standard, Standard Specification for Testing and Characterizing Strain Gauges (A-100). For additional information about strain gauges see other resources from ASTM International. This document is designed to provide an experienced user with guidance on selecting strain gauges...
... to a measurement of strain that does not accurately reflect the actual deformation.
A gauge strain is a relative measurement obtained from the change in resistance as a result of a relative deformation.
A gauge strain is a relative measurement obtained from the change in resistance as a result of a relative deformation. It is obtained by subtracting the baseline"," strain gauge techniques, such as linear variable differential transformers (LVDTs) and load cells, have become far more widely used.These electronic devices may be more expensive but also offer a much higher resolution. In addition, load cells have become extremely important in the measurement of forces, and LVDTs, in some cases, have improved the ability to measure rotary motion. ...
The effects of humidity on electronic stress measurement
B.B. Blundell
Eric Jones
Gregory D. Little
Wet masses, and static electricity, can affect measurement of applied stresses in component testing.Measurement of applied stress relies on strain gauges, which measure changes in gauge length with applied stress. These measurements can be affected by surface moisture (wetting), which increases gauge resistance. Electrostatic forces between the equipment and the material being tested can also affect gauge measurements, resulting in high stresses and low stresses. The accuracy of the measurements obtained from strain gauges on moist, charged masses is therefore sensitive to atmospheric humidity. This paper describes how to measure applied stresses on a mass using a strain gauge (Fetts Guide 3.5.3), and discusses the potential problems which can occur.Strain gauges are encased in a metal foil-backed substrate which protects the gauge from deformation, heat, and moisture. The strain gauge responds to small deformations in the substrate surface (where it is also often coupled directly to the load). The accuracy of the gauge depends on",8.04,11.83,0.882,0.898
PRC,prc_c4_s100_t300_n2048,n=2048;g=128;t=1;r=2028;eta=0.005;zeta=0.045,"Or change column headers from letters to numbers. Old school spreadsheets used numbers for rows and column headers, excel calls this old method R1C1"," or 1-1. In the spreadsheet program you use, the number you select in the column header is now its row, which means 1-1 is the first cell in row 1 and column 1.
You can use R1 to refer to the first cell in row 1, and so on.

A:

Your error is that you are assigning to R1 when you have put a string into the column and then the value is just a value. Not a column.
Example:
R1=""a""

a is a string now and a=""a"" works as intended. However when you write:
R1 = ""a""

you are assigning to R1 the value ""a"", so",".
A spreadsheet ""worksheet"" will have multiple rows and columns in a rectangular grid.
Spreadsheet Layouts
Formulas
In a general sense, a formula is just an expression or instruction used in a cell in a spreadsheet. Because the formula might be a matter of programming, a spreadsheet only supports the common types of variables—numbers, text, and binary data.
The plus sign (+) adds variables. The minus sign (-) subtracts variables. The asterisk (*) multiplies variables. The slash (/) divides variables. The divmod function (divmod(a,b) = quotient, remainder) returns both quotient and remainder when a is divided by b. The power function (a ** b) raises a to the power of b.
While almost anything can be set into a formula using the expression or instruction, the most common are the functions and mathematical operations.
- mathematical operations (such as multiplication and division)
- trigonometric functions (such as sine and cosine)
- simple statistical functions (such as min, max, mean, sum, variance)
- comparison functions (such as more, less than, less or equal)
- conditional functions (such as if-then)
You can also use modulus, negative, bitwise shift operators, and to convert strings to numbers or numbers to strings.
When inserting a formula, be sure to type everything into a cell—and nothing else",9.22,5.86,0.833,0.884
PRC,prc_c4_s100_t300_n2048,n=2048;g=128;t=1;r=2028;eta=0.005;zeta=0.045,"Yet another fix for <tags>.
Added <examples> tag (thanks to Jim for the tip).
spiffy-request-v","1.0

""""""
import argparse
import base64
import json
import sys
import time

from requests.exceptions import RequestException
from requests.packages.urllib3.exceptions import NewConnectionError, ReadTimeoutError

try:
    from urllib import urlencode
    from urlparse import parse_qsl, urlsplit, urlunsplit, parse_qsl
except ImportError:
    from urllib.parse import urlencode, urlparse, urlunsplit, parse_qsl


class BaseException(Exception):
    """"""A parent class for all exceptions raised by the script.""""""
    pass

","3.py 
---
Copyright (c) 2011, MIT 
(c) <SEE AUTHORS.txt>
Permission is hereby granted, free of charge, to any person obtaining a copy of 
this software and associated documentation files (the ""Software""), to deal in 
the Software without restriction, including without limitation the rights to 
use, copy, modify, merge, publish, distribute, sublicense, and/or sell copies of 
the Software, and to permit persons to whom the Software is furnished to do so, 
subject to the following conditions:
The above copyright notice and this permission notice shall be included in all 
copies or substantial portions of the Software.
THE SOFTWARE IS PROVIDED ""AS IS"", WITHOUT WARRANTY OF ANY KIND, EXPRESS OR 
IMPLIED, INCLUDING BUT NOT LIMITED TO THE WARRANTIES OF MERCHANTABILITY, FITNESS 
FOR A PARTICULAR PURPOSE AND NONINFRINGEMENT. IN NO EVENT SHALL THE AUTHORS OR 
COPYRIGHT HOLDERS BE LIABLE FOR ANY CLAIM, DAMAGES OR OTHER LIABILITY, WHETHER IN 
AN ACTION OF CONTRACT, TORT OR OTHERWISE, ARISING FROM, OUT OF OR IN CONNECTION 
WITH THE SOFTWARE OR THE USE OR OTHER DEALINGS IN THE SOFTWARE.
'''


import json
import time",2.17,1.41,0.836,0.913
PRC,prc_c4_s100_t300_n2048,n=2048;g=128;t=1;r=2028;eta=0.005;zeta=0.045,"If you only focus on the graphics design of your web site and nothing else, you may have a beautiful web site that is hard to be found.","
If you only focus on the advertising campaign of your web site and nothing else, your web site may be hard to be seen.
If you only focus on what your competitors are doing and nothing else, you may miss out on what your prospects are really looking for.
When it comes to search engine optimization, a good strategy for optimizing your website is to create high quality, informative content and to promote that content. This will help to make your website more visible to search engines and will also help to drive traffic to your website.
A good strategy for optimizing your website is to create high quality, informative content and to promote that content.

John: Hey Mike, have you heard about search engine optimization?
Mike: Yeah,"," Internet marketing software often offers Search Engine Optimization (SEO) tools. These can tell you the position your site holds in search engine result pages. By using good SEO techniques, you can be visible on the first page of the search engines.
You'll find some useful things to help you on your digital marketing journey. These tips and tricks are easy to put into practice and are easy to learn. Getting started with digital marketing in your small business is an easy way to break into the new generation of sales. Apply these tips, and you can become a success in digital marketing.
Proper digital marketing helps to promote your business. Use all of the available information about digital marketing to set up a website and then be sure that the page loads fast. Keep in mind that any individual who is purchasing an item does not want to sit on your page waiting for it to load. Take advantage of the Internet to reach as many potential customers as you possibly can.
Spreading the word about your digital marketing projects can be both very rewarding and very challenging. Writing and implementing blogs to your business website will help you share your expertise and your company's vision with your customers and your potential customers.
Promotions and ads can quickly become a burden to your pocket. A way to get around this is to set up a blog. When your website blog receives so much in traffic, your search engine rankings are going to increase substantially as well. While this can be time consuming, you can receive a lot",4.26,9.45,0.856,0.892
PRC,prc_c4_s100_t300_n2048,n=2048;g=128;t=1;r=2028;eta=0.005;zeta=0.045,--- DELTAS ---,,,Delta PPL: -6.771,,Delta Div: -0.007,
