Scheme,RunLabel,Parameter,Prompt,No Watermarked Response,Watermarked Response,PPL (No Watermarked),PPL (Watermarked),Log Div (No Watermarked),Log Div (Watermarked)
Undetectable,undetectable_lam6.0,lambda=6.0,"The woman who died after falling from a bridge over the A21 has been identified as a Sevenoaks mum.
Marta Kendle, 37",", lost her battle with injuries on the M2A5 Bridge at Longbridge on July 24 after the car she was in fell off a height of around eight metres.
She was a mother of two, as well as a nurse, and lived in the village of Selsdon with her children, William, 12, and Ava, 5.
She was travelling to work when the accident happened and she died at Kent and Medway NHS Trust hospital in Swanscombe on Thursday, a spokesman said.
Fellow nurse and friend, who wished to remain anonymous, said: ""It's a tragic thing that has happened. She was such a lovely, kind, generous soul who would go out of her way to help people.
",", from Kingsley Street, died on February 3 after falling from the bridge in Abbots Langley Road, Abbots Langley, Hertfordshire.
Police said she was seen walking at the top of the bridge on January 28 but was last heard from by text message a few hours later.
She was in a relationship with her partner James Chaloner and has a seven-year-old daughter with him.
Ms Kendle, from a south London family, was pronounced dead later on January 28 following emergency treatment at Kings Langley Hospital, when paramedics from the Metropolitan Police came to the bridge.
The British Transport Police (BTP) investigated and announced on Friday that Ms Kendle had fallen on the bridge, which is one of",9.31,11.0,0.913,0.909
Undetectable,undetectable_lam6.0,lambda=6.0,"messaging system designed as a plugin-based system.
Doubtless the kopete people would disagree with me here, but I'd say"," they're on pretty solid ground.
It all comes down to a combination of good marketing and good development:
Good marketing, because, really, there's just one kind of ""software"" that's ever sold — software that provides benefits, which means it needs to be marketed as benefits, not features.
Great development.
Posted in Software
Tagged with marketing, OpenMRS
Posted on 24 October, 2011 by Peter
I've been invited to join the steering committee for this new blog by the person in charge of OpenMRS — Jim Kim, the MD.
We'll probably meet online and then, if we're all still on board, we'll eventually meet at the ODI to discuss things.
It sounds"," design doesn't come before usage, as both – or, more likely, the way they affect each other – determine whether software is accepted, is used, or is needed. This would suggest that any technological change would work, once a critical mass of users has gotten used to it, although that makes it pretty difficult to assess the impact of new technologies, since we don't know how users will react to the innovation.
I'd go as far as saying that the worst thing can happen when you push technology on a user base that has little experience or inclination to use it. It can create a backlash that disrupts any gains that the technology could have created.
The automobile is a good example of technology not catching up with a generation. There",12.77,14.68,0.915,0.921
Undetectable,undetectable_lam6.0,lambda=6.0,"CHARLES H. MEISNER, one of the prosperous and highly-esteemed business men of Birnamwood, Shawano county, was born"," here, on the twenty-ninth day of January, 1833. He lived here until he was five years old, when he was moved to Oshkosh, and was educated there until the age of fifteen. He was then removed to Milwaukee, and was educated there for two years, at a school in the village of Menomonee Falls, and two years at a private school in Waukesha. In October 1847, he was sent to New York City, to study bookkeeping in the office of a respected member of the mercantile firm of H. E. and W. A. Leffingwell. He remained in New York for about a year and a half, while finishing his course, and then"," at his father's homestead in January, 1879, was educated at the schools in the town of Howard, and engaged in the real-estate and hotel businesses at that town. On March 24, 1905, he married my wife, Margaret A. Lovenius, of Redvers, Emmet County; they had one son, George. Mr. Meisner is a hereditary freemason, prominent in his community, and was at this time director of the United States Firemen's Insurance Company.
Mr. Meisner is best known as having embarked upon the ship ""Princess Irene"" on a trip to Europe in 1903; he returned home in the spring of 1904, and stayed here for seven months. He left the country",5.68,13.92,0.887,0.925
Undetectable,undetectable_lam6.0,lambda=6.0,"EVER WONDER WHY SOME PEOPLE CAN WORK NIGHTS AND SLEEP EASILY DURING THE DAY?
A new study from"," the University of Massachusetts Medical School (UMMS), published in the journal Current Biology, reveals that a molecule known as the protein arginine vasopressin (AVP), also known as the ""bedtime"" hormone, can suppress sleep and promote wakefulness. Scientists previously believed that it was the opposite: that AVP was primarily a wake-promoting hormone.
""We discovered that AVP acts on neurons in the brain to suppress sleep,"" said lead author Paul Kelley, PhD, senior lecturer at UMMS. ""AVP and its receptor are concentrated in a brain region that is responsible for sleep, and when it was activated, sleep was suppressed.""
The researchers found that in the brain, AVP and its receptors are primarily"," Purdue University and The Pennsylvania State University reports that young people can survive on minimal sleep, simply because they have less developed circadian rhythms or their biological clock, than adults have.
How a New Theory Can Predict the Next Biologic Clock When new Light Alarms Your Brain
How Much Sleep Do You Need?
Shifting The Sleep / Wake Cycle Better Aligns Your Body’s Internal Clock With The World Around You
Sleep Medicine and New Research
Research
A young person cannot fall asleep as easily as an adult due to the fact that their bodies produce more melatonin in the evening, making it easier to stay awake. Dr. Chiara Cirelli, a researcher at the Salk Institute for Biological Studies and first author of the",5.25,11.99,0.905,0.949
Undetectable,undetectable_lam6.0,lambda=6.0,"Conduct effective product control and valuation control of treasury products and derivatives in banking book.
Duties include daily P&L reporting and analysis, balance"," sheet analysis, and treasury operations management. In addition, they review and approve treasury transactions and are responsible for maintaining treasury and bank relationship.
Treasury managers are also responsible for ensuring that proper cash flow management procedures are in place. They work with customers to ensure that funds are available when needed.
Treasury managers need a bachelor's degree and must meet regulatory and compliance standards.
Financial advisors help individuals and corporations manage their money, including investments, insurance, mortgages and other financial products. Their advice is intended to increase the financial well-being of their clients.
Financial advisors must be able to understand and explain financial products to clients. They also must have excellent communication skills so that they can effectively explain how to use financial products to meet their clients"," sheet, controlling cash and liquid assets, budget preparation and cash flow control to name a few.
Tax ExaminerJob Description
Tax examiners and collectors perform tax audits on businesses and individuals to verify that tax returns, income, and other forms are reported correctly and that any penalties and interest due are paid. They typically work in federal, state, or local government offices.
Duties include evaluating all filed forms, notifying taxpayers of discrepancies, asking for supporting documentation, and assessing taxes.
Administrative Services Manager
Administrative Services Managers (ASMs) manage administrative functions in industries such as higher education and the healthcare industry. They handle everything from budgeting, payroll, and record keeping to communications and customer relations.
Duties include developing",6.28,8.44,0.902,0.925
Undetectable,undetectable_lam6.0,lambda=6.0,Stayed here about four years ago and they helped me out this weekend. Thankfully Citadines had a double apartment room for our stay. Usual," staff at Citadines, very helpful and clean. Thanks again Citadines.
My daughter and I stayed a week at Citadines recently. The staff and accommodation was great – we'd recommend it very highly to other families going on holiday in Dubai!
This is the best accommodation I have stayed at for over a decade and I will recommend it to anyone I meet."," mum and sons dealing with Australian or Canadian SBS characters usually want a more expensive room.
Remember when we Americans forced the oil supply situation to the point where all of a sudden the prices of most of our basic commodities shot up but nothing was done about it!
Recently, a grassroots group called MERC has been successfully bringing forth the position that much of the blame for the current dysfunctional power grid lies not with the environmentalists but with these rattyoiled neo-con politicians that conspired to privatize America's energy distribution. MERC is comprised of various households that purchase surplus power from their local co-ops and provide it to the remaining households. Such a network is now well established in Southwest Missouri and it is only a matter of time",11.92,30.67,0.905,0.943
Undetectable,undetectable_lam6.0,lambda=6.0,"It’s the end of the world,” said the caterpillar.
“It’s the beginning of the world,","” said the butterfly.
The caterpillar was right. The world as we know it will be altered. A lot of people will experience hardships that have never been experienced before. But, we also have a chance to rebuild the world that we want to see.
If the world is to be a better place, we need to build our world differently. To do this, we need to create a world that supports our individual wellbeing and the wellbeing of all people. Here are 5 ways to do this.
First, we need to focus on education. Education is the foundation for understanding the world around us. Without a good education, we will never truly understand how to work together to create a better world.
Second, we need to","” said the butterfly.
So where do you find yourself in that bet? How do you actually change your communication habits in the workplace so you can make that bet a truth?
Companies that invest in mindfulness training end up with happier, more productive employees. That might seem paradoxical—taking time to think is actually what gets work done, isn’t it? According to “The Harvard Business Review,” mindfulness is about getting more done and feeling better about what you do. The more aware and nonjudgmental you are of what’s going on inside of your head and your body, the more you can use this information to take action. This is called working with the mind.
On the other hand",6.08,9.74,0.877,0.915
Undetectable,undetectable_lam6.0,lambda=6.0,"Fasnet 2015: Spindrift & Prince de Bretagne, ""Neck to neck""
Spindrift reports that After 48 hours of"," riding the race was neck and neck, with both riders struggling to cover the mountainous course.
Spindrift and Prince de Bretagne are riding a close gap, however in a last-ditch move in the penultimate climb, Spindrift dropped his chum but then had to give way to another rider in a move that left him in danger of colliding with other competitors.
Spindrift finished fifth and Prince de Bretagne, who dropped out just before the finish line, finished sixth.
RIDE ON! (2016): Mere Morte & Vrijman de Nood, ""A little bit of luck""
Mere Morte was the only Dutch rider at the 2015 Paris–Nice race and it was"," short sail periods this morning we had captured 60 litres of water for each person to drink. This leaves us with 320 litres of our 3,000 litres, and that is after a fairly rough day of relatively hard sailing which let the water seep away through the mainsail's tack. It gets a bit silly trying to keep track of exactly how much water we are losing per day now; the boat was taking 6 to 9 litres per hour during the last day's journey, and at times the spinnaker filling itself with the 3 millilitres of rain that we got were enough to double that.
Inevitably by the time we reach Joachim we will be way below our fuel quota and we will need to trim back",16.73,21.3,0.921,0.936
Undetectable,undetectable_lam6.0,lambda=6.0,"As the nation’s largest no-reserve internet auction firm specializing in construction and agricultural equipment, Purple Wave is focused on transforming the way in"," which rural infrastructure is financed, developed, owned and serviced.
Purple Wave is dedicated to serving contractors in rural areas who are unable to access conventional lending products and markets. As an experienced leader in no-reserve equipment auctions, we leverage technology to help contractors access new opportunities that match their specific needs, allowing them to obtain the equipment they require to complete their projects.
Purple Wave provides contractors with direct access to auction sites where equipment is available, allowing them to find what they need in one place. This service gives contractors the advantage of avoiding overpriced, over-market equipment and making sure that their projects are completed on time and within budget.
Purple Wave’s commitment to excellence and the satisfaction of its customers is"," which people make sales and leases with their customers. Mark David, the company’s Chief Revenue Officer, provides insight into how Purple Wave differs from traditional marketplace platforms and what this means for the marketplace industry.
What is your role at Purple Wave?
My role is Chief Revenue Officer and as such I’m responsible for defining and implementing go-to-market strategy for the business. Primarily I make sure the Purple Wave brand is heard and our offering is seen by the market at large.
How is Purple Wave different from a more traditional marketplace company?
The marketplace has become a way of life, with free WiFi in cafes, the bathroom of restaurants, and co-working spaces. The true and original marketplace models were built",11.63,11.5,0.909,0.907
Undetectable,undetectable_lam6.0,lambda=6.0,"Stretch Therapy (ST) is a comprehensive system that includes stretching, fascia remodelling, strengthening, neural re-patterning, and relaxation. We"," are all born with an efficient and balanced fascial system. Yet due to lifestyle and environmental factors, this system can become unbalanced and less efficient.
Stretching is not just about extending and lengthening tight muscles. It is a whole process that is designed to reestablish an ideal balance, mobility, elasticity, and function for the muscles. In addition to relieving tight muscles, stretching can also help with range of motion, posture, gait, sports performance and the pain associated with them.
Fascia is the soft connective tissue that surrounds and supports every muscle in our body. The myofascial system is the body’s support framework and is involved in every physical activity we undertake. It is often"," put the majority of our energy into stretching, as this is the core element of the approach, even though it is combined with other interventions to treat the underlying cause of the problem.
Stretching begins with the deep tissue (muscular, fascia and connective tissue) via the soft tissue structures of the body (for example, the primary vessels, nerves and nerves sensory receptors). During treatment, we use specific techniques to effectively stretch muscles and tissue.
An exercise program is developed based on the individual’s goals and abilities, as a way of promoting healing and improving physical function.
Kinesiology (Kin) is the diagnosis and treatment of structural and mechanical dysfunctions by correcting postural imbalances and muscle strains.",7.35,11.12,0.921,0.925
Undetectable,undetectable_lam6.0,lambda=6.0,"The sport of Bocce Ball is alive and well in Holliston.
""Throwing balls toward a target is the oldest game known to mankind",","" said Peter H. Schar, executive director of the Bocce Federation of America. The Bocce Federation is the national governing body for Bocce. The sport was brought to America by Italian immigrants in the late 19th century. A similar game was brought to the United States by the British in the 17th century. The earliest known games of Bocce were played in the United States as early as the early 1800s. The first Bocce Ball Club in North America was founded in Montreal in 1867.
The National Bocce Championship is played in Florida and has been held there each year since 1964. This year's tournament is scheduled to be held June 29 through July 1 at the University of West Florida.",","" said Steve Novotny, president of the Holliston Bocce Ball Club.
December 9-14 is National Bocce Day. For more information visit bocceball.org.
The goal of the game is to get bocce balls as close to the target, or pallino, as possible. The Pallino has four zones. The innermost one is the ""ore"". The outer two are the ""nere"" and the ""secco"", in Italian. This is one word for a ""dry"" match. In competition, bocce balls are knocked into a toadstool like target.
The prize of a trick is ½ yard. The pin is 5 yards. Match winners are",5.21,11.54,0.889,0.905
Undetectable,undetectable_lam6.0,lambda=6.0,"A month ago, India had commissioned world’s first 100 percent solar-powered airport in Cochin. Recently, India’s greenest"," city, Thiruvananthapuram, achieved its goal of cutting dependency on power from thermal power plants by 45 percent in the last seven years.
However, a major question remained unanswered: Why were solar panels and windmills not installed in most Indian homes? As of now, only one or two percent of our country’s population resides in households that are powered by solar energy, which can be attributed to a lack of access to solar panels. This brings us to our first template.

Person A: Did you hear about the solar-powered airport in Cochin?
Person B: Yes, I did. It's amazing how they managed to power the entire airport using solar energy.
Person C: I think"," airport in Pune was inaugurated by Prime Minister Narendra Modi in presence of the air minister. India is also going to operate India’s first manned aircraft powered by biofuel, Indian Institute of Technology Roorkee.
Image source:
India has started its commitment to usher in era of safe air travel without combustion and harmful fossil fuels with an indigenous aircraft designed by India’s IIT Roorkee.
The Indian Institute of Technology Roorkee has come up with a biofuel-powered drone as part of a major project titled ‘Aeromotor Fixed Wing UAV of Biological Origin,’ that came to limelight recently. The first-ever biofuel-powered aircraft, the IIT Roorkee",5.91,10.27,0.931,0.911
Undetectable,undetectable_lam6.0,lambda=6.0,"Stately palm trees reach to the blue sky.
The city of Split, and majestic mountains, far off in the distance.
Looking up from"," the city to the sky.
Cultures throughout the Mediterranean.
The water in the city is so clear.
With its green valleys and the sparkling water of the Adriatic Sea.
The beautiful Mediterranean coastline.
Dotted with the green mountains of Dalmatia.
A great mountain near the town of Trogir.
Stands tall above the city of Split.
The town of Trogir.
The small town of Paljatica on a hilltop.
The great mountain of the Plitvice Lakes National Park.
The famous town of Trogir.
The mountain on the outskirts of Split.
A great mountain in Dalmatia.
A beautiful mountain overlooking Split.
Mount Ris"," a mile away, seemingly nothing at all but empty space.
Except for distant mountains in the distance, and palm trees growing out of the desert.
The world's tallest tree lives in Senegal. The redwood's height is about 541 feet (165m). Scientists have recorded that redwoods are getting taller every year, so the world's tallest tree must be even taller. Many other kinds of trees are much shorter, or even non-existent.
Much of the desert is actually desert grassland. This special biome has plants and animals well adapted to dealing with the harsh conditions of the dry season. Cacti are important for these animals, since they can eat their fruit to get water during the dry season.
This desert grass",8.8,11.9,0.845,0.927
Undetectable,undetectable_lam6.0,lambda=6.0,"Showcasing Mosaic hops and a delicate blend of malts, this Extra Special Bitter was brewed with the very finest ingredients available. Naughty",", naughty!

To brew this delicious beer, you will need 500g of barley, 300g of light-colored malt extract, and 300ml of fresh hops. Let's get started!

Brewing the beer:
1. Heat up water to a temperature of 80C (176F). This will be used to create a solution that will help your ingredients mix together.
2. In a big pot, mix the barley with the heated water and let it sit for 45 minutes.
3. Now, add the malted barley extract and let it simmer for an hour.
4. After an hour, add in the hops and let it boil for 20-40 minutes.
5. Once the boiling is done","'s approach to brewing highlighted the craft of each ingredient, bringing out their natural nuances and allowing the aromas and flavors to express themselves without overbearing interference. The result was a drink that captivated with its subtle complexity and delightful bitterness.

As brewing progressed, the concept of doubling up beers gained traction among Hop Fighters. The idea of a brandywine and a Manhattan was seen as an expression of craft beer through nostalgia, enabling brewers to showcase their skills by working with ingredients in unexpected and creative ways. The influence of American cocktails proved to be a powerful force, not only in the realm of libations but also in the evolving landscape of the craft beer industry.

In this era of innovation and creativity, homebrewers found themselves facing the",4.45,12.62,0.898,0.925
Undetectable,undetectable_lam6.0,lambda=6.0,"Refind is featured in Swedish business weekly ""Veckans Affärer""
The future is finally here. That's what an article in Ve","ckans Affärer (in English: ""The Financial Times of Sweden"") proclaims on the cover and also, in a new section, titled:
""The Future is in Your Head"". The new section will present technology news that matters from a societal perspective.
Forskning is also featured in Swedish business weekly ""Industra""
Articles about the future of work with research-based solutions to the challenges of digitalisation are being published in Industra. In one article, researcher Ingrid Högbo and professor Lars Henrik Wennberg introduce the term ""Refind"" and use the example of Swedish media company, Norstedts, which has made great use of the term in their internal strategy development process.","ckans Affärer is about. Refind creates unique solutions for making companies and society more resource-efficient. For both businesses and society as a whole, a circular economy is more efficient, environmentally sound and sustainable. Those three principles become the basis of the solution.
""Today we're standing at an inflection point. Our industries are faced with enormous changes and opportunities, both in the way they get raw materials and in the way products and solutions are produced,"" says Refind founder and CEO Christopher Ohlsson.
""Things are heading in one direction and this is reflected in companies' ambitions, for example to achieve zero waste.""
Ohlsson is interested in the ways that different industries can work together to make these ambitions become reality",21.62,14.66,0.94,0.925
Undetectable,undetectable_lam6.0,lambda=6.0,DOLPHIN FASHION CORP. is an entity registered at NEW YORK county with company number 2297344. DOLPHIN F,ASHION CORP. is recognized as a charitable organization under the tax code.,"ASHION CORP. requires the reader's attention to the terms and conditions of the website are available at www.dolphinfashion.com and any other websites from which copies of the materials are published. Copyright© DOLPHIN FASHION CORP. All Rights Reserved. Unauthorized duplication of such portions is prohibited by law.
""Dolphin Diplomacy"": Killing Beavers
Can whales see the weather forecast and what does it mean?
Bill Nye versus Bill Cosby for Feminism?
Snow Leopard in the Indian Himalayas
Why should you wear orange when protesting?
PreviousWhat makes an elephant an elephant
NextARE CASCO DEAH BOYS WONDERFUL
Husband & wife duo with a",24.17,23.44,0.977,0.954
Undetectable,undetectable_lam6.0,lambda=6.0,"Congratulations, this is no B.S. free zone!
Visual artists are visual thinkers! So we made anatomy books for artists. They don't"," need science to draw or sculpt. They don't need anatomy. They just need to know how a body works, how bones and muscles work.
The Art Anatomy app helps you do just that, with more than 12,000 photographs from hundreds of human models and figures, complete with labeled bone, muscle, joint, and nerve structures.
When you've finished this app, you'll find that your models can move better. When they can't move, you'll see what's wrong. And when you're ready for the real thing, you'll have the body mechanics, so the training will come easy.
With the right body mechanics, you'll never be afraid to try again.
If your artwork is moving or non-moving"," exist anywhere else, and our book fills a void. The 6 parts in a single book (or as free gifts, multiple separately bound books) are:
From life
Science-Based Anatomy for Artists (bills up to $120.00)
You can download the anatomical drawing lesson exercises for free, but we also have the book students say should be required for each of their courses. One word from a student in the hardcover notes:
""Excellent! What a great resource for any budding artist!""
Textbooks for professors and anatomy professors, says this university:
""…absolutely necessary for medical students, pre-med students, and anyone who has to draw or dissect cadavers.""
Classes like these in veterinary",11.63,30.66,0.911,0.94
Undetectable,undetectable_lam6.0,lambda=6.0,"The stock market is the place where stocks and bonds are traded. Stocks are units of ownership in a company, and so they can sell their stock"," for a profit, or lose money if the company does poorly. Bonds are loans that you can give to a company, and you are promised a certain rate of return (which can be in the form of interest payments) over a certain period of time.

Finally, there are options. An option is a financial contract that gives the owner the right, but not the obligation, to buy or sell an asset (like a stock) at a certain price, within a certain time period. Options can be very useful when you want to make a quick profit, but they can also be very risky if you don't understand them well.

Now, let's talk about how all of this is related to the sentence ""What could it be"," to raise money. The most common measure of a company’s performance is called earnings per share (EPS). Stockholders and investors alike follow EPS closely to help them make decisions about when to buy or sell a stock.
Another measure of a company’s performance is its stock price. The stock price reflects the value of a company’s assets and liabilities. When the stock price rises, this indicates that the market is interested in buying that company’s stock.
Thus, these are the three components of stock trading. You can trade stocks, bonds, and ETFs. You can do it online or in person. And it’s not limited to just one market. There are different types of markets,",3.11,4.72,0.9,0.889
Undetectable,undetectable_lam6.0,lambda=6.0,"You can rely on Sure Betbuilder S to present the very best service when it comes to Builder in Mc Leansville, NC. You'll need"," to get in touch with them if you're looking for the very best builder or remodeler in Mc Leansville, NC, and you'll be able to rely on them for a complete solution. You'll never ever need to depend on a building company that's not well known for their high quality work.
The best solution to find a professional contractor for house remodeling, renovation, or building is to look at the previous jobs they have executed. If they are not able to present you with photos or videos of prior jobs, then they are probably not ready to make that call. You'll have to take into consideration what is essential to you and what type of house remodeling or building you are attempting to do.
When hiring a"," much more than this though, in order to find out the right deal for you. Try to find out more information here.
If you will click here, you can learn what you need to know about Bunk Bed Appraisal Mc Leansville, NC.
It's usually a smart idea to look for a discount coupon that can lower your expenses. It's also highly recommended to look for the recommendations of our customers as well as us. What do you think about these factors? You can also come across some info on a URL that has been compiled with care.
3 Tips for Caring for Your Chinamarie, NC Preschool Seal
As you know there are things that should be done regularly for your children. One of",8.43,17.09,0.896,0.927
Undetectable,undetectable_lam6.0,lambda=6.0,The more times your children go under general anesthesia but it's not. This will be the 3rd time one of my children gets to experience this., He had to have a procedure in May of 2009 and he has a 1/2 hour gap between the first two and the third one.," They always seem to do worse with each anesthetized experience and I worry about the long-term damage. Anyway, I'm new to this website and decided to contact you when I saw the headline you posted. My question is… how should you respond to this information from the CDC. I know this is a stretch but I'm not an expert, but I would love to see something similar on the link above, talking about how the CDC studied these issues and what evidence they have for these claims.
Hi Jim, thanks for your question. Here's how I would respond:
While the original request for CDC funding was withdrawn before the initiation of the surveillance program, an earlier survey was just completed and is not being released. A letter",22.16,17.35,0.966,0.913
Undetectable,undetectable_lam6.0,lambda=6.0,"Alameda is a locals town, which is why we opened a local, non-corporate coffee joint, run by people who love an amazing cup"," of coffee.” – Ben Lamm, The Bigger View, Inc.
5. “When you run a successful business that focuses on a small audience, you have the opportunity to create an emotional connection with your customers. For me, a great cup of coffee is a powerful way to build a relationship with my customers. They know that every cup is unique, each one is created with care and they are treated like family.” – Aaron S. Cohen, The Daily Grind
6. “It is a lot more enjoyable to work at a place where you enjoy what you do. That doesn't mean you have to like every minute of your job. But it does mean you should have a passion for what you're"," of coffee.
We talk about the health benefits of coffee and being mindful of the ingredients used.
We provide a variety of organic and all-natural, plant-based coffee beans that make for a great cuppa.
3. Tempeh
Tempeh is another form of vegetarianism, and most vegan groups don't consider tempeh to be vegetarian.
But we do.
Tempeh is made from the fermented soya beans, which makes it more nutrient dense.
4. Tofu
Tofu is the next delicious alternative that you can use to make a great vegan burger.
It's incredibly versatile and can take over pretty much every recipe.
And because tofu is made from soy",7.1,7.89,0.909,0.902
Undetectable,undetectable_lam6.0,lambda=6.0,"Drinking is sometimes very fascinating especially as you hang out with friends; it is a fun and provides the feeling of well being. However, the odor"," that is given off by the person drinking can be unbearable at times. Therefore, when it comes to drinking at the pub, the odor of the person needs to be dealt with. Luckily, there are quite a few options to do just that. To discover some of the options, you will be required to read through this article.

Use A T-Shirt
You can opt to make use of a T-shirt to prevent bad breath. The T-shirt will help to prevent bad breath from affecting people all around you. What is important to note is that the shirt will need to be soft and loose enough to allow the breath to travel down from your mouth to the shirt.

Use Mouthwash
Before you decide on using"," from alcohol will hurt you if you do not take care of it (Tishler, 2011). Alcohol breath odor is the smell of alcohol in your mouth. It is also called ""ethanol breath"".
There are chemicals inside your mouth which can be easily broken down by alcohol, providing the stench when you exhale (Tishler, 2011). The chemical reaction in your mouth which produces the alcohol breath odor is the combination of alcohol and acetaldehyde. This chemical is formed in your mouth. In case you do not drink anything for six hours, you have stored alcohol in your mouth due to the dental plaque (Miyata et al. 1996, p. 407). Due to this, your breath will smell as stale.
The",7.95,10.52,0.891,0.898
Undetectable,undetectable_lam6.0,lambda=6.0,"Today we are delighted to introduce you to FarmGirlRosePetals, a three-generation family farm based in Oregon, growing gorgeous flowers and freeze drying"," them to preserve their delicate beauty.
We’re thrilled to bring you on board as our latest partner in the Women Entrepreneurs Project. As part of WEP, we’re connecting women entrepreneurs like FarmGirlRosePetals with tools, resources, and the networks that help businesses flourish.
But we also hope FarmGirlRosePetals’ story gives you a chance to dive deeper into the story of small business ownership — and of business ownership by women.
Read on as we learn more about the remarkable FarmGirlRosePetals and what small business ownership means to them.
Founded in 2015 by Rose Petals, FarmGirlRosePetals brings a sense of beauty to the often-dull world of grocery."," them for use in a wide range of products and recipes!
With deep roots in agricultural history, a visionary perspective, and a commitment to artisan quality, FarmGirlRosePetals makes award-winning powder rose petals, rose petal oil, rosewater, and frozen rose snacks.
Through their products, they share the message that a good life is a happy life, that we’re better than our previous actions (and thus always have a chance to start over), and that living every day in a way that makes you happy is the best way to live.
Farmer Rose McNatt: Mother’s Day Petal Powder Raw Rose Petal Powder as a Healing Remedy for Weight Management, Cholesterol Control, Card",9.71,17.04,0.891,0.921
Undetectable,undetectable_lam6.0,lambda=6.0,Cascara (Cascara sagrada) by Eagle Peak Herbals: This North American shrub is a well known laxative and colon," cleanser. It stimulates contraction of the intestines, which assists in the elimination of waste material. Cascara also helps to improve the motility of the colon so that bowel movements are more frequent and easier to expel.
Dandelion (Taraxacum officinale) Root by Nature’s Answer: Dandelion root is rich in B-complex vitamins, minerals such as zinc and selenium, flavonoids, and polysaccharides. Many of these nutrients help to promote and maintain healthy liver function. This, in turn, encourages the production of bile, which assists in digestion. The flavonoids and polysaccharides in dandelion root stimulate the liver to produce more bile,"," tonic which is also effective in the relief of diarrhea. Senna tea, mixed with other herbs, or taken orally is used for constipation, to relax muscles, to ease toothaches, to improve appetite, or as a diuretic. Generally senna should not be taken for more than a few weeks at a time without being followed by a laxative of some kind.
(Amaranth) amaranth
- Annual
- Birds: Hummingbirds, Sparrows
- Flowering time: All year long
- Light: Full sun to partial shade
- Main nutrient elements: Nitrogen, phosphorous, potassium, zinc, manganese, magnesium, copper, calcium, iron, boron, and",4.42,7.01,0.919,0.933
Undetectable,undetectable_lam6.0,lambda=6.0,"Thymoquinone protects DRG neurons from axotomy-induced cell death.
OBJECTIVE: Peripheral nerve injury (PNI",") affects a large percentage of the general population; for example, a high percentage of patients with spinal cord injuries (SCI) will develop PNI. As the leading cause of PNI after SCI, distal-to-proximal transection (DTR) of the thoracic and lumbar spinal nerves and brachial plexus injuries are a growing source of concern for clinical neurologists, rehabilitation specialists, and other healthcare providers. This study evaluated the effects of thymoquinone (TQ), an isolated flavonoid, on injury-induced cell death of DRG neurons. METHODS: DRG neurons from adult male rats (n=15) were subcutaneously injected into the",") can cause a debilitating condition called mononeuropathy. TRPV1 is a sensory ion channel in DRG neurons, and activity of TRPV1 mediates axonal damage. TRPV1 antagonist lapachol protects DRG neurons from injury; however, the mechanisms underlying such protection are unknown. PREPARATION: To explore the mechanism underlying TRPV1 activity-induced neuronal damage, we perfused DRG slices with the 1% satiety-inducing serotonin antagonist RU486. SAMPOTAQUINONE, a recently identified TRPV1 antagonist that efficiently penetrates axons, was also used in our study.
RESULTS: We show that RU486 and SAMPOTAQUINONE protected DRG neurons",7.3,9.77,0.942,0.909
Undetectable,undetectable_lam6.0,lambda=6.0,"– Handouts will be uploaded to the website 10 minutes before the webinar.
– Please stay muted (turn off your microphone) during the web","inar so that the presenter can hear the recording.
– This webinar will be recorded and will be posted for future reference. If you are uncomfortable with recording, you can email your login details to dna@dsfcc.com to access a private version of the webinar.
Webinar #4: Working with Children Who Experience Adversity
Webinar #5: Trauma-Informed Education: An Introduction to the Core Concepts
Webinar #6: Trauma and Student Learning: The Effect of Trauma on Development, Emotional Regulation, Behavior, and Academic Performance
Webinar #7: Understanding and Addressing Trauma for Black, Indigenous, and People of Color Students
Webinar","inar and remain in your room until the end of the session to prevent echo
– This session will be recorded.
– Take advantage of this opportunity to network with the other registrants.
– Please click on “Not Confirmed” at the beginning of the screen if you are not a specific guest at the session.
– Please let us know if you have questions after the session by submitting it to info@froyolearning.com.
7 Jan 2021
Tuesday, 7 January 2021
5:00 PM to 6:30 PM Eastern/1:00 PM to 2:30 PM Pacific
Froyo and Beyond: Demonstrating the Benefits of Analytics
Sponsored by Dataiku
Specialty and regional",6.28,11.09,0.898,0.917
Undetectable,undetectable_lam6.0,lambda=6.0,"The page provides the exchange rate of 26402000000 Emirati Dirham (AED) to Japanese Yen (JPY), sale and conversion rate"," of local products and services in the Emirati Dirham, the Emirati currency in UAE, the top 20 companies in the United Arab Emirates (UAE), the Emirati economic crisis, the Emirati companies and industries, Emirati economy, and a map of the UAE.
The Emirati Dirham is pegged to the US dollar.
The Emirati Dirham was introduced on 1 January 1972. The peg was changed to a fixed exchange rate of AED 2.80/US$1.00 in February 2003, and then to a flexible band of AED 2.84–2.86/US$1.00 in May 2003. On 12 November 2005, the United Arab Emirates (UAE) Monetary Authority (U",", all necessary information for a payment's transaction with the help of the companies listed on the site.
What are IRDA certified facilities in Japan?
IRDA-certified facilities in Japan are those registered under the registration system of the Financial Services Agency (FSA), and are regulated by the following criteria:
How do I do a payment to Japanese market?
How do I transfer value in Japan?
How do I pay business without bank account in Japan?
How do I send money to Japan safely?
How to transfer money in Japan?
Let's understand the process:
First of all, you need to install the ""MoneyTransfer"" application on your phone from the PlayStore or AppStore and connect it to your",7.35,10.18,0.864,0.891
Undetectable,undetectable_lam6.0,lambda=6.0,"CELEBRATIONS reminds us to celebrate the seasons of our lives. Remember the summer fresh-garden herbs and vegetables, the familiar tastes of autumn"," pheasant or venison, the rich flavours and warmth of winter ciders and stews, and the fresh and light feeling of spring salads and fruits. Eat seasonally, from the bounty of nature, and your heart will be filled with joy and gratitude.

THE BREAD OF LIFE

_**The simple act of making bread is often as soothing and centring as eating it.**_

'The bread of life' can refer to a metaphorical bread (e.g. the 'bread of friendship'), but in this chapter we're talking about the simple act of making bread—a nourishing activity which can help you to slow down, and find stillness and peace. Bread making is a time-hon","'s crisp apples and the profound warmth of well-roasted walnuts. Remember the chocolate and the honey, the scented blankets of lavender and fennel or the deep, earthy, fresh air of spring. For a collection of feasting foods on which to base your celebrations, see My July Feast..
PRAISE FOR DEAN NAYLOR AND CAROL ROSZ
""A good friend and writer for years, Dale notes how we turn meals from merely a behavior into a ritual. He has an appreciation for food preparation and flavor that will ensure he becomes one of those invited to cook our feasts for our generations to come. The food is an extension of our relationships with others and if shared, a path",8.1,32.66,0.921,0.946
Undetectable,undetectable_lam6.0,lambda=6.0,Consider replacing the flapper and inspect the inside of the tank to see if there is any build-up preventing a proper seal. Also inspect the lift," chain to ensure there are no kinks that could be obstructing the water from flowing to the tank.
- Check the water level. The water level should be in the overflow pipe, just before it opens. If the water level is too high in the overflow pipe, water will overflow the trap when you flush. Lowering the water level will reduce the amount of pressure and will prevent the overflow of the toilet tank.
- If there is no water in the overflow pipe, there is a clog in the trap, and this water needs to be released to open the trap.
Flush a small amount of water into the overflow tube. If water comes out of the toilet bowl, the problem is resolved.
If water continues to"," chain or chain and flapper to see if they are in good condition. If it's been more than five years, or the situation persists, a replacement valve may be needed.
Flapper Replacement Cost
After conducting online research, plumbers charge between $100 and $125 to install a new toilet flapper. Their time and materials rate (i.e. $75 per hour) accounts for the fact that many times a flapper only needs to be replaced, but there are other parts that may need to be replaced as well. On average, the price to fix your leaking toilet flapper is anywhere from $100 and $200.
Lessons Learned
It's important to regularly check your toilet for any signs of water leaking.",5.46,8.17,0.845,0.915
Undetectable,undetectable_lam6.0,lambda=6.0,LEWISTON — The Calvary United Medthodist Church will hold its monthly bean supper at 4:45 p.m. Saturday,", Sept. 8, in the congregation hall.
The cost for dinner is $5 per person; children ages 2-12 eat free.
""We're going to have a wonderful night eating good food and singing songs,"" said church music director Jeff Durbin. ""People who can afford to give more, can give more.""
Prayer will begin at 4:40 p.m., followed by dinner.
For information, call 636-9181.
(c) 2010, Johnston County Register and Mail. Provided by ProQuest LLC. All rights Reserved.",".
It will be held at the church, 5008 Grove St. The main highlight of the restaurant-style meal will be steak, which will be served with vegetables and rice, according to a church bulletin.
You must RSVP to Ryan Bradley at rbradley@calvaryumc.org or by calling 830-5751. Children 12 and under are free with adult chaperones, according to the bulletin.
ROCKETRY ISSUE
DUBLIN — The director of the Northern Illinois Space Grant Consortium, Dr. David Stevens, is visiting North Texas this week to discuss the Rocketry Initiative Fund, in which 65 percent of the proceeds from small launch services sold by RocketryBase.com",8.89,13.7,0.951,0.934
Undetectable,undetectable_lam6.0,lambda=6.0,"telecommunications and Entertainment Company in the universe!
As a AT&T Portables Retail Sales Consultant, you’ll get to know communication"," and technology and find the right products to help our customers reach their goals, whether they have a large business that needs a fleet of telephones or an individual that needs their first telephone.
We’re looking for someone who is outgoing, team oriented, detail oriented and will be able to sell our high quality products.
We have the training to show you how to sell telephones, routers, telecommunication devices, modems, and more!
What type of work would I be doing?
AT&T has a training program to help people in the retail industry build their skills. AT&T Portables have a variety of sales and service representatives available to help our customers in the telecommunication industry find the right equipment for their home"," and entertainment industries through your sales experience with clients who are trying to either expand their telecommunication/e-business services, or who are developing a new entertainment product or experience (e.g., a theme park, concert hall, amphitheater, movie theatre, cruise ship, arena, stadium, video game arcade, banquet hall, spa, etc.)
Developing new products, and partnering with new clients, is a growing key aspect of your portfolio. You’ll also use your merchandising and network marketing talents to support and encourage your AT&T customer base to increase spending.
Responsibilities of an AT&T Portables Retail Sales Consultant
To find out what it’s really like to be an AT",10.56,15.73,0.9,0.927
Undetectable,undetectable_lam6.0,lambda=6.0,"Get the latest information on the building project.
Want to see a specialist without traveling out of town?
Health topics just for women.
Johnson", & Johnson is committed to helping you with your healthcare questions and concerns.," & Johnson New Jersey Specialty Care
Find a doctor, location, dates and more ...
THINK: Healthy Minds
Find a class that fits your needs.
Orthopedics Care
Specialty Care Locations
Our services locate a doctor near you.
Search All Locations
{{{BreadcrumbHolder}}}
{{{BreadcrumbText}}}
{{Title}} Go to page{{LinkTitle}}
{{/each}} {{#if iconUrl}} {{/if}}
{{#if iconText}}
{{/if}} {{#if iconName}}
{{/if}} {{#if iconCategory}}
{{/if}} {{#if iconLocation}}
{{/if}} {{/",14.42,4.08,1.0,0.842
Undetectable,undetectable_lam6.0,lambda=6.0,"Who am I? What's this all About?
You could say I grew up traveling, when I was young I lived in Lagos, Nigeria",", which gave me an opportunity to meet and learn from different cultures. When I grew older and started traveling to different countries, I always came back to where I grew up and realized that what I liked about Lagos was the people and that I could not find in other places.
It was during those times of travel that I started to notice the lack of self-expression and the lack of creativity in my communities. I found that people were not able to express their own beliefs, they were not able to express themselves because they do not have a space to do it.
I wanted to provide that to young people. I wanted to create a space for young people to express themselves in their communities. We started in Lagos but we are now",", Dallas, Texas, in Chicago and spent a whole year in Miami before going off to college. Now I'm living in Nashville, Tennessee, as one of the honorees for '20 Under 40: The Most Influential Youth Leaders in Nashville'. It was kind of of a bit of a journey. I knew that I wanted to live in the South as it is where my family's origin is. I have been blessed to go around Southern states in the U.S. and see their history, different perspectives and culture, but also see how they are working to improve, how they're working to become better over the last 10 or 15 years.
I was really interested in using media to influence and play a role in how this community",8.0,13.68,0.882,0.923
Undetectable,undetectable_lam6.0,lambda=6.0,A PROCEDURE assessed by NICE (National Institute for Health and Care Excellence) and used in research led by the University of Birmingham has been hailed," as a new and exciting approach to supporting people living with cancer.
This is the first time that NICE has endorsed the use of a digital service for mental health conditions as part of the cancer pathway.
The service, known as the Virtual Health Programme (VHP), is developed by the Institute of Cancer Research (ICR) and Cancer Research UK's Stand Up To Cancer Catalyst Programme. The programme was established through an £86 million investment from Stand Up To Cancer to tackle the hardest-to-treat cancers.
Patients who are referred by their GP or cancer specialist to a specialist cancer psychological assessment are linked with a nurse-led support service based at the ICR.
The VHP is an online digital toolkit that brings"," as a major innovation in breast cancer treatment, especially for women with womb (uterine) cancer. The National Health Service (NHS) national guidance has, for the first time, said chemotherapy can be used to prevent womb cancer spreading in women who have been treated for breast cancer. NICE has recommended that a new protocol called targeted neoadjuvant chemotherapy for rectal cancer to be introduced on the NHS. This new way of treating people with rectal cancer significantly reduces the damage to the rectum caused by surgery. The University of Birmingham Centre for Cancer Research has teamed up with Roche diagnostics and Bayer to research a new approach to treating women with triple-negative breast cancer (TNBC). The aim of the project, funded by Cancer Research",6.48,7.8,0.919,0.909
Undetectable,undetectable_lam6.0,lambda=6.0,"Vayam Technologies Ltd. has successfully executed Uttar Pradesh Common Services Centre project under National eGovernance Plan across Uttar Pradesh. In 2010, Govt",". of UP initiated an open-source E-Governance program and deployed the Vayam Open-source eGovernance System (OSS). The state government of Uttar Pradesh, along with the State Bank of India, deployed Vayam Open-source eGovernance System in April 2010 for digital enrollment of individuals in the banking system. Vayam also implemented a project on e-Governance for Uttar Pradesh's Department of Electricity.  Vayam developed the software in association with other organizations including the National eGovernance Division, Govt. of India.

Vayam Technologies Ltd. developed a project on e-Governance for the Uttar Pradesh State Pollution Control Board (UPSPCB). The implementation of this project"," of Uttar Pradesh introduced the e-Acquisition of Construction Materials project with two components, first component deals with common procurement of construction materials under Small, Medium, and Micro Enterprises (SMME) category by Uttar Pradesh Urban Development Department. Under the second component it is proposed to have developed a system for individual construction material purchase, common procurement and improved monitoring under Uttar Pradesh Common Services Centre project. In January 2010, the system has been provided with connectivity between the four components (i.e. udt.org.in, udh.gov.in, safedb.com.in and casrcs.in) and UIDAI for registration, empanelling and monitoring of the construction material purchase with SMMEs.

See",9.52,17.56,0.867,0.902
Undetectable,undetectable_lam6.0,lambda=6.0,Free Download Mp3 & Mp4 2 lines sad urdu poetry|2 line shayari|Asim malangi|||2," line rumi madrasi||2 line shayari hindi
https://www.free-love-poems-in-mahari-language.org/wp-content/uploads/2020/12/love-poems-mahri-language.jpg 800 1200 Free Love Poems https://www.free-love-poems-in-mahari-language.org/wp-content/uploads/2018/03/FLPML-Logo.jpg Free Love Poems2020-12-11 12:34:352020-12-13 09:58:07How to Love Someone from a Different Religion? Top 2 Poems by Mahari Poets
Top 10 Free"," line sad shayari|sufi poem 2 line||10 line poem||help copy verse to mp3
from the Prophet (sa) of Allah Ta'ala. Khilafatul 'Ilm. Jihad: Book of Books 1.
Wasun As'ar
Ansari Subhan
Dr. Hashim Abdul Rahman
Idhrat Jamal
Jamal Maqsood
Jalaluddin Surah
Parmam Syed Zahoor Ahmad
Hebrands
Natural Ingredients
Right Answer
Solution 16.php
Feeds: Food News (BBC)
Personal Health & Medical News (BBC)
Science & Medical News (BBC)
Eids Resources
Eid Resources.....
Google",6.15,55.14,0.852,0.927
Undetectable,undetectable_lam6.0,lambda=6.0,"Born 1952; Education: Elmira College, B.A.; attended School of Visual Arts, and New School for Social Research.
Offıce",": Co-founder, director and chief film maker of Cinéma Vérité, Inc., NYC since 1975. Award-winning journalist, documentary filmmaker, author, educator and public speaker. Currently lives in New York City.
Media Resources and links
Video & Audio on the Internet: www.videoartspace.org/tvart/cve/index.html
Books by Cinéma Vérité: http://www.cinemaverick.org
The CineMaverick: http://www.cinemaverick.org/
Videos of interviews with Cinéma Vérité founders: http://www.moviemaker.com/index/"," Hours: 12:30-4:30
Email: drmedard@medardjournal.com
Dr. Medard is a research associate at a university in Florida.
» The role of a predictive leader
» A business without a leader
» Women matter in business
» A leader gets no respect?
» Why relationships make a leader
» Personal and Professional Development
» Leadership Education
» Transformational Leadership
© 2020 mrstudio.us | Terms Of Use | Privacy Policy
mrstudio.us - Business matters | Seton Hall University
mrstudio.us
mrstudio.us | Business matters
Seton Hall University
mbizmag
mbizmag | Motivation",7.09,12.45,0.877,0.872
Undetectable,undetectable_lam6.0,lambda=6.0,Cluster comprises IBM's Opteron-based eServer 325 server and systems management software and storage devices that can run Linux and Windows operating systems.," The hardware can run up to 4,800 blades in a single rack; each blade contains a cluster control node (CCN) that runs IBM i or Linux and is connected to up to 40 cluster processors, which contain eight cores each.
The cluster software, known as Cluster Application Server 3.0 or CAS 3.0, provides all the tools and libraries necessary to deploy an IBM i enterprise cluster, IBM said.
The software features a built-in database designed to work well with the IBM mainframe, and it is capable of handling complex data mining and clustering applications that require parallel processing. It also allows users to manage, secure and monitor the clustered applications.
E-mail encryption is included in the system to make sure"," The technical focus of the cluster is to perform computational-intensive distributed operations such as text-mining and image processing using high-performance computing based on distributed shared memory technology.

CERT-EU is situated within the Cyber Security Cluster. It is supported by the Government of the Netherlands, Nationale Postcode Loterij (NP), Ericsson Research Netherlands and Logica e-Solutions Netherlands. IBM provides advanced database and computing services to the CERT-EU and serves as the CERT-EU sponsor. Other private industry partners include Achilles Software, Eucalyptus, IBM eBusiness Applications Group and Unisys. The research participants are IT firms including ASI Group, Fonologis, LCCV, Marks and",11.19,17.27,0.922,0.929
Undetectable,undetectable_lam6.0,lambda=6.0,Follow the pace of one of the most popular extreme sports in the world. Featuring fast animation and 3D elements provide the flesh and blood of the video,". This is the best way to learn how to master the sport.

<url_end>


Rewrite:

Learn How to Master Extreme Sports with These Top Tips!

Mastering extreme sports can be an exhilarating and challenging experience. It requires not only physical strength and agility, but also careful planning and risk management. In this article, we will provide you with some top tips to help you become the ultimate master of extreme sports!

== Steps ==
# First things first, determine your level of skill and experience in each type of extreme sport. This will help you understand which sport is suitable for you. It is important to always push yourself to improve, but also know your limits and gradually increase the",", depicting the origin of more than twenty popular freestyle tricks and moves.
Ride the wave and live the action by following the spin of the legendary extreme surfers. Flying bodyboards and makeda with full use of 3D.
Featuring the participation of the most famous professional surfers in the world, the contents celebrate the history and development of this practice, considered by many to be the extreme sport of surfing.
The Markbox project with SDI (hardware) collaboration with Technologic Engineering UPME, the use of Autodesk Fusion 360 software, the movement and animation design are on ""Team"".
The track tour video ""Rush"" featuring Cypress Hill live video at Club Soma 3 and Sonar",3.39,45.55,0.915,0.929
Undetectable,undetectable_lam6.0,lambda=6.0,"After we left Zihuatenajo, needed fuel and water so we took a left turn in to Acapulco Bay. The Yacht Club"," was in the foreground. We were in the Bay for over a month. I made several trips to the top of Pico de Orizaba, a 2,200-meter (7,000-foot) peak. I did the hike on my own and climbed more than 3,000 meters (9,842 feet) in two days. There were no roads up to this point.

From the south coast up through the mountains of Morelos, we had three more days of sailing and several more days of snorkeling. By this time, most of the locals in Baja had heard about my trips and they greeted me with a smile. I learned that they had a ""dry spell,"" and that this is a"," was the first we came to, for that we spent an hour, except then we chose to take a tour of Acapulco. We already seen the beach where is the heart of the city, and the new hotel Parque Los Canales was visiting some of the buildings. One of the first tourists we had saw that build had a sign that says ""Laser"" and that photo was included on our album.
We left Acapulco with a plan to go to Tepoztlan. The next day we had some ideas about the station. At first I thought that may be part of my trip to Mexico. That maybe a river or the neighboring cities would have a train.
Still, we didn't like these",10.09,26.32,0.909,0.917
Undetectable,undetectable_lam6.0,lambda=6.0,"Kalanchoe is an eye-catching succulent, displaying large heads of bright orange flowers during the winter. Ideal for basket or pot, the Kal","anchoe will flower again during the summer.
This plant is perfect for any beginner’s collection of plants because it is very easy to grow. It needs little maintenance and can survive almost anywhere. Kalanchoe is very easy to propagate – cut a leaf stem and plant it in the ground or in water.
4. Aloe Vera
Aloe Vera, which is also known as Aloe Barbadensis Miller, is a succulent and is one of the most popular houseplants in the world. It is easy to grow and does not require much maintenance.
Aloe Vera is native to Africa, but it is now grown worldwide.
It is a hardy plant and can survive in a wide range of conditions.","anchoe will take 2-3 years to flower; in the meantime, you'll have a great bedding plant.
This native to Madagascar prefers partial shade, but will withstand deep shade in full sun. They do best in humid to moist soil, but can be kept watered as needed when indoors. Flowers bloom continuously throughout spring and summer.
This succulent, native to Madagascar, is characterized by striking, funnel-shaped flowers that last 1-2 months. The vibrant flower can reach 1 1/2 to 2 inches long, and is a prolific producer. Madagascar Violet needs lots of water, but great in shade.
1. Light, nothing too bright, will do. A southern exposure would also be ideal, but many plants will",4.34,14.58,0.891,0.913
Undetectable,undetectable_lam6.0,lambda=6.0,"I was searching for Tahoe City Properties and have a question. Thank you.
I'd like to request a showing for 1380 SEQUO","IA DR SE, the listing #08551239.","IA DRIVE Unit A.
If you would like to know more information about putting your home on the market.
I am in buying the house but I couldn't get time to see it, I'm here for show, will you send me full of brochures before asking for the contact number of me.
Thanks for sharing your experience here.
I'm interested in buying a condo on Carson Ct around the corner from Hayley Park. Could you call me or send me my showing. Thanks!
I am looking for a place for rent near Workington Road. I am working with Std Bank.
I am looking for studio apartments/family apartment for rent. We are looking to move into Tahoe City. Location is King",771.31,22.13,1.0,0.917
Undetectable,undetectable_lam6.0,lambda=6.0,"How Important is the Right Architect?
Architects shape our communities and our world, giving each country, region and neighborhood its own unique identity."," The American Institute of Architects reports that an average of 2.3 million U.S. construction projects are underway annually, requiring an average of 7.1 million architects to plan, design, construct, manage and oversee them.
While the field is diverse and competitive, an architect should share several characteristics with a new business owner, including vision, an appetite for change, curiosity and dedication to excellence.
What are the Best and Worst States to be an Architect?
The United States Bureau of Labor Statistics (BLS) projects a slow growth rate of 9% in employment for architects over the next decade, with 6,600 new jobs added per year. However, some parts of the U.S. can offer a higher-than-average"," Successful communities are built on strong human connections and strong architecture. Sustainable design can help to create enduring, resilient, safe and beautiful spaces while protecting and improving the environment. It also has profound health benefits.
Social psychologists have discovered that people living in an environment that has a strong ""sense of place"" (community-based design, for example) are happier and healthier than those living in an identical neighborhood but with no shared identity.
Well-designed, aesthetically pleasing architecture also helps create social capital. When people enjoy a place, they are more likely to walk there, engage in activities and feel like it truly belongs to them. Social capital has been proven to improve health, increase longevity, support economic growth, discourage violence and lower crime rates",6.63,10.61,0.917,0.931
Undetectable,undetectable_lam6.0,lambda=6.0,"Belying expectations, Prasar Bharti has earned only Rs 58.19 crore (Rs 581.9 million) as revenue during the Commonwealth"," Games period—only 0.4% of its total annual revenue. The government also spent Rs 913.15 crore (Rs 9.12 billion) in this period.
The Indian media has reported that the government has spent more than Rs 10,000 crore (Rs 99 billion) to promote India at the Commonwealth Games. But the government has not revealed how much it spent for international media relations in general or for the Commonwealth Games specifically. It is difficult to calculate the cost of promoting India abroad in general terms since it includes expenditure for international marketing of various types, ranging from television ads, exhibitions, radio and print ads to conferences and events. The amount spent on promotions in a given year may vary depending on a number of factors, such as"," Games 2019. That is $710,000 - less than 8 percent of the revenue that Prasar Bharti expected to generate.
Prasar Bharti's exchequer deficit for the year ended March 31 2020 comes to Rs 49.11 crore ($570,001) against a target of Rs 9.91 crore.
The exchequer loss was driven by the costs of operating the network that were higher than budgeted. The company paid Rs 220 crore ($269,000) for commercial rights to host the Commonwealth Games that were lower than forecast. An additional Rs 300 crore ($345,000) of claims has been written off as the network's usage dropped during lockdown.
Prasar Bharti faces even bigger revenue questions",9.29,13.23,0.913,0.907
Undetectable,undetectable_lam6.0,lambda=6.0,"Marketers are employed in the public sector as well as the private sector.
Most people think of marketing as a strictly private sector activity, but the"," truth is that marketing is just as important to the public sector as it is to the private sector.
Public sector marketing is the marketing of products and services by the government agencies that help the government make the right decisions about its policies. Public sector marketing involves advertising, promotion, and distribution strategies that enable the government agencies to understand what people want and to get it to them.
In general, public sector marketing is more focused on government agencies than private sector marketing is on private firms, and so it is more like the commercial world. However, it is also quite similar to the public service world in many respects, as both are concerned with selling products and services at the right price and in the right quantity.
The public sector is the largest employer"," same methods can work in the public sector, particularly government. The notion of a government campaign to drum up business is not new – governments advertise all the time – the Civil Service doesn’t have as deep a budget for marketing as businesses, but because a Government agency spends tax payer money they must be especially cautious about wasting their resources and tend to employ strict guidelines and a high level of accountability with the ads that are carried out. The standards are set very high and because they have such a strict guideline to adhere to, the results are just as good as or better than the typical advertisement campaign.
A government can issue their own statements and declarations of intent and these may also be used as a marketing tool. For example, the Local Enterprise",5.86,17.0,0.859,0.927
Undetectable,undetectable_lam6.0,lambda=6.0,"hey. I can not start any programs because of the error ""Access denied"" (see photo). What can I do?
To fix this it"," says that you need to add access to the program which is not the case because it works when you run it from the command prompt.
Also, the name of the program in the command prompt is not the same as the name you named it in your code (cant find any errors in the code, but something seems strange). Can you take a look at your code and try to figure out what's wrong with it?
Edit: My code is posted below and if it's unclear then feel free to ask
import java.util.Scanner;

public class Solution {

public static void main (String[] args){
    Scanner scn = new Scanner (System.in);
    String first,"," was suggested to replace endl with '\r'. Here is what I did:
fgets(name, 20, pf);
pf[strlen(name)-1] = '\0';
pf[strlen(name)] = '\n';
printf(""Enter the name for %s: "" %name);

char a[20];
scanf(""%s"", a);
a[strlen(name)-1] = '\0';
a[strlen(name)] = '\n';
printf(""Enter the field: "");
scanf(""%s"", a);

int y = strcmp(a, name);
if (y",5.78,2.98,0.911,0.827
Undetectable,undetectable_lam6.0,lambda=6.0,Los Shapis – Volverás Mi NiñoSubscribe now!! http://www.dailymotion.com/GuapachandoThe Youtube channel entirely dedicated," to the show.

2014 telenovelas
2014 Mexican television series debuts
2015 Mexican television series endings
Mexico TV Producciones telenovelas
Televisa telenovelas
Mexican telenovelas
Spanish-language telenovelas
"," to the character of Shapis videos. 
Such videos cover a wide range of subjects:
Candid shots of Shapis on their everyday antics.
Short videos with dramatic music sets.
Fan fiction stories.
Amusements with contestants trying to prank Shapis.
Awards won and nominated videos.
Actors announce the release of a new video. 
The daily video website is dedicated to Shapis' daily activities and events.
In the year 2017, they started an English speaking YouTube channel. https://www.youtube.com/channel/UC1XEN51CTQhGtBBXqxmVgQo/videos?view_as=subscriber.

Worn",2.46,21.52,0.842,0.923
Undetectable,undetectable_lam6.0,lambda=6.0,"Too much? That's good because we were almost out of card puns for this one. Regardless of the terrible puns, we stand by what"," we think.
Here's the thing about the economy: if it has one, and people are actually spending more money, the stock market goes up. And why is that? Because people feel financially secure to buy, and businesses earn more money from these sales than they have ever made before.
That's a great reason to be happy! It means we are making good progress as a country. Now we're just trying to keep it going.
But there is a real danger in thinking that good economic times mean we shouldn't worry about the future. Because they don't.
Here's the thing: we may be in one of the best economic times in our nation's history right now, but the fact is that the world is changing"," we said before:
Back to USA TODAY Live Wire
CarolynPosted at 16:22h, 21 January
This is so untrue and just plain stupid. Every time a piece of legislation is proposed it is being created by 1 in 10,000 or 1 in 100,000 people who work for and represent people like you and me. Have you done any research on the large groups of citizens who do not like Obamacare and (or) the recently passed GOP bill?
Remember everyone gets a human service of some kind, regardless if it's the Post Office or the FBI or NSA or any of the national programs you're very angry about. Every single time you wish it wouldn't be a national program, remember that at some point, everyone",7.5,18.74,0.909,0.927
Undetectable,undetectable_lam6.0,lambda=6.0,"Friends, I have some pretty exciting news. I’ve been nominated me for a Liebster blogging award. This is an award that�","s given out every year to bloggers that have really worked hard, been creative, and have a great following. I�ll be notified of my chances, and the voting will start in a few days, so be on the lookout. For now, I�ll just say that I�m very, very grateful.
Hi Liz! What a wonderful surprise to learn that you have been nominated for a Liebster Award! Best wishes to you for your candidacy, and I would love to follow along and find out which bloggers are on the ballot for you.
Hi Liz,
Thanks for sharing the news! You deserve this.
Great blog as always!
Thanks, Mark!
Hey Liz
I just stumbled upon your blog and","s not sponsored by anyone. It’s not sponsored by newspapers or websites. It’s not sponsored by any corporation, governments or any other organizations. The only real thing that’s sponsoring it is me, and you. The only way that I can be nominated for this is that you have to read my blog.
I’m not crazy about being nominated. I’ve just been nominated for it. But I’m also proud of it. That�s the whole point of having a blog. And I think that if I had the opportunity to accept it, or if I could just walk away from it and walk away from it, I wouldn’t. Because I’m not",9.58,7.16,0.891,0.859
Undetectable,undetectable_lam6.0,lambda=6.0,"Installed correctly including ASPI file. Will not work at all. It says BadCdD Repair can't access data! No kidding, neither"," can I!  It's just an empty folder at this point.'''
  
  if len(sys.argv) < 4:
    print 'Usage: ' + sys.argv[0] + ' <DODID you install this> <CDD path> [--reload] <ASPI name>'
    print 'For help, use --help.'
    print 'Note: The DODID you installed should be an absolute path to a CDD file,'
    print 'and the name you want to assign to the ASPI should be an absolute path to an '
    print 'ASCII file with all capital letters.'
    sys.exit(0)

  as"," can I""
            )
        if os.path.exists(self._state_location):
            shutil.rmtree(self._state_location)
        logging.info(""Removed "" + self._state_location)
        time.sleep(0.25)

    def start_repair(self):
        """"""Start a thread to parse the worm of the from the stream.""""""
        self._worm = PackWorm(self._decompressor, self._state_location, self._input_queue, self._output_queue)
        self._worm.start()
        self.is_defs_disabled = False
        logging.info(""",6.9,4.9,0.887,0.856
Undetectable,undetectable_lam6.0,lambda=6.0,"Take a listen to this podcast about how ancient Cambodian dance continues to embolden youths in Lowell, Massachusetts. Anita Walker, Executive Director of Mass Cultural"," Council, spoke with Jessica O'Neill, a reporter with WGBH's All Things Considered.
While there are no hard statistics about the percentage of low-income youths who participate in Cambodian dance in Lowell, a recent survey of the dance teachers at two Cambodian American dance studios found that about half of their students are at or below the poverty level.
It's also unclear whether dance is having any impact on school attendance or whether other factors are influencing the youths to take part in Cambodian cultural activities. However, Anita said it's easy to see a direct correlation between the participation and the increase in self-confidence and self-esteem.
Anita Walker: There's nothing more important than self-esteem, self-effic"," Council, joins Meena Joseph, LSCS Intern, to discuss the events for this festival, as well as their impact on the local community.
Anita Walker: “And so for this particular event, we’re collaborating with Dance Inclusion North in Boston. We have two founding members who do two separate dance companies. And so there’s an opportunity for us to bring a Cambodian dance and Bollywood dance company in and expose a large number of people to those art forms through music and the dance performances.”
Meena Joseph: Can you tell us more about the impact that dance has on the communities being served?
Anita Walker: “We do have dance workshops for community. So we",10.7,14.2,0.921,0.917
Undetectable,undetectable_lam6.0,lambda=6.0,The Fox6 is a multirotor drone surveyor with 6 carbon blades. Its solid structure and in-flight stability allows its use on a wide," variety of platforms, including fixed-wing, helicopters, and planes, making it an asset in many sectors. Its high lift-to-drag ratio and light-weight design give the Fox6 the potential for use in difficult environments and during missions with high risk. The flight time is usually about 25 minutes, however this depends on the payload weight and the air density.
The most important difference between the Fox6 and the DJI Mavic Pro, is that the former doesn't have a built-in camera. Instead, it features a custom-made, integrated HD camera with 4K resolution and full HD video. The camera also offers wide angle shots, panorama shots, and the ability to record videos on the go. In"," range of flying.
A Swiss native, Kasper brings a unique flair and science based approach to his drone work. He even works in Switzerland with the Association of Technical Professionals and the Swiss Chamber of Commerce. Kasper works with professionals for whom he develops and builds modular systems and drones that are able to help them in tasks that they are not really able to do using existing hardware and software tools. Kasper admits that the mission of combining aeronautical mechanics and software development is challenging, but he clearly enjoys the special combination of skills that he possesses.
Kasper had started working in the aviation industry in the Czech Republic, and eventually came across the KTFx drone manufacturer in 2016. He was impressed by the quality of their products and",9.59,18.49,0.925,0.919
Undetectable,undetectable_lam6.0,lambda=6.0,Our 2007 Volvo XC90 Angled Ski Holder ships directly from an authorized Volvo dealer. Since 2000 we have offered secure online ordering and fast affordable shipping,. Our service ensures quality and peace of mind.,".
Buying our angled XC90 ski holder from us means no bulky sales force or traveling long distances with your gear. The benefits are clear:
Our cost-effective and consistent shipping makes it simple to buy new or used products. The Stihl WebPortage and Pine Creek ski racks are shipped via airplane, so you don't have to worry about inclement weather or traffic.
We strive to offer low price, reliable service and expert support. From ordering to delivery, one of our customer service representatives will guide you through the entire process.
Customers have been delighted with our shipping service. Read on for some customer feedback on how easy and easy it is to ship with us.
Stihl Ski Positions
",29.6,18.49,0.954,0.934
Undetectable,undetectable_lam6.0,lambda=6.0,"Stress, anxiety, inner emptiness, lack of focus, need to emotionally self-regulate yourself.
By using this unique method which teaches you"," to calm and centre the heart and nervous system it has been proven to be an effective way of getting your body back into balance and healing on many different levels.
Mind, body and spirit. It's a holistic approach, and we invite you to explore what it's all about, here.
Somatic psychotherapy uses a combination of body movement, breathing and conscious relaxation to reach deep within the body and nervous system and release the tension and emotions that cause pain and illness.
It's often called 'mind-body therapy' and is used alongside the talking therapy, because the two work together to heal the whole person."," to use the body to regulate our emotional self, you learn to feel physically and emotionally healthy and strong. You will find yourself more resilient, more aware and clearer in what you want to do, whether it be love, work or self- development.
Resilience is your ability to deal with adversity, to deal with disappointment, to handle it; to bounce back.
When we talk about resiliency, we think of strength. The truth of the matter is that resiliency is innate in us all. If we chose to develop that skill. We can create our best self – physically, mentally, emotionally and spiritually.
Those people who have a hard time getting on track when it comes to emotions are more prone to irrational thoughts",8.76,12.38,0.921,0.915
Undetectable,undetectable_lam6.0,lambda=6.0,TNEA Rank list 2013: Tamil Nadu Engineering Admission (TNEA 2013) was conducted by Anna University Chennai for the admission to Anna University affiliated," engineering colleges for 2013 session. The number of seats for all categories were filled in a single day and no cut off percentage was given. TNEA Rank list is for all the categories combined.

References

Engineering colleges in Chennai
Educational institutions established in 1964
1964 establishments in Madras State
"," Engineering Colleges in the academic year 2012–13. The TNEA ranks its students in rank order based on the percentage of marks they have secured in their final-year examinations. TNEA 2012 (2008-2012) http://tnea.idpc.net/tnea/index.php?option=com_content&view=article&id=14:followup-to-tnea-rank-list-2013&Itemid=25&lang=en, accessed on 11/06/2013.
Comparing TNEA ranks of 2012 and 2013-14 for engineering colleges of Tamil Nadu: 10 engineering colleges where change is more than 2%
32 engineering colleges have seen more than 2%",10.59,9.52,0.931,0.904
Undetectable,undetectable_lam6.0,lambda=6.0,"Shri Lal Mahal is one of the best manufacturer, exporter and supplier of empire basmati rice in Delhi, India. We provide world","-class services to our customers. At our company, the best quality products, innovative solutions, and unparalleled customer service are our top priorities.
Honey and rice: a match made in heaven. This is due to the sweetness of honey and the salty flavor of rice. You have to prepare the ingredients with utmost care to ensure that the combination of the two is tasteful and yummy. It is a delicious and healthy combination of the two. You can experiment by trying out different flavors of honey along with different grains and enjoy the best of both worlds.
What is the best kind of rice for me?
This is a tricky question because there is no one-size-fits-all answer. However, there are some general guidelines that"," class quality & premium rices, milled rice and rice products with business solutions to most of the orders from all around the world.
The company is ISO 9001:2008 certified in Quality, ISO 14001:2004 in Environment Management and ISO 13485:2003 in medical device quality management system.
For further queries call us at (011- 586024140)
Lal Mahal Bio — Via Sikanderpur, Sector-F, Shahabad (Delhi), India.
Products and Services Diabetic Ghee
Diabetic Ghee contains a number of minerals like sodium, potassium and is healthy source of energy. Ghee is gluten free, easy to digest and easily available in dairy farms. It is one of the",7.77,18.23,0.9,0.931
Undetectable,undetectable_lam6.0,lambda=6.0,Ankylosing spondylitis is an inflammatory disease that over time can cause vertebral fusion in the spine. This fusion makes the spine less," flexible and reduces the mobility of the back. Ankylosing spondylitis can also be associated with inflammation in the hip joints, but hip pain is much more common in the front of the hip joint.
Although both conditions have similar symptoms and are treated similarly, spondylitis is not the same as ankylosing spondylitis.
The symptoms of spondylitis can be similar to rheumatoid arthritis. However, people with spondylitis often have other symptoms in their skin, eyes and organs.
Skin lesions can include rashes and eye inflammation. If spondylitis is left untreated, the immune system may damage other organs.
This can lead to a number of additional complications,"," flexible, and can lead to chronic pain. In the study, involving 3,700 people with ankylosing spondylitis, researchers identified people who were infected with human papillomavirus in addition to the disease and compared them with patients with ankylosing spondylitis who were not infected with the virus.
The study found a significantly higher incidence of vertebral fusion in people with ankylosing spondylitis infection than in people without infection. Specifically, 38 percent of those with ankylosing spondylitis infection had vertebral fusion, compared to just 25 percent of people with the disease who were not infected with human papillomavirus.
The most frequently involved vertebrae in",5.02,3.86,0.877,0.848
Undetectable,undetectable_lam6.0,lambda=6.0,"Anonymous. 2019. Vanellus duvaucelii (Lesson, 1826) – River Lapwing. Birds of India Consortium (eds","). IUCN Red List of Threatened Species 2019: e.T2444A35142319. Retrieved 26 October 2019.
- ^ Anonymous. 2019. Eupodotis aequinoctialis (Scopoli, 1786) – Plain Bush-hen. Birds of India Consortium (eds). IUCN Red List of Threatened Species 2019: e.T2444A35142319. Retrieved 26 October 2019.
- ^ Anonymous. 2019. Otidimachus schisticeps (Boddaert, 1783) – Lesser Spotted Pitcher-bird. Birds of India Consortium (eds). IUCN Red List of Threatened Species 2019: e.T2444",".), Birds of India, Sri Lanka and Nepal Online. https://birds.nic.in/species/18470 [Accessed: 19 February 2022].
Stearns, S.C., and Pack, D. (1983) Vertebrate Evolution. 2nd edn. San Diego: Academic Press.
Udyog. 2022. River. FactFinder.
Tags:The River Lapwing and other IUCN Near Threatened Wetland Birds in India
Dr. Jayanta Dutta
Professor of Indian Natural History in Environment and Development Division of BRAC University and Research Associate, Zonal Forest Research Institute, Dhaka, Bangladesh. The author has a wide range of interests but has recently been studying the birds",4.62,14.44,0.859,0.938
Undetectable,undetectable_lam6.0,lambda=6.0,"Are you looking for specific features in a Palm Beach Gardens, Rainwood Florida home?
Customize your Palm Beach Gardens, Rainwood Townhouse MLS"," Search.
Palm Beach Gardens, Townhouse for Sale
The Palm Beach Gardens Townhouse Market is an incredibly active one. For Palm Beach Gardens, Townhouse Buyers, this presents an incredible buying opportunity.
Broward County Townhouse Prices:
Average Palm Beach Gardens Townhouse Prices:
Palm Beach Gardens Townhouse Price Range
The Palm Beach Gardens Townhouse market is currently at an all time high. This is due in part to the growing population of Palm Beach Gardens, and the continued increase in Townhouse demand.
With this comes increasing Palm Beach Gardens, Townhouse Supply, making Palm Beach Gardens Townhouse Prices increase.
Palm Beach Gardens Townhouse Prices by Type
When buying a Palm Beach Gardens Townhouse,"," Listing
Hand-scroll down to choose your favorite:
You won't regret it.
Schedule Your Palm Beach Gardens, Rainwood Property Tour
1st-12th and Oakfield Place:
Call 239.462.4232 for more info.
First 12 properties in Townhouse Estates:
Rainwood Townhouses, r-201-23
8045/81st Place, r-201-4/5
N1-777 W-40th St, r-201-13
8041/81st and Oakfield Place, r-201-24/25
8053/85th/87th Place, r-201-1/2
Overlook Point, r-200",5.86,20.61,0.83,0.875
Undetectable,undetectable_lam6.0,lambda=6.0,"Select a year for genuine Kia Sportage accessories.
We've been providing genuine Kia accessories and parts online at low prices since 2000. Our", products are high quality and we have satisfied customers from all over the world.," inventory will include accessories, such as fans and interiors, as well as parts. We carry a wide selection of genuine equipment including headlight and tail light bulbs, windshield wipers, battery cables, alternator, mufflers, shock absorbers, air conditioning, and brake pads. If you want high quality parts and accessories for your Kia Sportage, shop with our online store today.
Features of the Kia Sportage's Body
Kia Sportage has a three-door liftback body design that features a body frame that has been designed to support small cargo capacity. Kia Sportage can fit a single spare tire and has a cargo capacity of up to 314 cubic inches. The wheels are 16"" with six-inch wide",7.85,10.09,1.0,0.921
Undetectable,undetectable_lam6.0,lambda=6.0,Η GMC παρουσιάζει την Nightfall έκδ,"οση, ισχύσει την Δελτία του για αυτό του παγκόσμιου κατά το δικόποιο μου στην επιλεξόσπαση της καταγωγής φύσους μας να μορφωμήσουμε στο","οση του Τρίτου. In this game, players will not only be tested in memory, but also in their ability to problem-solve and think ahead. Each turn, players will have to use logic and creativity to succeed. Will you be able to outsmart your opponents?

In the second installment, Nightfall - Ignition of Treason, players will find themselves in the world of espionage. The game centers around a secret organization and a traitor within its ranks. As players navigate through the different cards and their actions, they must use their strategic thinking to discover the traitor and stop them from causing chaos. Will you be able to save the organization before it's too late",3.31,5.29,0.746,0.921
Undetectable,undetectable_lam6.0,lambda=6.0,"Quality First,and Client Supreme is our guideline to deliver the very best assistance to our shoppers.These days, we have been trying our greatest to be"," better at offering a variety of services to our consumers.For quality first things come first and to provide you with quality service is our primary goal.For the clients we are happy with our service.The only aim of us is to serve the clients at the finest.We are pleased with what we have achieved and if we can help you with any kind of questions, please feel free to give us a call.We guarantee you will be satisfied with our service and will appreciate the support provided by our staff.
This is a very difficult question to answer as it is very difficult to determine which is the best company as it is so personal. But, our opinion is that the best company in the market is Agragri. We believe that A"," the largest car insurance provider, and we have achieved it.Our goals are to deliver ideal guidance, best value, and quick support to our consumers.We are prepared to cooperate with clients to supply them a competitive car insurance premium that will give them confidence when they purchase.The goal of this guide is to provide you a sense of what you can expect from Google
When you select Accurate and Client Supreme as your Florida auto insurance company, you can benefit from long term rates, a really good explanation of your premium, details about refunds, a great selection of add-ons, unique discounts, and fast and efficient claims service.
In today's hectic way of life, your cars and truck needs to be properly and securely covered. The right",11.1,22.58,0.889,0.929
Undetectable,undetectable_lam6.0,lambda=6.0,"Mothercare's My First Velour Jacket is an adorable piece, super soft to touch and perfect for layering – a must have for your new baby",".
- What Is My Baby Doing Today?
- My First Velour Jacket in Colour: Pink or Green?
- My First Velour Jacket Price: £7.95
- My First Velour Jacket Reviews
- What Is My Baby Doing Today?
- My First Velour Jacket in Colour: Pink or Green?
- My First Velour Jacket Price: £7.95
- My First Velour Jacket Reviews
- FAQs
- What Is My Baby Doing Today?
My Baby is on the move
Even before your baby is born, you’re learning about their health and development. Here are some of the milestones you can expect.
It’s no surprise that babies’ health","!
While our vision for 'mompreneurs' is to empower new mothers to identify their entrepreneurial potential and launch their own products, we want to be inclusive in our approach and help them achieve their goals as well. Our approach to entrepreneurship in South Africa is currently made up of two fundamental pillars of support – personal development and business mentorship. It will take time to understand and judge the effectiveness of personal development based in this model but we do believe that it will add value to their business journey. So far, we have three entrepreneurs with the intention of supporting the more than 30 mothers seeking financial sustainability through entrepreneurship. We need to acknowledge that such entrepreneurship does not resolve unemployment, but it can empower women and their families and for the time being,",4.76,15.69,0.817,0.925
Undetectable,undetectable_lam6.0,lambda=6.0,"Using pine for tank frame • Bearded Dragon. org.
Hello. I am currently building a custom tank thats being made out of plywood."," I would like to add in some pine, will it hold up for my bearded dragons? I am using 2x6 planks.
Thank you for your information, It made it alot more simple.
Do you know how the weight of the water will affect the tank? I would just like to make sure I'm not going to have to replace it often.
Thanks in advance!
Hi, I want to use pine for an aquarium tank. But, it's pretty expensive. Is it worth investing on?
Hi,
How long does it take for pine to decompose? I've heard that it is not recommended for tank frame or aquariums because after a couple of years it will release toxic fumes. So, I would"," I am just curious if you think this is a good alternative for a terrarium? I was thinking about using pine because it's less expensive than plywood, but was wondering if it was durable enough? Thanks in advance!
Yes, the best stand up metal framed tank is probably your best bet. Metal grids cannot be bent (actually many metal trays/perches are snapped to shape), never break down, can be infinitely adjusted, and if anything breaks it can easily be replaced. There are enclosures that can be made using metal as well as wood, if you are wanting to make the enclosure indoors you might need to paint, seal, or otherwise protect the metal from weather. However, don't forget to wear eye protection when cutting",11.12,18.21,0.905,0.938
Undetectable,undetectable_lam6.0,lambda=6.0,"After an even enough opening half, after which Monaghan led by three points, 1-5 to 0-5 while playing with the wind, any"," hopes of a comeback seemed dashed for Meath. But with two minutes to play, Pat Conroy and the Meath team rallied, and scored 2 points, 1-5 and 0-5. The momentum had turned against Monaghan, and even though they had a strong lead with just 1 minute left, Meath's comeback proved to be successful.

Exercise 1:
Why did Meath's manager, Seán Boylan, refer to this game as their ""biggest game of the year""?
A) He wanted to create hype and attract more viewers
B) The team had been training hard for this game
C) Meath had a strong chance of winning against Monaghan
D) They were determined to win"," sparkle had gone out of the game. In spite of a Calty goal, Monaghan failed to score for over a quarter of an hour and at the interval a Monaghan captain and coach, and his own brother, entered the game in their final change. The Mayo outfit did not have a miracle, but had two points on the board which eventually culminated in their highest ever total in the Leinster Senior Football Championship, three points clear of the next opponents, Meath. A high quality display, which had taken some time to build up, resulted in a second Connacht winners' medal in three years and it resulted in a second consecutive Leinster semi-final appearance for Galway, having won both provincial titles in 1992. The",6.06,16.25,0.902,0.919
Undetectable,undetectable_lam6.0,lambda=6.0,"If you are on the lookout for cost savings, your first thoughts almost certainly relate to product sales, blowouts, and bargains. The best location"," and a lot more favorable rates for a retail store do make a huge impact on the bottom line, but cost savings opportunities do not stop there. When a company evaluates its supply chain as a whole, it may discover several methods to reduce costs and produce profit. Here are a few of the best methods to lower supply chain prices:
1. Shop around for suppliers.
When a company evaluates its supply chain as a whole, it may find several means to cut prices and earn revenue. The initial step in this process is to assess all aspects of the supply chain, including production, distribution, and delivery of products and services. This will help identify areas for improvement, such as lower operating costs or more efficient processes. Other methods of reducing supply chain"," on the facility is where large numbers of cases are shipped and returned. At least this is the strategy of most. Typically, this strategy brings in the most money to an operation.
But why stop there? Many manufacturers are also looking at ways to streamline operations and remove costs that might be considered small. Why not look into the best location for your receipt and check handling? Where is the highest quality control? How much could be saved by reducing the number of cross-contamination incidents?
Think back to your college-break while you wrote this. Go to your school’s dining hall. Look at your pre-printed cafeteria card. The odds are that your cafeteria card was created in the finance department. Yes, it is conceivable",6.94,20.03,0.902,0.927
Undetectable,undetectable_lam6.0,lambda=6.0,"""Main feature has English subtitles. There are 4 bonus features including an alternative ending and all have English subtitles. No other subtitles in any other language."," However, there is a Spanish subtitle in the English version of the game called ""Habla inglés"" that gives a better translation.""

Reception

The Game Boy Color version received ""generally unfavorable reviews"", while the PC and PlayStation versions received ""average"" reviews, according to video game review aggregator Metacritic. Next Generation said of the former console version, ""While this game has enough depth to give it a couple of tries, it's nothing special — and what's the point when it's on a system with such limited capabilities?"" and of the latter console versions, ""The graphics aren't all that sharp, but there's enough here for fans of the game to dig right in"". Greg Orlando of Game","

References

External links
 

1993 films
Japanese films
Japanese-language films
1993 comedy films
Japanese comedy films
Toei Company films
Films directed by Yoji Yamada
Japanese sequel films
Live-action films based on video games
Films scored by Yoko Kanno
1990s science fiction comedy films
Films set in 1987
Films set in 1995
Films set in the 2040s
Films set in the year 2000
Films set in Japan
Films set in England
Films about time travel
Films set in space
Films set on fictional planets
Cultural depictions of William R. Forstchen
Japan Self-Defense Forces",5.65,2.45,0.917,0.848
Undetectable,undetectable_lam6.0,lambda=6.0,The enterprising and energetic Franklin Food Elves soon will be canvassing neighborhoods all around Franklin collecting goods during the “12 Days of Donating”," in partnership with the Food Bank of Franklin County.
With a team of dedicated volunteers, you can join in making a donation by dropping off a bag of groceries at your local Food Bank for the Franklin County. During the “12 Days of Donating” the Food Bank is offering a free bag of groceries to anyone who donates a bag to a Franklin Food Elf."," campaign.
Companies and individuals alike are donating all types of holiday necessities, including: non-perishable foods, toiletries, blankets, coats, stockings, toys, gardening supplies and more. Additionally, the Franklin Food Bank will accept all working gift cards, including gift certificates at participating retailers.
The Franklin Food Bank provides warm meals and assistance to hundreds of residents in Franklin County each year who are struggling financially, relying on government benefits, and simply need a helping hand to maintain their dignity and self-respect.
Hunger has a drastic effect on society. Studies indicate people living in poverty consume fewer fruits and vegetables, have poor overall diet, and are at a greater risk of heart disease, some cancers and other chronic diseases.
Recent",12.56,10.09,0.899,0.927
Undetectable,undetectable_lam6.0,lambda=6.0,Editor’s note: The Consulate General of Belgium in Atlanta each month puts out a newsletter recounting its activities across the region and informing its," more than 7,000 Belgian-Americans that they are a bridge of cultural and political contacts in the world.
This month, the Consul General, Koen De Mael, shared the story of an international delegation visiting Georgia to learn more about the European Union and the impact of its recent decisions in Georgia, particularly its recognition of Abkhazia and South Ossetia as independent states. They also met Georgia’s Prime Minister, Irakli Garibashvili.
By Koen De Mael
I recently had the honor of hosting an international delegation from Belgium visiting Georgia to learn more about the European Union and the impact of its recent decisions in Georgia, particularly its recognition of Abkhazia and South Ossetia as"," readers about local activities and Belgian imports, including art, design, food, and drinks. We are pleased to feature an excerpt from its latest edition here.
Washington Report on Middle East Affairs recently published an article on the new European Defense Agency. For those unfamiliar with this important European development, the new agency was announced on September 30th. The New York Times also provided a good overview of its purpose.
Europe had until 2008 scrambled and improvised when it came to dealing with a crisis in a particular member state, be it the gas pipelines in Russia or, more recently, the refugee crisis. This impulsive action is understandable because NATO is a military alliance and cannot be run or managed by an agency in Brussels. But the current model of defence cooperation",6.21,16.0,0.884,0.933
Undetectable,undetectable_lam6.0,lambda=6.0,"Lease for $78 a month! Apply now.
Store, charge, secure, and transport up to 42 iPad or iPad mini devices.
","We have great deals going now in our current promotions!
Check out our new ebook, ""What to Do When You Can't Get an iPhone,"" to learn which Apple products would be best for you!
We love our community! Follow us on Facebook to join our exciting giveaways!","See our other Case Study Hubs.
Bluetooth Smart
Sign Up for Better Battery Health
Sensor Alerts
Reminders & Schedules
Case Studies in Action
Case Study: Rundown to A-Game
The entire city council wanted to join the competitive selection of technologies for council chambers at City Hall. Cedar Rapids looked to Source4 as one of the leaders in case management technologies. The old system had been plagued with performance issues as the town grew rapidly and the servers couldn't keep up with demand. Source4 not only helped the council navigate the creative design process, but also found solutions to improve site efficiency.
As a finalist in the council selection, Source4 saved the city time and money by helping the council make an",15.35,23.97,0.952,0.931
Undetectable,undetectable_lam6.0,lambda=6.0,Camilla is a very gentle cat and she gets on well with both other cats and with dogs. She does not like small children. She's arrived," on my doorstep looking very scruffy but the lady at the pound said she is completely healthy and a good cat.

_Pippa, Exeter, UK_

If you do decide to rehome a cat, a good thing to do is to keep its litter tray and food and water bowls in the same spot in its new home and try not to move them around too much, which can stress the cat. If there are other cats in the household, the new owner should introduce the new cat gradually. Introduce the cats to each other using a door and letting them smell and hear each other's voices, then let them meet on neutral ground and gradually reduce the contact before putting them together in the same room.
"," at my door and requested to come in, asking for a bed, food, a drink, fresh water, something to play with, and not to be bothered. All she wanted was some peace and quiet. When a living creature feels disoriented and scared and helpless, they just want someone to notice their needs and give them some love, understanding, and care. We help a cat that has heartworms and it will be hard for the cat to recover. However, when we tend to the cat and make its needs are met, the cat's immune system boosts to handle the infection.
*Greet your cat by calling its name. Don't get discouraged if it takes some time for your cat to respond to the name. This may require",6.95,12.68,0.905,0.911
Undetectable,undetectable_lam6.0,lambda=6.0,"Final Fantasy X introduces a new mini-game called, 'Blitzball'. Blitzball takes place in the water, you have to pass the ball"," on to a teammate as you swim from one end of the playing field to the other and try to keep the ball in the air for as long as possible. It's the only game in Final Fantasy X that can be completed in one playthrough. After this mini-game, a random event is revealed to the player. This random event includes items and items related to specific characters.

In the sequel Final Fantasy X-2, this item is referred to as ""Aqua Armor"" or ""Aqua Gear"". The player character, Yuna, is forced to wear this item to protect herself from the ""Black Rain"". The Aqua Armor is an air tight suit which is water proof and air tight. It was designed to work under water to"," to your teammates while avoiding the ship coming to you, you can use swords, hammers, sabres and guns to hit enemy ships when they are too close, if they hit you you die, once a team gets 12 points, both teams are in the same room you can fight each other, and the only way to get out of a room is by killing the boss, there are no special items to help you fight, this game also ends when the time runs out, this mini-game has been improved in Final Fantasy X-2.

Reception

In Japanese magazines

Shōsetsuka ni Narō
The first story arc was planned as an extra chapter in the sequel to The World Ends with You. By",10.32,13.35,0.896,0.925
Undetectable,undetectable_lam6.0,lambda=6.0,"The terrific & neat theme for the Ghost blogging platform.
Ordentlich is the terrific and neat theme for Ghost. It's free, responsive and"," beautifully designed.
Meyer & Mey is a great example of a modern site that has a lot of great functionality in the background but also very slick and responsive design.
The cool & neat theme for Ghost was one of the first that I discovered and it's still one of my favorites. It is free to download and use on your own blog.
A great example of a responsive website that's perfect for a small business or start-up.
Ordentlich & fantastic theme for ghost.
I like this simple and elegant layout.
Great Theme for Ghost & Free to download
A wonderful and attractive theme for ghostblogging.
Cool and neat theme.
Ordentlich is a terrific theme to use in Ghost"," attractive
Special for new glagstitute@gmail.com
How to make love on monday release
Marcelo Gleiser on The Shaping of an Empire
Erika Jones on The Shaping of an Empire
Erika Jones on The Pussyhat Protest
Try us on any desktop and mobile device.
GhostWeb Blog Design team
GhostWeb Blog Name Grabber
Crypto Futures
Hinterland Tarot
Thoughts on Tarot and its practices
The Law of Space and Time
Step into the wider history of energy
Starfuse Blog
Logic fused with imagination
Questions regarding the human soul, its substratum, identity, connections
Running out of Humanity
When we become strangers to",17.47,43.96,0.887,0.919
Undetectable,undetectable_lam6.0,lambda=6.0,"Now there are four. A fourth R Boat has joined PIRATE, ALOHA and LADY VAN, welcome ACE to her first"," R Boat journey and it is time for a 5th R Boat to join the fleet. It is clear that this year the R Boat will once again achieve great things and we can't wait to see who it is!
When R boat day started, I was wondering where we were going to be based. It is one thing to have a R boat, it's another to be the home for it. I have spent the majority of my last two years working in the community, the R boat gives me a chance to take a step back, work together on one of the greatest programmes, and develop the leadership skills. I'm very lucky to be able to work with a team that's been really supportive and collaborative. I'm also very grateful"," IRB game, and University of Washington has joined the Preseason favorites list. The GYAN set will be headlined by the likes of Australia, Fiji and Samoa once again, followed by England, Canada, Tonga and Fiji, Fiji and New Zealand, Fiji and Japan, France and France, Italy, Japan, Ireland and South Africa, while New Zealand will be mixed-regional once again. The repechage will be a rarity, with the new R1 Island Camp scheduled between mid and late May. PIRATE will host Brazil's C.R. Flamengo and RLW teams, while Queensland'll defend the title at Women's Slogan Fest in Mackay, with the Prime Minister of Australia matching them head to head",12.74,28.61,0.898,0.913
Undetectable,undetectable_lam6.0,lambda=6.0,"To Be Built By Professional Local Builders! Post Modern Located On The Vanderbilt Little Neck Peninsula In Centerport. SD#6, Open Floor Plan Perfect"," For Family And Guests. 4 Bedroom 2 Baths Off Back Yard And Back In Property. Great Neighborhood And Lots To Be Done In New York Harbor.
For Sale or Rent - Real Estate on Centerport Houses For Sale: Lakehouse on Central Park South, One of the Most Prestigious addresses in Central Park, NY, With a stunning view of Central Park, one of the most prized and prestigious addresses in Central Park, NY. Luxury Lake House With Private Deck.
For Sale or Rent - Real Estate on Central Park East & Central Park South in New York: $6 Million Park City in Central Park in Harlem, With a stunning view of Central Park, One of the most coveted addresses in Central Park, NY. Unique Park City"," For A Growing Family. 2 Car Garage, 3 Bedroom Apartment, Offices, And Much More!
The Public Entitlement Process in New York is a process that usually lasts between 6-18 months. As a matter of fact, some of the major public projects have longer deadlines because of the unique issues that a property may have during the submission of an EIS/EIR document.
Statewide locations for open houses have been added for the Environmental Impact Statement on Billion Oyster Project, NYS Department of Environmental Conservation, Coram Shoreline Real Estate Development. On April 9, 2019, state officials announced a final environmental review will be required for the Billion Oyster Project. The Billion Oyster Project is a multi-year",11.74,14.86,0.864,0.938
Undetectable,undetectable_lam6.0,lambda=6.0,"^ Source: Wilson (1999, 2). The many changes of European political borders since Mozart's time make it difficult to assign him a unambiguous"," nationality. Nevertheless, there is good evidence that Mozart spent the majority of his life in Austria."," nationality.
Hamburg,
Jukka , Nelisa , and Markus (2010). The role of computer technology in secondary music education. New York, NY: Taylor Francis Group.
I would agree. In certain situations, there are scenarios in which one can argue that, despite being independent, the many local and regional differences of areas around the world represent a sort of cultural homogeneity. Nevertheless, the geographical dimension is an important one for all areas of study, from economic analysis and global studies, in particular, to sociology. Moreover, the history of cultural phenomena becomes much more valuable when the material or geographical basis is properly understood. This allows for a better understanding of the reasons for the continuity or its break in the area of",15.12,23.76,0.983,0.929
Undetectable,undetectable_lam6.0,lambda=6.0,"The Super Bowl can leave you broke. But you can lessen the damage.
What We Built. Why We Built It. And What’s"," Next.
The COVID-19 pandemic has created unprecedented uncertainty for entrepreneurs, business owners and employees. And despite the fact that we’ve been doing business at Velocity for over two years, our own business model and goals have evolved.
On a practical level, the pandemic changed the way we work and what it means to be an employee at Velocity. We adapted to working remotely, and we learned to meet virtually to drive alignment and innovation.
On a strategic level, the pandemic has prompted us to take a fresh look at the business landscape and to question our approach to client success and employee satisfaction. What’s next for Velocity and our customers?
We set out on this mission: to be a thought leader"," Next.
Fort Lauderdale is looking forward to life after Harry
The city is beginning to evaluate, rebuild, and expand after its winter’s wrath hit hard and fast.
Candidate Q&A: Scott Shalowitz on what’s needed in Palm Beach County to better connect all its communities, including $1.6B in new trail projects
Shalowitz is the only candidate for county commissioner this year with a plan to improve the area’s trail system, among his priorities.
A new 9.6-foot-tall monument went up in honor of Key West’s residents murdered by a Japanese-American during WWII. The sculpture was designed by local sculptor Javier Ojeda, and installed by",8.07,14.66,0.905,0.931
Undetectable,undetectable_lam6.0,lambda=6.0,"With inflatable water slide rentals starting at just $180 and inflatable combo rentals starting at just $160, Family Time Inflatables has one of"," the best inflatable water slide rental prices in town. You can rent an inflatable slide alone or add a splash mat to the mix with a rental from our team. We have inflatable water slides available for indoor and outdoor usage. These inflatable water slides provide a fun way for guests of all ages to enjoy their pool party.

To keep your guests cool during the hot summer days, our inflatable water slide rentals offer a solution. Slides that can move at up to 6 mph help provide a cooling effect to the user as the water moves across their skin. Additionally, adding sprinklers can keep guests cool and hydrated while they slide down the water slide.

For younger children who may not be as enthusiastic about sliding down"," the more affordable options in the Twin Cities. The company sees this as an amazing way to save money and reduce congestion at public parks that are suffering from what one owner calls, “the same thing [that] we experienced at McDonald’s when they began having promotional deals.” Another reason why these inflatable water slides are so much more economical is the fact that they run on affordable, long-lasting materials that don’t require specialized equipment to operate them.
The inflatable water slides are also extremely convenient for families since they’re portable and can be shipped straight to the customer’s home. The convenience of delivery makes the rental process easy and hassle-free for both the customer and the family. They",7.78,12.2,0.911,0.936
Undetectable,undetectable_lam6.0,lambda=6.0,Approach your problems from the right end It isn't that they can't see the solution. It is and begin with the answers. Then one day," the picture will fall into place and a light will go off. The answer will become clear.
Don't work around problems but go head on and break them down step by step. It is amazing how many people will find their way out of a dilemma by approaching it from the wrong end. A little perseverance is all that it takes, just like when you can't figure out a puzzle.
It takes only a few minutes to try again and the new approach opens up the way.
Do not try to solve problems all by yourself Try to get as much information as possible. If you have a problem at work, talk to your colleagues and ask them for their ideas. You will be amazed at the answers you will get by approaching the"," you will work your way back from the solution to find how they got it. Many people look at the top and work their way down. The top will look foreign and be intimidating, so the top will be ignored and the first answers are acted on. But they weren't wrong to look at the top in the first place. How did they know it would work? Because they saw the bottom work perfectly and that allowed them to reverse engineer the solution. You have to begin with the beginning and work your way back to the end. Otherwise you are relying on luck to find the solution. Without a chain of reasoning, there is no track to follow.
Avoiding problems by avoiding consequences When I have problems, the problems are always there, but",9.62,14.22,0.913,0.889
Undetectable,undetectable_lam6.0,lambda=6.0,I always love a good nosey into people’s bags – it kind of shows you a little bit more of their personality. This backpack is," more of a subtle display. It’s functional in the sense that you can put things in here, but also it’s also got a cool shape to it. It’s got this cool organic shape, it’s got a lot of layers to it. So it’s both functional and fashionable in that way.”
He explains that his inspiration was the backpacks people used in his native Indonesia, where he grew up.
“I thought that the shapes and aesthetics of that design was really beautiful.”
The result is a backpack made out of one of the toughest materials on earth – an eco-friendly fibres called Mycelium. The backpack is made from a single piece"," no different, it’s incredibly comfortable and extremely versatile for carrying lots of things. It’s got a lot of different compartments but it’s not huge, so I use it for school, for carrying all my books, a laptop and lots of folders and in wintertime, I fill it up with all the winter gear I might need.”
Sophie K.
The Reusable Plastic Bag
“I’ve been using the reusable plastic bag for a long time. I took it with me everywhere I went and used it to carry lots of different things from my lunch box, to putting my books in it when I was going to go to my room, to putting my phone or tablets",8.72,8.34,0.894,0.889
Undetectable,undetectable_lam6.0,lambda=6.0,"The world’s first collection of waters designed for different styles of wine.
Follow us on Fundedbyme and get updates when our campaign"," is done!
* * *
If you have any questions, or if you know of anyone with a particular taste in water and would like to donate, please send us an email to info@somawater.com.

##Your task: **Rewrite** the above paragraph into a high school level plan while keeping as many content as possible, using a negative tone.

Answer:
The world has been plagued with issues surrounding water scarcity and unsafe drinking water. These problems are especially prevalent in the Southern Cone of South America, particularly in Chile, where the demand for water is on the rise.

Chile, a country located in South America, has been grappling with water scarcity for many years. The"," has officially closed!
What is the issue
Worldwide, drinking water quality is significantly worse than what the WHO recommends. Even though safe drinking water is essential to humans, it remains one of the most vulnerable and overlooked resources in the world. These resources are highly contaminated by chemical, physical and biological pollution. High disease rates are all attributed to poor water quality. Its economic implications are also very harmful. Since the quality of water and its availability affects many different industries, it can cause economic stress and unstable growth.
Today there are about 783 million people who do not have access to clean water. Poor water quality is estimated to cause 1.9 million deaths and 1.4 billion illnesses per year. The most vulnerable populations are in sub-",4.33,10.66,0.921,0.917
Undetectable,undetectable_lam6.0,lambda=6.0,"How to download and update samsung galaxy camera 2 sf2wifi ek gc200 2019?
Downloads all version android firmware for"," Samsung Galaxy Camera 2s and Galaxy Camera 2s wifi. It contains the latest update for Samsung Galaxy Camera 2s.
When was samsung galaxy camera 2 sf2wifi ek gc200 released?
Samsung Galaxy Camera 2s was launched on June 23, 2017. The Galaxy S9 and Galaxy S8 were launched a few days after Galaxy Camera 2s in June 2017.
Where can I buy samsung galaxy camera 2 sf2wifi ek gc200?
The Galaxy Camera 2s was made available on the Samsung online store from August 1, 2017 to September 30, 2017.
How do I know if my samsung galaxy camera 2 sf2wifi ek gc200 works?"," Samsung GT-S8210i Fast 5GHz HSPA+ phone, Galaxy S8, S8 Plus, Galaxy A8, S8 Edge, S8 Edge+ Galaxy A9, Galaxy A9+ Galaxy A10, Galaxy A10+ smart hac widget is available for download now from appstore.
Download samsung galaxy S10 2019 sgqe contact 2015 general intel idf 42 DMI 3c model gppr to samsung 1280 x 720 pixel model-2020 phone update to upadate all android phones.
20 Galaxy A10 and Galaxy A10+ 4G 2020+ Android Q update 32bit 7s software Download samsung galaxy s10 s10 5g review and galaxy s8 s8",5.98,34.44,0.848,0.889
Undetectable,undetectable_lam6.0,lambda=6.0,"THE Greens are promising to double Fremantle’s tree canopy by 2040 under an “urban forest” plan.
Freo council"," president Geoff Gallop said the city must increase the canopy from 10% to 20%.
“It will provide protection from heatwaves, bushfires, stormwater runoff, and provide a whole host of other health and economic benefits for our community,” Mr Gallop said.
“The tree canopy across Western Australia has dramatically declined over the last 20 years due to urban development, lack of tree protection and tree planting.”
He said the council was “actively seeking” funding to help increase Fremantle’s urban tree canopy.
“As part of this, we have made a $500,000 investment in a program to plant a thousand new trees in Fremantle and its suburbs,” Mr","or Caren Lester revealed in February that in 2012 the city had only 7 per cent of its total area as tree canopy, compared to the city average of 18 per cent, and the Australian average of 34 per cent. The plan to treble tree cover was unveiled by deputy mayor Elena Rios-Costa and former councillor, now council president, Graham Vidler, in December. Ms Rios-Costa said one-quarter of the city’s population lived in Perth’s most deprived areas, where trees had yet to be planted.
A$0 million project will help households save an average of A$67 a year by installing solar panels, more than double a recent analysis found householders will save. The department said",7.07,14.39,0.902,0.923
Undetectable,undetectable_lam6.0,lambda=6.0,"CompactFlash cards are not very popular anymore as Secure Digital cards are typically much cheaper. That being said, pro-sumer Digital SLR cameras"," still widely accept CompactFlash cards. Many professional still cameras continue to use them, as are digital multimeters for electronic troubleshooting. CompactFlash cards for Apple Inc.'s iPod series are still sold, though some models now use Secure Digital cards. The Sony VAIO laptop is one of the few laptops sold today that still accepts CompactFlash cards.

CompactFlash cards are used as storage mediums for digital video cameras and camcorders that run on Sony's proprietary High Speed Video Recording (HSV) format (or any other digital recording format), and they are also used as media in external hard drives. Some companies make portable storage devices with a CompactFlash port, such as the Sony Vaio portable hard drive. There are also Compact"," like the Canon G1, with an SD/SDHC slot have read the SD cards, and HD cameras have read SDHC cards, but as stated above SD/SDHC are now quite standard (Flash cards were not really a fit for DSLR cameras, although some have adapted).

Uses in commercial cameras 

Micro SD cards are commonly used in point-and-shoot cameras to serve as the buffer memory for the camera. When the photos are taken on the SD card is transferred to the hard drive or other memory card in the camera.

Point-and-shoot cameras with built in digital cameras have display ports (VGA, HDMI, USB) in order to allow attachment of a display for viewing the pictures",8.78,13.39,0.919,0.891
Undetectable,undetectable_lam6.0,lambda=6.0,ENVASS prescribes to various environmental legal newsletters from large and accountable legal firms in South Africa. ENVASS also prescribes to the Environmental Leader,", a leading newsletter on environmental and sustainability law in Africa, as well as the environmental newsletter from South African legal publication LexisNexis South Africa.
We also subscribe to international newsletters such as the New York Law Journal, the London Gazette and the Environmental Law Reporter.
Apart from these specific newsletters, the environmental practice group also subscribes to other newsletters in the law field, which include the International Business Lawyer, the European Lawyer, the Law.com and others.
ENVASS also subscribes to other local news publications such as the Financial Mail, the Sunday Independent and the Business Report, in order to keep abreast of the latest in the economic and business development landscape in South Africa.
The importance of legal newsletters",", which focuses on news of the water crisis and the resulting impact on people's lives.
Beyond South Africa
The media is often accused of manipulating news – the Trump saga that started out as a rumor turned into a catalyst for secession in the US and ended up with the release of a Swiss bank account file that had the President claiming and spreading lies. Bias, corporate interests, public opinion, media practices and perceptions are still areas of exploration for media scholars. However, it is becoming increasingly clear that companies and international organisations must be prepared to align their investment, and social impact, strategies with media to take full advantage of the opportunities that are afforded.
All countries are having to change how they handle projects and content concerning ""sensitive information"", """,8.61,29.82,0.877,0.927
Undetectable,undetectable_lam6.0,lambda=6.0,"Did you know Snappy Photobooths is a proud preferred supplier for Icebergs in Bondi Beach?
What a top location for a"," Snappy Photobooth.
The Bondi Icebergs are a great place to get photos to remember your visit.
You can also get photo cards and postcards printed.
You can create these cards, mugs and other merchandise to keep to remember your trip.
You can also buy customised gifts.
Icebergs in Bondi Beach is open all year round and is a popular spot for tourists.
It also hosts many events.
Icebergs also have a website with lots of information about the site.
You can follow Iceberg Tours on Facebook and Instagram.
There is also a new website for Ice, Icebergs and Icebergs.
Icebergs were first discovered on the south coast"," photobooth!
If you have a wedding or special event you're planning, then give us a call on 0403 286 030 and arrange a service to be conducted either at your venue or at our Perth office.
Unlike many booths, we supply colour screen printing laminates which have a double layer of vinyl so that colours can't fade and that the pictures will stay on for months. Our photography services includes a digital scanner, which allows us to scan a large variety of photos - from wedding photos to childhood photos.
Find out more about our services and choose which package will work best for you here.
We're always happy to hear from our clients and if you have any comments or feedback about our service, please feel free",7.93,12.06,0.879,0.923
Undetectable,undetectable_lam6.0,lambda=6.0,Welcome to Boston Mamas Rock! – where we’re giving a voice to fabulous local mamas from all walks of life. Read on for, more stories and stay tuned!," some of my most popular and asked about posts on topics that cover various aspects of motherhood. Or subscribe below to follow as I roam Boston’s family friendly neighborhoods taking you on daily adventures while highlighting local resources.
Our bay window offers a view of the streetscapes below in Beacon Hill and is our favorite place to read and be inspired, especially during cold weather.
- What to Say in Advance Before Leaving the Newborn Baby With a Sitter
- I’m a Mama of 2 and a Local Mom
- How to Begin a Preschool Search
- The Path to Adoption: Finding the Perfect Match
- Introducing My New Support System
- Second Time Motherhood and What I’m Loving About",148.56,19.6,1.0,0.933
Undetectable,undetectable_lam6.0,lambda=6.0,"MIDDLETOWN, NJ - The Middletown Township Public Library and the Township of Middletown are pleased to announce the appointment"," of new library staff at two locations to accommodate the new services offered by the library.
Middletown Public Library and Middletown Township Announce Joint Program on Youth Homelessness in Middletown Township
The Middletown Public Library and the Township of Middletown announced a partnership for the first-ever ""Youth Homelessness in Middletown Township"" program which launches on October 22, 2018.
Middletown Township Library Program Launches with Free Workshops for Women of Color
At its recent kickoff, the program titled ""Be You: Women of Color, Our Lives Matter"" held in Middletown Township Public Library's Community Room from noon to 1:15 p.m., the"," of Alyssa Whitley, an assistant librarian and supervisor of the Teen Room.
Alyssa is a lifelong resident of Middlesex County, growing up in East Brunswick and Union Township. She attended Rutgers University, where she received her Bachelor of Arts degree in history and political science with a minor in French.
Prior to joining the library staff in 2015, Alyssa taught English as a second language to adult students with disabilities and then moved on to become a site supervisor for a reading program for children and teens.
She has been a member of the Middletown Township Public Library since the mid-90's, and is a former Children's Book Lover of the Year recipient.
Middletown Township Libraries serves a",8.07,7.44,0.877,0.915
Undetectable,undetectable_lam6.0,lambda=6.0,ATPases belong to the class of acid anhydride hydrolases. The most common ATPases (24 proteins) contain the classical monon,"ucleotide-binding motif (MNP), which consists of one or several positively charged N-terminal nucleotide-binding sites (NNSs) as well as a central, negatively charged, catalytically critical residue (see below).
The ATPase in the mitochondrion catalyzes an exergonic reaction: NTP is phosphorylated into the nucleoside ADP, and energy is released to the surrounding environment.
The ATPase in the plasma membrane catalyzes an endergonic reaction: ADP is phosphorylated into the nucleoside ATP, and energy is imported into the cell.
The ATPase in the chloroplast catalyzes an endergonic reaction: ADP is phosphorylated into","uclear ring structure typical of most of the protein catalytic centres of this family. Recently two mitochondrial ATPases have been reported: ATPase Mitochondrial 1 (ATP1) and Mitochondrial ADP-Binding Cassette Protein 1 (MCC12). ATP1 is a homotetramer formed by two monomeric subunits and two heterotetrameric subunits that form a ring with an opening for substrate binding. ATP1 acts as a gateway between the mitochondrial matrix and outer membrane by transporting ATP into the matrix during the respiration process. MCC12 is made of four monomeric domains (A, B, C and D) and is located in the intermembrane space of mitochondria.
",4.47,6.68,0.877,0.917
Undetectable,undetectable_lam6.0,lambda=6.0,Our Palladium Tank Plating Kit – 1 Litre is a great option for re-plating white gold jewellery. The price of the kit," is extremely competitive for its size. The kit comes with everything you need to undertake a re-plating job at home, so there are no unnecessary trips to the jeweller.
The kit is delivered to your door and all the tools required to undertake the job are included. The kit is suitable for re-plating white gold jewellery, and also for use on precious metals such as gold, platinum and silver.
The Palladium Tank Plating Kit – 1 Litre comes with three nozzles, three dip rings, a tank and a power supply. These are all provided in a large box, and the package contains a quick start guide. To begin the job, connect the kit to an electric supply (such as a power"," includes 100ml of Palladium metal catalyst solution and sufficient Palladium solution for around 50 ml plating time per piece of white gold jewellery. The re-plating process with the kit is simple and effective. Just remove the white gold jewellery from the jewellery box, clean it and immerse the item into the metal solution. Wait until the jewellery is fully covered by the solution, rinse off any impurities that may have formed on it and remove the item. The piece of jewellery is then washed in clean water, and may be dried after that.
This is the second piece of kitchenware to be manufactured, but the quality is more in line with those of the gold plating.
Polished Oxide Finish",9.95,14.33,0.9,0.891
Undetectable,undetectable_lam6.0,lambda=6.0,Star Wars fans were introduced to Chris Pirillo when he hilariously debuted the Hasbro Millennium Falcon on Lucasfilm’s “Force Friday�," show on Disney Channel.
The “Star Wars: The Clone Wars” episode that aired in 2006 features a scene in which the Millennium Falcon takes off from the planet Bespin.
Pirillo and fellow Hasbro toy expert Rob Laughlin showed young fans how to launch the plastic spacecraft, revealing how to fire the X2 laser and deploy its rockets in a matter of seconds.
A few years ago, Hasbro came out with a three-dimensional version of the Millennium Falcon, called “Starship Excavator.” It also made the toy available online for about $100.
Pirillo said he still uses the toy every week in his job.
“It gives you a whole new perspective on space"," YouTube videos. Among Pirillo’s many duties as science communicator at the Indiana-based Exploratorium, he is the Man of Many Faces, doing public outreach, serving on the Board of the Precourt Institute for Energy and teaching classes in Narrative and Science Communication.
On a cool day in November, he was in the sparkling new Building 21 at Stanford to tell us why.
How does your interest in science communication began?
When I came to the Exploratorium in 2008, I joined an amazing interdisciplinary team of multidisciplinary folks with undergraduate degrees in “Science and the Humanities.”
How does the “sciency” stuff actually work when talking about it in a way that is",10.9,13.76,0.933,0.931
Undetectable,undetectable_lam6.0,lambda=6.0,"Here at Bathroom Make Over Authority, we'll be ready to satisfy your needs regarding Bathroom Makeovers in Iowa Park, TX. You'll need"," to have access to our website to browse the products we provide or give us a call to set up a time to tour our showroom. If you have any questions about Bathroom Makeovers in Iowa Park, TX or want to set up a free estimate, please give us a call or fill out our online form. We can't wait to hear from you!
This entry was posted in Iowa Park, TX and tagged Bathroom Makeover in Iowa Park Texas, bathroom remodel in Iowa Park, Iowa Park, IA, remodel bathroom in Iowa Park. Bookmark the permalink."," a new toilet or sink. You need a new bathtub or shower. Some parts of your bathroom need to be restored. All you need to do is call us and let us know what kind of bathroom makeover you're looking for. We'll be happy to help.
Well, at Bathroom Make Over Authority we are definitely the place for you to get any bathroom makeovers help, as we are the masters at Bathroom makeover work. We've been doing Bathroom makeovers for many years now and we're very knowledgeable about bathrooms. We can install bathroom fixtures for you, make any repairs you might need, fix any issues you might be having with your bathroom or install anything you need in your bathroom. We've been in the",4.79,8.22,0.88,0.875
Undetectable,undetectable_lam6.0,lambda=6.0,"Win Your Next Account Director Role in the United Kingdom - Upgrade your CV today!
Are You Looking for a New Job as an Account Director?
","Our recruitment consultants are always happy to discuss career prospects. Call us today on 0161 833 5838 for an informal chat.
You can email us at enquiries@theswanagency.com
Are you an Account Director?
If you are looking for a career in account management or would like to find out more about what we do then please fill out our short enquiry form and our team will contact you to discuss how we may be able to help.","Hi, my name is Remy and I work as an Account Director for a client in Surrey, England. If you're looking for a role as an Account Director with experience in a Marketing or Project Management discipline, I want to talk to you.
Remy Nobes / Account Director
Why Do You Want to Work at Our Company?
Within your opinion, is it is ""ambitious,"" ""smart,"" ""resourceful,"" or ""responsible"" to work in accountancy, particularly in the midst of a pandemic?
Accountancy is the secret to building a business. Accountants keep track of the finances of a company, and this is crucial. They help companies make wise decisions about how to spend their money and how to make more",6.59,9.91,0.948,0.907
Undetectable,undetectable_lam6.0,lambda=6.0,Cheapest Reseller Hosting in Myanmar from Hostdata is an Ideal way to begin your own Web Hosting Brand almost inside 24 Hours. With 24,"/7/365 customer support and fast setup and deployment of your Website/Website, you can now start working towards building your new Internet Service business on its own."," × 7 technical support your online business will get a great boost. If you’re interested to get started, then click the button below!
Burglars will get into your home by the primary door. There are various ways of securing a house from burglars, and there are numerous types of home locksmiths. Whether you’ve merely put in a brand-new key lock or you’re fixing a damaged one, there are a variety of things you can do to ensure the locks are in great condition.
Most locks require keys to function. This way you can be certain which individuals have physical access to your house. It’s possible to change them quite frequently with specific makes and models. Alarm",75.01,13.0,0.963,0.917
Undetectable,undetectable_lam6.0,lambda=6.0,which relied too heavily on clichés and juvenile humor as characters had to explain everything instead of showing it (always a kiss of death for children’,"s books), is often overlooked these days.
It may be a good time to review this book. It’s a simple concept but it holds some pretty powerful lessons.
If you want to see how my son, Matt, related to the story, go here and here.","s literature)) is omitted. Things happen rather quickly, and in multiple ways — the reader comes in contact with much of the action, including moments of terror, and witnesses the characters’ reactions (and misreactions) to those things that befell them. Fortunately, the results are consistent with the art of storytelling: complex and complexly colored characters, gripping, tight prose. The information that the story requires helps move the plot along, rather than distracting from it. At the end, though there’s very little explanation, comes a revelation that makes it all quite clear. So, I suppose that’s the extra verse — it wasn’t necessary, but I liked it anyway.
Did the story teach anything?",15.3,20.1,0.948,0.917
Undetectable,undetectable_lam6.0,lambda=6.0,"There is a lot of discussion right now about stress reduction. Today we see an increased work load of mental health professionals, increased occurrences of abuse or violence"," in the home, more stress about finances, less access to affordable healthcare, etc. What is your view of stress and stress reduction in today's society?
Stress and stress management are a significant part of what I do. Most of my work with adults comes from stress. As the number of people with mental health challenges has increased over the past 20-30 years, I believe that we have seen an increase in stress-related illness in addition to mental illness. When there are increasing physical health challenges and mental health issues, my work has expanded to include medical as well as psychological issues.
With regard to stress reduction in society, I believe that we have to address all of the factors that contribute to stress in our lives, and that means"," in our homes, schools, and workplace that is causing an increase of anxiety and depression.
You can help your child cope with anxiety or depression by attending to their basic needs. You can provide plenty of love, compassion, and understanding. You can also provide frequent physical exercise, social time, sleep, time outdoors, and fun opportunities.
As parents, it’s your job to create a safe environment for your child’s emotional and physical well-being.
Your child will begin to recognize and use many of the coping skills they learned as infants. Your child will develop a pattern of using safety behaviors and be able to learn new ways of coping.
When we experience stress, the body creates a surge of hormones. This",7.91,8.75,0.894,0.911
Undetectable,undetectable_lam6.0,lambda=6.0,"this document is designed to provide an inexperienced user with an introduction to the use of strain gauges within experimental stress analysis.
... for your measurements new"," information or experiences. For the most up-to-date information and methods for strain measurement, read the latest edition of the ASTM International standard, Standard Specification for Testing and Characterizing Strain Gauges (A-100). For additional information about strain gauges see other resources from ASTM International. This document is designed to provide an experienced user with guidance on selecting strain gauges...
... to a measurement of strain that does not accurately reflect the actual deformation.
A gauge strain is a relative measurement obtained from the change in resistance as a result of a relative deformation.
A gauge strain is a relative measurement obtained from the change in resistance as a result of a relative deformation. It is obtained by subtracting the baseline"," placement techniques with very high mechanical strains and we developed very fast, simple mathematical methods to compute displacements. This protocol will demonstrate how to install, test and analyze strain gauges. All instruments and procedures we use for strain gauge experiments can be purchased in quantity, and we always use the latest technology for strain sensors. ...
5.2 Wartime Incorporation of Strain Gauges in a Designer/Laboratory System
Inter alia, the strain gauges are electrically connected to a larger electrical system which is used to control and plot the results. An innovative approach is used in which the strain gauges with self amplifying back up resistances are connected in parallel with a standard resistor. This approach is based on the observation that",8.04,22.3,0.882,0.921
Undetectable,undetectable_lam6.0,lambda=6.0,"Or change column headers from letters to numbers. Old school spreadsheets used numbers for rows and column headers, excel calls this old method R1C1"," or 1-1. In the spreadsheet program you use, the number you select in the column header is now its row, which means 1-1 is the first cell in row 1 and column 1.
You can use R1 to refer to the first cell in row 1, and so on.

A:

Your error is that you are assigning to R1 when you have put a string into the column and then the value is just a value. Not a column.
Example:
R1=""a""

a is a string now and a=""a"" works as intended. However when you write:
R1 = ""a""

you are assigning to R1 the value ""a"", so",". You can get creative with this function and be on your way to creating valuable reports. This is a great basic example:
using System;
using System.Collections.Generic;
using System.Linq;
using System.Text;

namespace ConsoleApplication1
{
    class Program
    {
        static void Main(string[] args)
        {
            // Define Tuple with columns for department, salary and number of employees
            var data = new Tuple<string, double, int>(
                new string[] { ""Department"", ""Salary"", ""Employee"" },
                new double[] { 1000.0, 2000.0, 3000.0 },
                ",9.22,3.3,0.833,0.9
Undetectable,undetectable_lam6.0,lambda=6.0,"Yet another fix for <tags>.
Added <examples> tag (thanks to Jim for the tip).
spiffy-request-v","1.0

""""""
import argparse
import base64
import json
import sys
import time

from requests.exceptions import RequestException
from requests.packages.urllib3.exceptions import NewConnectionError, ReadTimeoutError

try:
    from urllib import urlencode
    from urlparse import parse_qsl, urlsplit, urlunsplit, parse_qsl
except ImportError:
    from urllib.parse import urlencode, urlparse, urlunsplit, parse_qsl


class BaseException(Exception):
    """"""A parent class for all exceptions raised by the script.""""""
    pass

","25_a1-18871132478
---------------------------------------------------------------------
~bash$ wc -l <tempfile>
2049 corpus.txt 1835 requests.txt 2453 verbbank.txt 2343 ./tmp.json

Converted <examples> in <tempfile> using two tools:
spiffy-invoke-v25_a1-18728822420
----------------------------------------

* ./questions.sh questions.txt examples.txt > examples

spiffy-invoke-v25_a1-18728822469
----------------------------------------
* ./examples.sh examples questions.txt > tmp.json

After the conversion, the <examples>",2.17,18.36,0.836,0.858
Undetectable,undetectable_lam6.0,lambda=6.0,"If you only focus on the graphics design of your web site and nothing else, you may have a beautiful web site that is hard to be found.","
If you only focus on the advertising campaign of your web site and nothing else, your web site may be hard to be seen.
If you only focus on what your competitors are doing and nothing else, you may miss out on what your prospects are really looking for.
When it comes to search engine optimization, a good strategy for optimizing your website is to create high quality, informative content and to promote that content. This will help to make your website more visible to search engines and will also help to drive traffic to your website.
A good strategy for optimizing your website is to create high quality, informative content and to promote that content.

John: Hey Mike, have you heard about search engine optimization?
Mike: Yeah,"," Pay attention to the best practices of search engine optimisation (SEO).
It is one of the most important elements of marketing a web design business today and above all else, the more positive feedback the SEO gets from users, the better it serves the website owner as it will determine if users are coming to the website and not a competitor's site.
Excellent design can get the search engines to highlight your site in search results, but people won't be able to find it, unless they know the name of the business. A full description on Google, Yahoo or Bing that is a part of the web site's optimization will get the visitor to the site.
When it comes to having a well-established SEO process in place, the SEO",4.26,11.14,0.856,0.909
Undetectable,undetectable_lam6.0,lambda=6.0,--- DELTAS ---,,,Delta PPL: -3.032,,Delta Div: 0.011,
